<?xml version="1.0" encoding="UTF-8"?>
<kml xmlns="http://www.opengis.net/kml/2.2" xmlns:gx="http://www.google.com/kml/ext/2.2">
<Document>
<name>SP-NRD track combined</name>
<description>SP-NRD</description>
<Style>
<IconStyle>
<Icon>
<href>http://maps.google.com/mapfiles/kml/shapes/airports.png</href>
</Icon>
</IconStyle>
</Style>
<Placemark>
<altitudeMode>absolute</altitudeMode>
<extrude>1</extrude>
<gx:Track>
<when>2024-05-08T09:05:07.410Z</when>
<when>2024-05-08T09:05:10.360Z</when>
<when>2024-05-08T09:05:14.930Z</when>
<when>2024-05-08T09:05:18.270Z</when>
<when>2024-05-08T09:05:21.290Z</when>
<when>2024-05-08T09:05:23.330Z</when>
<when>2024-05-08T09:05:25.280Z</when>
<when>2024-05-08T09:05:27.450Z</when>
<when>2024-05-08T09:05:29.000Z</when>
<when>2024-05-08T09:05:30.850Z</when>
<when>2024-05-08T09:05:32.800Z</when>
<when>2024-05-08T09:05:35.320Z</when>
<when>2024-05-08T09:05:36.860Z</when>
<when>2024-05-08T09:05:38.100Z</when>
<when>2024-05-08T09:05:39.970Z</when>
<when>2024-05-08T09:05:42.010Z</when>
<when>2024-05-08T09:05:43.670Z</when>
<when>2024-05-08T09:05:45.640Z</when>
<when>2024-05-08T09:05:48.000Z</when>
<when>2024-05-08T09:05:51.200Z</when>
<when>2024-05-08T09:05:57.390Z</when>
<when>2024-05-08T09:06:02.190Z</when>
<when>2024-05-08T09:06:07.900Z</when>
<when>2024-05-08T09:06:13.100Z</when>
<when>2024-05-08T09:06:23.400Z</when>
<when>2024-05-08T09:06:27.840Z</when>
<when>2024-05-08T09:06:31.500Z</when>
<when>2024-05-08T09:06:36.520Z</when>
<when>2024-05-08T09:06:49.080Z</when>
<when>2024-05-08T09:06:53.370Z</when>
<when>2024-05-08T09:06:56.200Z</when>
<when>2024-05-08T09:06:59.490Z</when>
<when>2024-05-08T09:07:08.300Z</when>
<when>2024-05-08T09:07:19.860Z</when>
<when>2024-05-08T09:07:31.660Z</when>
<when>2024-05-08T09:07:38.220Z</when>
<when>2024-05-08T09:07:45.120Z</when>
<when>2024-05-08T09:07:48.840Z</when>
<when>2024-05-08T09:07:52.790Z</when>
<when>2024-05-08T09:07:56.330Z</when>
<when>2024-05-08T09:07:58.880Z</when>
<when>2024-05-08T09:08:02.050Z</when>
<when>2024-05-08T09:08:05.520Z</when>
<when>2024-05-08T09:08:08.350Z</when>
<when>2024-05-08T09:08:11.630Z</when>
<when>2024-05-08T09:08:15.070Z</when>
<when>2024-05-08T09:08:18.180Z</when>
<when>2024-05-08T09:08:22.550Z</when>
<when>2024-05-08T09:08:26.480Z</when>
<when>2024-05-08T09:08:29.550Z</when>
<when>2024-05-08T09:08:33.260Z</when>
<when>2024-05-08T09:08:41.340Z</when>
<when>2024-05-08T09:08:47.010Z</when>
<when>2024-05-08T09:08:53.790Z</when>
<when>2024-05-08T09:09:03.640Z</when>
<when>2024-05-08T09:09:10.610Z</when>
<when>2024-05-08T09:09:17.450Z</when>
<when>2024-05-08T09:09:24.210Z</when>
<when>2024-05-08T09:09:32.150Z</when>
<when>2024-05-08T09:09:44.910Z</when>
<when>2024-05-08T09:10:04.630Z</when>
<when>2024-05-08T09:10:14.890Z</when>
<when>2024-05-08T09:10:24.400Z</when>
<when>2024-05-08T09:10:32.900Z</when>
<when>2024-05-08T09:10:35.260Z</when>
<when>2024-05-08T09:10:42.050Z</when>
<when>2024-05-08T09:10:58.960Z</when>
<when>2024-05-08T09:11:03.880Z</when>
<when>2024-05-08T09:11:09.820Z</when>
<when>2024-05-08T09:11:21.390Z</when>
<when>2024-05-08T09:11:34.140Z</when>
<when>2024-05-08T09:11:45.500Z</when>
<when>2024-05-08T09:12:01.900Z</when>
<when>2024-05-08T09:12:09.500Z</when>
<when>2024-05-08T09:12:18.170Z</when>
<when>2024-05-08T09:12:32.570Z</when>
<when>2024-05-08T09:12:51.660Z</when>
<when>2024-05-08T09:13:04.430Z</when>
<when>2024-05-08T09:13:10.090Z</when>
<when>2024-05-08T09:13:21.210Z</when>
<when>2024-05-08T09:13:32.460Z</when>
<when>2024-05-08T09:13:35.750Z</when>
<when>2024-05-08T09:13:38.540Z</when>
<when>2024-05-08T09:13:42.320Z</when>
<when>2024-05-08T09:13:46.030Z</when>
<when>2024-05-08T09:13:50.920Z</when>
<when>2024-05-08T09:13:57.400Z</when>
<when>2024-05-08T09:14:13.830Z</when>
<when>2024-05-08T09:14:17.530Z</when>
<when>2024-05-08T09:14:30.360Z</when>
<when>2024-05-08T09:14:50.280Z</when>
<when>2024-05-08T09:15:07.380Z</when>
<when>2024-05-08T09:15:19.390Z</when>
<when>2024-05-08T09:15:24.230Z</when>
<when>2024-05-08T09:15:38.970Z</when>
<when>2024-05-08T09:15:57.700Z</when>
<when>2024-05-08T09:16:10.220Z</when>
<when>2024-05-08T09:16:24.680Z</when>
<when>2024-05-08T09:16:44.660Z</when>
<when>2024-05-08T09:16:58.080Z</when>
<when>2024-05-08T09:17:11.040Z</when>
<when>2024-05-08T09:17:30.960Z</when>
<when>2024-05-08T09:17:42.380Z</when>
<when>2024-05-08T09:17:54.870Z</when>
<when>2024-05-08T09:18:14.660Z</when>
<when>2024-05-08T09:18:33.070Z</when>
<when>2024-05-08T09:18:52.060Z</when>
<when>2024-05-08T09:19:04.850Z</when>
<when>2024-05-08T09:19:20.730Z</when>
<when>2024-05-08T09:19:36.300Z</when>
<when>2024-05-08T09:19:50.880Z</when>
<when>2024-05-08T09:20:01.860Z</when>
<when>2024-05-08T09:20:07.490Z</when>
<when>2024-05-08T09:20:27.110Z</when>
<when>2024-05-08T09:20:34.890Z</when>
<when>2024-05-08T09:20:40.020Z</when>
<when>2024-05-08T09:20:52.800Z</when>
<when>2024-05-08T09:21:12.470Z</when>
<when>2024-05-08T09:21:24.130Z</when>
<when>2024-05-08T09:21:33.250Z</when>
<when>2024-05-08T09:21:36.770Z</when>
<when>2024-05-08T09:21:40.810Z</when>
<when>2024-05-08T09:21:43.880Z</when>
<when>2024-05-08T09:21:52.510Z</when>
<when>2024-05-08T09:22:00.830Z</when>
<when>2024-05-08T09:22:08.610Z</when>
<when>2024-05-08T09:22:16.040Z</when>
<when>2024-05-08T09:22:28.870Z</when>
<when>2024-05-08T09:22:48.760Z</when>
<when>2024-05-08T09:23:08.030Z</when>
<when>2024-05-08T09:23:27.600Z</when>
<when>2024-05-08T09:23:34.810Z</when>
<when>2024-05-08T09:23:43.710Z</when>
<when>2024-05-08T09:23:52.380Z</when>
<when>2024-05-08T09:23:56.520Z</when>
<when>2024-05-08T09:24:07.070Z</when>
<when>2024-05-08T09:24:14.240Z</when>
<when>2024-05-08T09:24:22.580Z</when>
<when>2024-05-08T09:24:34.560Z</when>
<when>2024-05-08T09:24:47.310Z</when>
<when>2024-05-08T09:25:03.220Z</when>
<when>2024-05-08T09:25:09.600Z</when>
<when>2024-05-08T09:25:29.360Z</when>
<when>2024-05-08T09:25:49.340Z</when>
<when>2024-05-08T09:25:58.500Z</when>
<when>2024-05-08T09:26:09.000Z</when>
<when>2024-05-08T09:26:21.980Z</when>
<when>2024-05-08T09:26:33.410Z</when>
<when>2024-05-08T09:26:46.320Z</when>
<when>2024-05-08T09:26:56.590Z</when>
<when>2024-05-08T09:27:09.250Z</when>
<when>2024-05-08T09:27:15.220Z</when>
<when>2024-05-08T09:27:20.940Z</when>
<when>2024-05-08T09:27:33.740Z</when>
<when>2024-05-08T09:27:47.090Z</when>
<when>2024-05-08T09:27:55.980Z</when>
<when>2024-05-08T09:28:03.870Z</when>
<when>2024-05-08T09:28:13.380Z</when>
<when>2024-05-08T09:28:24.390Z</when>
<when>2024-05-08T09:28:44.280Z</when>
<when>2024-05-08T09:29:03.880Z</when>
<when>2024-05-08T09:29:14.140Z</when>
<when>2024-05-08T09:29:27.540Z</when>
<when>2024-05-08T09:29:47.150Z</when>
<when>2024-05-08T09:30:07.070Z</when>
<when>2024-05-08T09:30:26.750Z</when>
<when>2024-05-08T09:30:41.610Z</when>
<when>2024-05-08T09:30:54.180Z</when>
<when>2024-05-08T09:30:58.720Z</when>
<when>2024-05-08T09:31:09.170Z</when>
<when>2024-05-08T09:31:28.450Z</when>
<when>2024-05-08T09:31:45.700Z</when>
<when>2024-05-08T09:32:01.980Z</when>
<when>2024-05-08T09:32:12.540Z</when>
<when>2024-05-08T09:32:32.140Z</when>
<when>2024-05-08T09:32:40.650Z</when>
<when>2024-05-08T09:32:46.990Z</when>
<when>2024-05-08T09:33:06.650Z</when>
<when>2024-05-08T09:33:21.880Z</when>
<when>2024-05-08T09:33:34.400Z</when>
<when>2024-05-08T09:33:44.360Z</when>
<when>2024-05-08T09:33:54.390Z</when>
<when>2024-05-08T09:34:08.470Z</when>
<when>2024-05-08T09:34:21.330Z</when>
<when>2024-05-08T09:34:32.510Z</when>
<when>2024-05-08T09:34:40.590Z</when>
<when>2024-05-08T09:34:49.020Z</when>
<when>2024-05-08T09:34:58.500Z</when>
<when>2024-05-08T09:35:04.840Z</when>
<when>2024-05-08T09:35:11.070Z</when>
<when>2024-05-08T09:35:22.480Z</when>
<when>2024-05-08T09:35:33.200Z</when>
<when>2024-05-08T09:35:46.510Z</when>
<when>2024-05-08T09:35:50.610Z</when>
<when>2024-05-08T09:35:54.170Z</when>
<when>2024-05-08T09:36:04.680Z</when>
<when>2024-05-08T09:36:12.080Z</when>
<when>2024-05-08T09:36:23.330Z</when>
<when>2024-05-08T09:36:34.630Z</when>
<when>2024-05-08T09:36:43.200Z</when>
<when>2024-05-08T09:36:53.420Z</when>
<when>2024-05-08T09:37:09.850Z</when>
<when>2024-05-08T09:37:23.070Z</when>
<when>2024-05-08T09:37:27.910Z</when>
<when>2024-05-08T09:37:38.410Z</when>
<when>2024-05-08T09:37:46.830Z</when>
<when>2024-05-08T09:37:53.820Z</when>
<when>2024-05-08T09:38:04.190Z</when>
<when>2024-05-08T09:38:15.440Z</when>
<when>2024-05-08T09:38:28.180Z</when>
<when>2024-05-08T09:38:37.610Z</when>
<when>2024-05-08T09:38:52.420Z</when>
<when>2024-05-08T09:39:12.120Z</when>
<when>2024-05-08T09:39:16.250Z</when>
<when>2024-05-08T09:39:31.740Z</when>
<when>2024-05-08T09:39:50.750Z</when>
<when>2024-05-08T09:40:10.620Z</when>
<when>2024-05-08T09:40:30.110Z</when>
<when>2024-05-08T09:40:39.540Z</when>
<when>2024-05-08T09:40:52.450Z</when>
<when>2024-05-08T09:41:12.280Z</when>
<when>2024-05-08T09:41:31.970Z</when>
<when>2024-05-08T09:41:47.190Z</when>
<when>2024-05-08T09:41:54.170Z</when>
<when>2024-05-08T09:42:02.910Z</when>
<when>2024-05-08T09:42:22.600Z</when>
<when>2024-05-08T09:42:35.820Z</when>
<when>2024-05-08T09:42:48.200Z</when>
<when>2024-05-08T09:42:58.990Z</when>
<when>2024-05-08T09:43:11.680Z</when>
<when>2024-05-08T09:43:21.600Z</when>
<when>2024-05-08T09:43:30.110Z</when>
<when>2024-05-08T09:43:37.070Z</when>
<when>2024-05-08T09:43:40.450Z</when>
<when>2024-05-08T09:43:43.130Z</when>
<when>2024-05-08T09:43:46.140Z</when>
<when>2024-05-08T09:43:49.100Z</when>
<when>2024-05-08T09:43:51.890Z</when>
<when>2024-05-08T09:43:54.560Z</when>
<when>2024-05-08T09:43:57.550Z</when>
<when>2024-05-08T09:44:00.220Z</when>
<when>2024-05-08T09:44:04.190Z</when>
<when>2024-05-08T09:44:06.050Z</when>
<when>2024-05-08T09:44:08.520Z</when>
<when>2024-05-08T09:44:10.550Z</when>
<when>2024-05-08T09:44:12.290Z</when>
<when>2024-05-08T09:44:14.050Z</when>
<when>2024-05-08T09:44:16.630Z</when>
<when>2024-05-08T09:44:19.070Z</when>
<when>2024-05-08T09:44:22.980Z</when>
<when>2024-05-08T09:44:30.980Z</when>
<when>2024-05-08T09:44:34.960Z</when>
<when>2024-05-08T09:44:41.810Z</when>
<when>2024-05-08T09:44:50.490Z</when>
<when>2024-05-08T09:44:58.630Z</when>
<when>2024-05-08T09:45:18.290Z</when>
<when>2024-05-08T09:45:31.540Z</when>
<when>2024-05-08T09:45:45.790Z</when>
<when>2024-05-08T09:45:58.960Z</when>
<when>2024-05-08T09:46:01.500Z</when>
<when>2024-05-08T09:46:09.910Z</when>
<when>2024-05-08T09:46:27.380Z</when>
<when>2024-05-08T09:46:36.420Z</when>
<when>2024-05-08T09:46:43.070Z</when>
<when>2024-05-08T09:46:56.670Z</when>
<when>2024-05-08T09:47:12.030Z</when>
<when>2024-05-08T09:47:24.540Z</when>
<when>2024-05-08T09:47:37.060Z</when>
<when>2024-05-08T09:47:50.060Z</when>
<when>2024-05-08T09:48:02.890Z</when>
<when>2024-05-08T09:48:08.090Z</when>
<when>2024-05-08T09:48:20.880Z</when>
<when>2024-05-08T09:48:31.890Z</when>
<when>2024-05-08T09:48:44.550Z</when>
<when>2024-05-08T09:49:04.550Z</when>
<when>2024-05-08T09:49:24.420Z</when>
<when>2024-05-08T09:49:44.080Z</when>
<when>2024-05-08T09:49:56.970Z</when>
<when>2024-05-08T09:50:11.720Z</when>
<when>2024-05-08T09:50:19.800Z</when>
<when>2024-05-08T09:50:25.180Z</when>
<when>2024-05-08T09:50:26.530Z</when>
<when>2024-05-08T09:50:38.850Z</when>
<when>2024-05-08T09:50:51.420Z</when>
<when>2024-05-08T09:51:03.490Z</when>
<when>2024-05-08T09:51:14.300Z</when>
<when>2024-05-08T09:51:22.890Z</when>
<when>2024-05-08T09:51:34.760Z</when>
<when>2024-05-08T09:51:47.400Z</when>
<when>2024-05-08T09:52:04.620Z</when>
<when>2024-05-08T09:52:17.380Z</when>
<when>2024-05-08T09:52:21.530Z</when>
<when>2024-05-08T09:52:27.210Z</when>
<when>2024-05-08T09:52:32.060Z</when>
<when>2024-05-08T09:52:36.010Z</when>
<when>2024-05-08T09:52:45.020Z</when>
<when>2024-05-08T09:52:49.560Z</when>
<when>2024-05-08T09:52:56.100Z</when>
<when>2024-05-08T09:53:08.630Z</when>
<when>2024-05-08T09:53:20.240Z</when>
<when>2024-05-08T09:53:34.280Z</when>
<when>2024-05-08T09:53:46.590Z</when>
<when>2024-05-08T09:53:59.770Z</when>
<when>2024-05-08T09:54:08.200Z</when>
<when>2024-05-08T09:54:12.810Z</when>
<when>2024-05-08T09:54:21.080Z</when>
<when>2024-05-08T09:54:31.200Z</when>
<when>2024-05-08T09:54:50.380Z</when>
<when>2024-05-08T09:55:02.450Z</when>
<when>2024-05-08T09:55:15.760Z</when>
<when>2024-05-08T09:55:35.450Z</when>
<when>2024-05-08T09:55:49.120Z</when>
<when>2024-05-08T09:55:56.310Z</when>
<when>2024-05-08T09:56:03.620Z</when>
<when>2024-05-08T09:56:13.860Z</when>
<when>2024-05-08T09:56:33.550Z</when>
<when>2024-05-08T09:56:41.360Z</when>
<when>2024-05-08T09:56:56.010Z</when>
<when>2024-05-08T09:57:15.940Z</when>
<when>2024-05-08T09:57:29.330Z</when>
<when>2024-05-08T09:57:48.880Z</when>
<when>2024-05-08T09:58:06.080Z</when>
<when>2024-05-08T09:58:15.460Z</when>
<when>2024-05-08T09:58:24.510Z</when>
<when>2024-05-08T09:58:32.330Z</when>
<when>2024-05-08T09:58:39.290Z</when>
<when>2024-05-08T09:58:52.090Z</when>
<when>2024-05-08T09:58:57.190Z</when>
<when>2024-05-08T09:59:00.330Z</when>
<when>2024-05-08T09:59:04.300Z</when>
<when>2024-05-08T09:59:13.250Z</when>
<when>2024-05-08T09:59:22.230Z</when>
<when>2024-05-08T09:59:25.680Z</when>
<when>2024-05-08T09:59:28.780Z</when>
<when>2024-05-08T09:59:34.760Z</when>
<when>2024-05-08T09:59:47.680Z</when>
<when>2024-05-08T09:59:54.030Z</when>
<when>2024-05-08T10:00:06.080Z</when>
<when>2024-05-08T10:00:22.250Z</when>
<when>2024-05-08T10:00:29.640Z</when>
<when>2024-05-08T10:00:48.360Z</when>
<when>2024-05-08T10:00:57.610Z</when>
<when>2024-05-08T10:01:05.700Z</when>
<when>2024-05-08T10:01:11.690Z</when>
<when>2024-05-08T10:01:18.180Z</when>
<when>2024-05-08T10:01:26.880Z</when>
<when>2024-05-08T10:01:40.200Z</when>
<when>2024-05-08T10:01:51.340Z</when>
<when>2024-05-08T10:02:00.770Z</when>
<when>2024-05-08T10:02:09.510Z</when>
<when>2024-05-08T10:02:22.360Z</when>
<when>2024-05-08T10:02:27.240Z</when>
<when>2024-05-08T10:02:44.450Z</when>
<when>2024-05-08T10:02:58.250Z</when>
<when>2024-05-08T10:03:10.860Z</when>
<when>2024-05-08T10:03:21.270Z</when>
<when>2024-05-08T10:03:29.750Z</when>
<when>2024-05-08T10:03:38.930Z</when>
<when>2024-05-08T10:03:58.520Z</when>
<when>2024-05-08T10:04:12.710Z</when>
<when>2024-05-08T10:04:25.470Z</when>
<when>2024-05-08T10:04:36.860Z</when>
<when>2024-05-08T10:04:38.040Z</when>
<when>2024-05-08T10:04:39.600Z</when>
<when>2024-05-08T10:04:52.320Z</when>
<when>2024-05-08T10:05:12.070Z</when>
<when>2024-05-08T10:05:28.520Z</when>
<when>2024-05-08T10:05:45.340Z</when>
<when>2024-05-08T10:05:55.300Z</when>
<when>2024-05-08T10:05:59.910Z</when>
<when>2024-05-08T10:06:05.960Z</when>
<when>2024-05-08T10:06:10.540Z</when>
<when>2024-05-08T10:06:30.300Z</when>
<when>2024-05-08T10:06:49.780Z</when>
<when>2024-05-08T10:07:05.900Z</when>
<when>2024-05-08T10:07:25.760Z</when>
<when>2024-05-08T10:07:45.660Z</when>
<when>2024-05-08T10:08:01.690Z</when>
<when>2024-05-08T10:08:11.970Z</when>
<when>2024-05-08T10:08:21.640Z</when>
<when>2024-05-08T10:08:32.190Z</when>
<when>2024-05-08T10:08:40.430Z</when>
<when>2024-05-08T10:08:47.530Z</when>
<when>2024-05-08T10:09:07.210Z</when>
<when>2024-05-08T10:09:14.280Z</when>
<when>2024-05-08T10:09:29.360Z</when>
<when>2024-05-08T10:27:04.060Z</when>
<when>2024-05-08T10:27:18.420Z</when>
<when>2024-05-08T10:27:35.300Z</when>
<when>2024-05-08T10:27:39.900Z</when>
<when>2024-05-08T10:27:49.800Z</when>
<when>2024-05-08T10:28:08.330Z</when>
<when>2024-05-08T10:28:09.930Z</when>
<when>2024-05-08T10:28:26.000Z</when>
<when>2024-05-08T10:28:44.520Z</when>
<when>2024-05-08T10:28:46.550Z</when>
<when>2024-05-08T10:28:50.640Z</when>
<when>2024-05-08T10:28:52.530Z</when>
<when>2024-05-08T10:28:57.210Z</when>
<when>2024-05-08T10:29:02.530Z</when>
<when>2024-05-08T10:29:07.480Z</when>
<when>2024-05-08T10:29:10.550Z</when>
<when>2024-05-08T10:29:18.650Z</when>
<when>2024-05-08T10:29:26.700Z</when>
<when>2024-05-08T10:29:33.020Z</when>
<when>2024-05-08T10:29:43.290Z</when>
<when>2024-05-08T10:29:53.690Z</when>
<when>2024-05-08T10:30:02.580Z</when>
<when>2024-05-08T10:30:10.820Z</when>
<when>2024-05-08T10:30:22.470Z</when>
<when>2024-05-08T10:30:36.210Z</when>
<when>2024-05-08T10:30:44.470Z</when>
<when>2024-05-08T10:30:55.880Z</when>
<when>2024-05-08T10:31:04.080Z</when>
<when>2024-05-08T10:31:12.760Z</when>
<when>2024-05-08T10:31:19.520Z</when>
<when>2024-05-08T10:31:27.400Z</when>
<when>2024-05-08T10:31:30.230Z</when>
<when>2024-05-08T10:31:32.580Z</when>
<when>2024-05-08T10:31:34.760Z</when>
<when>2024-05-08T10:31:36.840Z</when>
<when>2024-05-08T10:31:38.970Z</when>
<when>2024-05-08T10:31:41.040Z</when>
<when>2024-05-08T10:31:42.710Z</when>
<when>2024-05-08T10:31:44.750Z</when>
<when>2024-05-08T10:31:46.840Z</when>
<when>2024-05-08T10:31:49.290Z</when>
<when>2024-05-08T10:31:52.790Z</when>
<when>2024-05-08T10:31:56.340Z</when>
<when>2024-05-08T10:32:03.140Z</when>
<when>2024-05-08T10:32:10.150Z</when>
<when>2024-05-08T10:32:14.550Z</when>
<when>2024-05-08T10:32:23.430Z</when>
<when>2024-05-08T10:32:34.100Z</when>
<when>2024-05-08T10:32:43.350Z</when>
<when>2024-05-08T10:32:49.700Z</when>
<when>2024-05-08T10:33:12.680Z</when>
<when>2024-05-08T10:33:12.960Z</when>
<when>2024-05-08T10:33:14.940Z</when>
<when>2024-05-08T10:33:31.580Z</when>
<when>2024-05-08T10:33:35.030Z</when>
<when>2024-05-08T10:33:39.730Z</when>
<when>2024-05-08T10:33:40.750Z</when>
<when>2024-05-08T10:34:01.870Z</when>
<when>2024-05-08T10:36:41.710Z</when>
<when>2024-05-08T10:36:44.320Z</when>
<when>2024-05-08T10:36:48.640Z</when>
<when>2024-05-08T10:36:51.280Z</when>
<when>2024-05-08T10:36:53.590Z</when>
<when>2024-05-08T10:36:55.950Z</when>
<when>2024-05-08T10:36:58.360Z</when>
<when>2024-05-08T10:37:00.820Z</when>
<when>2024-05-08T10:37:01.430Z</when>
<when>2024-05-08T10:37:04.890Z</when>
<when>2024-05-08T10:37:11.300Z</when>
<when>2024-05-08T10:37:25.620Z</when>
<when>2024-05-08T10:37:34.570Z</when>
<when>2024-05-08T10:37:43.050Z</when>
<when>2024-05-08T10:37:52.550Z</when>
<when>2024-05-08T10:37:59.590Z</when>
<when>2024-05-08T10:38:07.060Z</when>
<when>2024-05-08T10:38:11.290Z</when>
<when>2024-05-08T10:38:18.360Z</when>
<when>2024-05-08T10:38:26.180Z</when>
<when>2024-05-08T10:38:34.030Z</when>
<when>2024-05-08T10:38:38.310Z</when>
<when>2024-05-08T10:38:40.800Z</when>
<when>2024-05-08T10:38:48.620Z</when>
<when>2024-05-08T10:38:54.500Z</when>
<when>2024-05-08T10:39:02.290Z</when>
<when>2024-05-08T10:39:14.790Z</when>
<when>2024-05-08T10:39:18.270Z</when>
<when>2024-05-08T10:39:29.190Z</when>
<when>2024-05-08T10:39:44.580Z</when>
<when>2024-05-08T10:39:57.050Z</when>
<when>2024-05-08T10:40:06.600Z</when>
<when>2024-05-08T10:40:15.450Z</when>
<when>2024-05-08T10:40:21.250Z</when>
<when>2024-05-08T10:40:38.890Z</when>
<when>2024-05-08T10:40:46.630Z</when>
<when>2024-05-08T10:40:56.790Z</when>
<when>2024-05-08T10:41:08.050Z</when>
<when>2024-05-08T10:41:18.700Z</when>
<when>2024-05-08T10:41:28.370Z</when>
<when>2024-05-08T10:41:40.930Z</when>
<when>2024-05-08T10:41:47.090Z</when>
<when>2024-05-08T10:41:57.370Z</when>
<when>2024-05-08T10:42:04.360Z</when>
<when>2024-05-08T10:42:18.390Z</when>
<when>2024-05-08T10:42:32.980Z</when>
<when>2024-05-08T10:42:52.520Z</when>
<when>2024-05-08T10:42:54.550Z</when>
<when>2024-05-08T10:43:05.190Z</when>
<when>2024-05-08T10:43:21.030Z</when>
<when>2024-05-08T10:43:40.630Z</when>
<when>2024-05-08T10:43:48.990Z</when>
<when>2024-05-08T10:44:08.650Z</when>
<when>2024-05-08T10:44:28.260Z</when>
<when>2024-05-08T10:44:48.050Z</when>
<when>2024-05-08T10:44:55.010Z</when>
<when>2024-05-08T10:44:56.000Z</when>
<when>2024-05-08T10:44:59.860Z</when>
<when>2024-05-08T10:45:04.250Z</when>
<when>2024-05-08T10:45:16.880Z</when>
<when>2024-05-08T10:45:21.510Z</when>
<when>2024-05-08T10:45:27.030Z</when>
<when>2024-05-08T10:45:38.580Z</when>
<when>2024-05-08T10:45:58.130Z</when>
<when>2024-05-08T10:46:16.020Z</when>
<when>2024-05-08T10:46:33.060Z</when>
<when>2024-05-08T10:46:40.610Z</when>
<when>2024-05-08T10:46:44.690Z</when>
<when>2024-05-08T10:46:47.690Z</when>
<when>2024-05-08T10:46:51.020Z</when>
<when>2024-05-08T10:46:55.200Z</when>
<when>2024-05-08T10:47:00.580Z</when>
<when>2024-05-08T10:47:04.540Z</when>
<when>2024-05-08T10:47:08.090Z</when>
<when>2024-05-08T10:47:11.180Z</when>
<when>2024-05-08T10:47:16.320Z</when>
<when>2024-05-08T10:47:22.200Z</when>
<when>2024-05-08T10:47:29.830Z</when>
<when>2024-05-08T10:47:36.170Z</when>
<when>2024-05-08T10:47:44.640Z</when>
<when>2024-05-08T10:48:03.690Z</when>
<when>2024-05-08T10:48:18.340Z</when>
<when>2024-05-08T10:48:31.100Z</when>
<when>2024-05-08T10:48:38.020Z</when>
<when>2024-05-08T10:48:40.720Z</when>
<when>2024-05-08T10:48:42.920Z</when>
<when>2024-05-08T10:48:45.120Z</when>
<when>2024-05-08T10:48:47.290Z</when>
<when>2024-05-08T10:48:49.540Z</when>
<when>2024-05-08T10:48:51.850Z</when>
<when>2024-05-08T10:48:54.370Z</when>
<when>2024-05-08T10:48:56.550Z</when>
<when>2024-05-08T10:49:01.020Z</when>
<when>2024-05-08T10:49:05.420Z</when>
<when>2024-05-08T10:49:10.520Z</when>
<when>2024-05-08T10:49:20.010Z</when>
<when>2024-05-08T10:49:24.490Z</when>
<when>2024-05-08T10:49:33.130Z</when>
<when>2024-05-08T10:49:40.210Z</when>
<when>2024-05-08T10:49:48.080Z</when>
<when>2024-05-08T10:49:50.690Z</when>
<when>2024-05-08T10:49:52.610Z</when>
<when>2024-05-08T10:49:54.710Z</when>
<when>2024-05-08T10:49:56.640Z</when>
<when>2024-05-08T10:49:58.780Z</when>
<when>2024-05-08T10:50:00.310Z</when>
<when>2024-05-08T10:50:02.060Z</when>
<when>2024-05-08T10:50:03.810Z</when>
<when>2024-05-08T10:50:05.830Z</when>
<when>2024-05-08T10:50:07.740Z</when>
<when>2024-05-08T10:50:10.090Z</when>
<when>2024-05-08T10:50:12.650Z</when>
<when>2024-05-08T10:50:16.280Z</when>
<when>2024-05-08T10:50:22.330Z</when>
<when>2024-05-08T10:50:25.070Z</when>
<when>2024-05-08T10:50:26.520Z</when>
<when>2024-05-08T10:50:28.490Z</when>
<when>2024-05-08T10:50:30.330Z</when>
<when>2024-05-08T10:50:31.880Z</when>
<when>2024-05-08T10:50:34.290Z</when>
<when>2024-05-08T10:50:36.530Z</when>
<when>2024-05-08T10:50:38.700Z</when>
<when>2024-05-08T10:50:41.440Z</when>
<when>2024-05-08T10:50:45.800Z</when>
<when>2024-05-08T10:50:47.450Z</when>
<when>2024-05-08T10:50:53.460Z</when>
<when>2024-05-08T10:51:01.790Z</when>
<when>2024-05-08T10:51:08.360Z</when>
<when>2024-05-08T10:51:16.890Z</when>
<when>2024-05-08T10:51:25.500Z</when>
<when>2024-05-08T10:51:31.570Z</when>
<when>2024-05-08T10:51:34.530Z</when>
<when>2024-05-08T10:51:53.700Z</when>
<when>2024-05-08T10:51:55.270Z</when>
<when>2024-05-08T10:51:56.520Z</when>
<when>2024-05-08T10:51:59.080Z</when>
<when>2024-05-08T10:52:02.570Z</when>
<when>2024-05-08T10:52:06.190Z</when>
<when>2024-05-08T10:52:09.600Z</when>
<when>2024-05-08T10:52:16.060Z</when>
<when>2024-05-08T10:52:21.490Z</when>
<when>2024-05-08T10:52:26.500Z</when>
<when>2024-05-08T10:52:28.480Z</when>
<when>2024-05-08T10:52:30.680Z</when>
<when>2024-05-08T10:52:32.940Z</when>
<when>2024-05-08T10:52:35.270Z</when>
<when>2024-05-08T10:52:37.800Z</when>
<when>2024-05-08T10:52:40.010Z</when>
<when>2024-05-08T10:52:42.250Z</when>
<when>2024-05-08T10:52:44.380Z</when>
<when>2024-05-08T10:52:46.550Z</when>
<when>2024-05-08T10:52:48.740Z</when>
<when>2024-05-08T10:52:50.910Z</when>
<when>2024-05-08T10:52:53.100Z</when>
<when>2024-05-08T10:52:55.290Z</when>
<when>2024-05-08T10:52:58.040Z</when>
<when>2024-05-08T10:53:02.950Z</when>
<when>2024-05-08T10:53:07.300Z</when>
<when>2024-05-08T10:53:10.090Z</when>
<when>2024-05-08T10:53:13.310Z</when>
<when>2024-05-08T10:53:18.190Z</when>
<when>2024-05-08T10:53:23.100Z</when>
<when>2024-05-08T10:53:28.620Z</when>
<when>2024-05-08T10:53:40.650Z</when>
<when>2024-05-08T10:53:55.920Z</when>
<when>2024-05-08T10:53:57.580Z</when>
<when>2024-05-08T10:54:03.100Z</when>
<when>2024-05-08T10:54:11.870Z</when>
<when>2024-05-08T10:54:18.410Z</when>
<when>2024-05-08T10:54:21.260Z</when>
<when>2024-05-08T10:54:29.080Z</when>
<when>2024-05-08T10:54:33.440Z</when>
<when>2024-05-08T10:54:41.840Z</when>
<when>2024-05-08T10:54:54.540Z</when>
<when>2024-05-08T10:55:01.450Z</when>
<when>2024-05-08T10:55:10.270Z</when>
<when>2024-05-08T10:55:22.380Z</when>
<when>2024-05-08T10:55:31.100Z</when>
<when>2024-05-08T10:55:43.640Z</when>
<when>2024-05-08T10:55:50.540Z</when>
<when>2024-05-08T10:55:58.100Z</when>
<when>2024-05-08T10:56:01.900Z</when>
<when>2024-05-08T10:56:13.050Z</when>
<when>2024-05-08T10:56:20.530Z</when>
<when>2024-05-08T10:56:27.360Z</when>
<when>2024-05-08T10:56:34.230Z</when>
<when>2024-05-08T10:56:43.830Z</when>
<when>2024-05-08T10:56:51.930Z</when>
<when>2024-05-08T10:57:03.080Z</when>
<when>2024-05-08T10:57:09.700Z</when>
<when>2024-05-08T10:57:14.820Z</when>
<when>2024-05-08T10:57:18.100Z</when>
<when>2024-05-08T10:57:20.500Z</when>
<when>2024-05-08T10:57:21.960Z</when>
<when>2024-05-08T10:57:24.210Z</when>
<when>2024-05-08T10:57:26.520Z</when>
<when>2024-05-08T10:57:28.220Z</when>
<when>2024-05-08T10:57:33.460Z</when>
<when>2024-05-08T10:57:34.200Z</when>
<when>2024-05-08T10:57:35.750Z</when>
<when>2024-05-08T10:57:38.470Z</when>
<when>2024-05-08T10:57:48.150Z</when>
<when>2024-05-08T10:57:58.260Z</when>
<when>2024-05-08T10:58:10.190Z</when>
<when>2024-05-08T10:58:16.640Z</when>
<when>2024-05-08T10:58:30.180Z</when>
<when>2024-05-08T10:58:33.160Z</when>
<when>2024-05-08T10:58:35.810Z</when>
<when>2024-05-08T10:58:40.890Z</when>
<when>2024-05-08T10:58:46.580Z</when>
<when>2024-05-08T10:58:49.690Z</when>
<when>2024-05-08T10:58:51.100Z</when>
<when>2024-05-08T10:58:52.680Z</when>
<when>2024-05-08T10:58:55.340Z</when>
<when>2024-05-08T10:58:57.700Z</when>
<when>2024-05-08T10:59:01.320Z</when>
<when>2024-05-08T10:59:07.440Z</when>
<when>2024-05-08T10:59:14.750Z</when>
<when>2024-05-08T10:59:17.480Z</when>
<when>2024-05-08T10:59:20.530Z</when>
<when>2024-05-08T10:59:30.920Z</when>
<when>2024-05-08T10:59:39.060Z</when>
<when>2024-05-08T10:59:51.000Z</when>
<when>2024-05-08T10:59:54.610Z</when>
<when>2024-05-08T10:59:58.060Z</when>
<when>2024-05-08T11:00:04.390Z</when>
<when>2024-05-08T11:00:19.850Z</when>
<when>2024-05-08T11:00:31.540Z</when>
<when>2024-05-08T11:00:44.700Z</when>
<when>2024-05-08T11:01:00.090Z</when>
<when>2024-05-08T11:01:16.810Z</when>
<when>2024-05-08T11:01:28.820Z</when>
<when>2024-05-08T11:01:38.170Z</when>
<when>2024-05-08T11:01:51.790Z</when>
<when>2024-05-08T11:02:11.410Z</when>
<when>2024-05-08T11:02:17.720Z</when>
<when>2024-05-08T11:02:26.930Z</when>
<when>2024-05-08T11:02:41.400Z</when>
<when>2024-05-08T11:02:50.470Z</when>
<when>2024-05-08T11:02:53.040Z</when>
<when>2024-05-08T11:02:55.200Z</when>
<when>2024-05-08T11:02:57.790Z</when>
<when>2024-05-08T11:02:59.880Z</when>
<when>2024-05-08T11:03:02.600Z</when>
<when>2024-05-08T11:03:04.840Z</when>
<when>2024-05-08T11:03:07.440Z</when>
<when>2024-05-08T11:03:11.610Z</when>
<when>2024-05-08T11:03:21.950Z</when>
<when>2024-05-08T11:03:39.240Z</when>
<when>2024-05-08T11:03:44.840Z</when>
<when>2024-05-08T11:03:48.100Z</when>
<when>2024-05-08T11:03:52.010Z</when>
<when>2024-05-08T11:03:57.200Z</when>
<when>2024-05-08T11:03:59.780Z</when>
<when>2024-05-08T11:04:06.690Z</when>
<when>2024-05-08T11:04:08.570Z</when>
<when>2024-05-08T11:04:14.060Z</when>
<when>2024-05-08T11:04:27.190Z</when>
<when>2024-05-08T11:04:45.480Z</when>
<when>2024-05-08T11:04:56.190Z</when>
<when>2024-05-08T11:05:16.020Z</when>
<when>2024-05-08T11:05:32.860Z</when>
<when>2024-05-08T11:05:44.230Z</when>
<when>2024-05-08T11:05:53.670Z</when>
<when>2024-05-08T11:06:04.000Z</when>
<when>2024-05-08T11:06:12.840Z</when>
<when>2024-05-08T11:06:23.360Z</when>
<when>2024-05-08T11:06:30.240Z</when>
<when>2024-05-08T11:06:41.920Z</when>
<when>2024-05-08T11:06:50.060Z</when>
<when>2024-05-08T11:06:55.380Z</when>
<when>2024-05-08T11:07:05.900Z</when>
<when>2024-05-08T11:07:21.470Z</when>
<when>2024-05-08T11:07:29.600Z</when>
<when>2024-05-08T11:07:38.720Z</when>
<when>2024-05-08T11:07:56.180Z</when>
<when>2024-05-08T11:08:11.650Z</when>
<when>2024-05-08T11:08:17.770Z</when>
<when>2024-05-08T11:08:28.100Z</when>
<when>2024-05-08T11:08:37.120Z</when>
<when>2024-05-08T11:08:44.360Z</when>
<when>2024-05-08T11:08:49.450Z</when>
<when>2024-05-08T11:09:02.220Z</when>
<when>2024-05-08T11:09:16.000Z</when>
<when>2024-05-08T11:09:35.650Z</when>
<when>2024-05-08T11:09:53.400Z</when>
<when>2024-05-08T11:10:04.740Z</when>
<when>2024-05-08T11:10:13.180Z</when>
<when>2024-05-08T11:10:18.370Z</when>
<when>2024-05-08T11:10:33.780Z</when>
<when>2024-05-08T11:10:42.710Z</when>
<when>2024-05-08T11:10:47.680Z</when>
<when>2024-05-08T11:10:53.910Z</when>
<when>2024-05-08T11:10:55.380Z</when>
<when>2024-05-08T11:11:08.590Z</when>
<when>2024-05-08T11:11:18.980Z</when>
<when>2024-05-08T11:11:38.340Z</when>
<when>2024-05-08T11:11:46.120Z</when>
<when>2024-05-08T11:11:50.100Z</when>
<when>2024-05-08T11:11:55.390Z</when>
<when>2024-05-08T11:12:03.990Z</when>
<when>2024-05-08T11:12:17.800Z</when>
<when>2024-05-08T11:12:32.210Z</when>
<when>2024-05-08T11:12:47.950Z</when>
<when>2024-05-08T11:12:57.280Z</when>
<when>2024-05-08T11:13:10.840Z</when>
<when>2024-05-08T11:13:54.690Z</when>
<when>2024-05-08T11:14:02.400Z</when>
<when>2024-05-08T11:14:14.320Z</when>
<when>2024-05-08T11:14:22.000Z</when>
<when>2024-05-08T11:14:34.050Z</when>
<when>2024-05-08T11:14:37.170Z</when>
<when>2024-05-08T11:14:41.430Z</when>
<when>2024-05-08T11:14:57.490Z</when>
<when>2024-05-08T11:15:09.220Z</when>
<when>2024-05-08T11:15:19.000Z</when>
<when>2024-05-08T11:15:25.300Z</when>
<when>2024-05-08T11:15:35.550Z</when>
<when>2024-05-08T11:15:55.270Z</when>
<when>2024-05-08T11:16:12.300Z</when>
<when>2024-05-08T11:16:27.930Z</when>
<when>2024-05-08T11:16:44.260Z</when>
<when>2024-05-08T11:16:54.940Z</when>
<when>2024-05-08T11:17:21.330Z</when>
<when>2024-05-08T11:17:43.990Z</when>
<when>2024-05-08T11:17:59.990Z</when>
<when>2024-05-08T11:18:05.340Z</when>
<when>2024-05-08T11:18:42.860Z</when>
<gx:coord>21.914161 51.543457 440</gx:coord>
<gx:coord>21.915201 51.543503 456</gx:coord>
<gx:coord>21.916428 51.543662 471</gx:coord>
<gx:coord>21.917648 51.543895 486</gx:coord>
<gx:coord>21.919209 51.544373 494</gx:coord>
<gx:coord>21.92009 51.544686 494</gx:coord>
<gx:coord>21.920624 51.544919 486</gx:coord>
<gx:coord>21.921659 51.545425 479</gx:coord>
<gx:coord>21.922772 51.546158 471</gx:coord>
<gx:coord>21.92344 51.546753 471</gx:coord>
<gx:coord>21.924183 51.547577 471</gx:coord>
<gx:coord>21.924851 51.548676 471</gx:coord>
<gx:coord>21.925519 51.550186 471</gx:coord>
<gx:coord>21.926707 51.553299 463</gx:coord>
<gx:coord>21.927643 51.555859 456</gx:coord>
<gx:coord>21.928934 51.558929 440</gx:coord>
<gx:coord>21.930121 51.561676 440</gx:coord>
<gx:coord>21.932678 51.56745 456</gx:coord>
<gx:coord>21.933975 51.569685 448</gx:coord>
<gx:coord>21.935349 51.57164 448</gx:coord>
<gx:coord>21.937485 51.574107 448</gx:coord>
<gx:coord>21.943054 51.580205 433</gx:coord>
<gx:coord>21.944656 51.582347 425</gx:coord>
<gx:coord>21.945724 51.583883 433</gx:coord>
<gx:coord>21.946869 51.585559 440</gx:coord>
<gx:coord>21.949793 51.590012 463</gx:coord>
<gx:coord>21.953504 51.595917 479</gx:coord>
<gx:coord>21.956993 51.601913 486</gx:coord>
<gx:coord>21.958775 51.60553 486</gx:coord>
<gx:coord>21.960334 51.609238 471</gx:coord>
<gx:coord>21.961002 51.611481 471</gx:coord>
<gx:coord>21.961373 51.613998 471</gx:coord>
<gx:coord>21.961441 51.616097 471</gx:coord>
<gx:coord>21.961288 51.617587 471</gx:coord>
<gx:coord>21.960678 51.619635 471</gx:coord>
<gx:coord>21.95974 51.621689 471</gx:coord>
<gx:coord>21.958771 51.623359 471</gx:coord>
<gx:coord>21.957513 51.625076 463</gx:coord>
<gx:coord>21.955806 51.626907 463</gx:coord>
<gx:coord>21.953876 51.628555 463</gx:coord>
<gx:coord>21.951065 51.630575 471</gx:coord>
<gx:coord>21.948242 51.632297 471</gx:coord>
<gx:coord>21.945859 51.633545 471</gx:coord>
<gx:coord>21.942889 51.634918 471</gx:coord>
<gx:coord>21.93634 51.637604 479</gx:coord>
<gx:coord>21.931458 51.639466 479</gx:coord>
<gx:coord>21.925583 51.641468 486</gx:coord>
<gx:coord>21.917114 51.644075 494</gx:coord>
<gx:coord>21.911011 51.645984 471</gx:coord>
<gx:coord>21.905031 51.64801 471</gx:coord>
<gx:coord>21.899241 51.650208 456</gx:coord>
<gx:coord>21.89204 51.653 463</gx:coord>
<gx:coord>21.881128 51.657211 479</gx:coord>
<gx:coord>21.863832 51.663849 479</gx:coord>
<gx:coord>21.854858 51.667351 486</gx:coord>
<gx:coord>21.847 51.670843 494</gx:coord>
<gx:coord>21.839752 51.674194 479</gx:coord>
<gx:coord>21.837769 51.675218 471</gx:coord>
<gx:coord>21.83197 51.677919 463</gx:coord>
<gx:coord>21.817245 51.684575 456</gx:coord>
<gx:coord>21.81282 51.686391 448</gx:coord>
<gx:coord>21.807416 51.688385 448</gx:coord>
<gx:coord>21.796951 51.692024 440</gx:coord>
<gx:coord>21.785278 51.695888 433</gx:coord>
<gx:coord>21.774977 51.699142 440</gx:coord>
<gx:coord>21.760788 51.703569 440</gx:coord>
<gx:coord>21.754456 51.70571 440</gx:coord>
<gx:coord>21.747362 51.708344 456</gx:coord>
<gx:coord>21.735782 51.712967 440</gx:coord>
<gx:coord>21.719894 51.719303 440</gx:coord>
<gx:coord>21.709213 51.723586 433</gx:coord>
<gx:coord>21.70453 51.725601 448</gx:coord>
<gx:coord>21.695623 51.729538 448</gx:coord>
<gx:coord>21.686478 51.733595 448</gx:coord>
<gx:coord>21.683731 51.734573 456</gx:coord>
<gx:coord>21.681213 51.735317 448</gx:coord>
<gx:coord>21.677436 51.73613 463</gx:coord>
<gx:coord>21.673947 51.736725 456</gx:coord>
<gx:coord>21.669048 51.737366 456</gx:coord>
<gx:coord>21.662589 51.737961 440</gx:coord>
<gx:coord>21.645966 51.739274 440</gx:coord>
<gx:coord>21.64225 51.739517 440</gx:coord>
<gx:coord>21.629639 51.740392 456</gx:coord>
<gx:coord>21.609736 51.742126 456</gx:coord>
<gx:coord>21.592069 51.743454 440</gx:coord>
<gx:coord>21.579747 51.744553 425</gx:coord>
<gx:coord>21.574783 51.745047 440</gx:coord>
<gx:coord>21.560059 51.746257 448</gx:coord>
<gx:coord>21.541517 51.747849 440</gx:coord>
<gx:coord>21.52916 51.748864 456</gx:coord>
<gx:coord>21.515121 51.750121 471</gx:coord>
<gx:coord>21.495972 51.751704 471</gx:coord>
<gx:coord>21.483002 51.752821 456</gx:coord>
<gx:coord>21.470329 51.753845 440</gx:coord>
<gx:coord>21.450577 51.755381 432</gx:coord>
<gx:coord>21.439522 51.756363 439</gx:coord>
<gx:coord>21.427841 51.757523 455</gx:coord>
<gx:coord>21.409149 51.759525 455</gx:coord>
<gx:coord>21.391643 51.761261 447</gx:coord>
<gx:coord>21.37291 51.762969 455</gx:coord>
<gx:coord>21.36055 51.76418 462</gx:coord>
<gx:coord>21.345322 51.76561 470</gx:coord>
<gx:coord>21.330185 51.76688 470</gx:coord>
<gx:coord>21.315613 51.767951 470</gx:coord>
<gx:coord>21.304626 51.768882 462</gx:coord>
<gx:coord>21.298853 51.769409 478</gx:coord>
<gx:coord>21.279256 51.771332 462</gx:coord>
<gx:coord>21.27161 51.77211 485</gx:coord>
<gx:coord>21.266339 51.772614 485</gx:coord>
<gx:coord>21.253433 51.773909 470</gx:coord>
<gx:coord>21.233368 51.775818 478</gx:coord>
<gx:coord>21.221848 51.776842 478</gx:coord>
<gx:coord>21.212373 51.777603 485</gx:coord>
<gx:coord>21.208954 51.778052 485</gx:coord>
<gx:coord>21.205024 51.778793 485</gx:coord>
<gx:coord>21.202054 51.779526 485</gx:coord>
<gx:coord>21.194186 51.781723 478</gx:coord>
<gx:coord>21.186829 51.784011 493</gx:coord>
<gx:coord>21.17981 51.786059 493</gx:coord>
<gx:coord>21.173178 51.787949 478</gx:coord>
<gx:coord>21.161153 51.791565 470</gx:coord>
<gx:coord>21.142075 51.797287 455</gx:coord>
<gx:coord>21.12374 51.802917 462</gx:coord>
<gx:coord>21.105194 51.808265 478</gx:coord>
<gx:coord>21.098501 51.810059 485</gx:coord>
<gx:coord>21.090187 51.812119 508</gx:coord>
<gx:coord>21.082077 51.814037 523</gx:coord>
<gx:coord>21.078415 51.814829 523</gx:coord>
<gx:coord>21.068497 51.817017 508</gx:coord>
<gx:coord>21.061554 51.818506 493</gx:coord>
<gx:coord>21.053368 51.820267 470</gx:coord>
<gx:coord>21.041565 51.822929 462</gx:coord>
<gx:coord>21.029129 51.826001 478</gx:coord>
<gx:coord>21.013876 51.829697 462</gx:coord>
<gx:coord>21.007641 51.831161 470</gx:coord>
<gx:coord>20.988638 51.835648 462</gx:coord>
<gx:coord>20.969263 51.840134 455</gx:coord>
<gx:coord>20.960693 51.842248 462</gx:coord>
<gx:coord>20.950779 51.844803 462</gx:coord>
<gx:coord>20.938754 51.84819 462</gx:coord>
<gx:coord>20.92804 51.851232 462</gx:coord>
<gx:coord>20.916214 51.854538 447</gx:coord>
<gx:coord>20.906372 51.857238 455</gx:coord>
<gx:coord>20.895031 51.860596 470</gx:coord>
<gx:coord>20.889816 51.862265 485</gx:coord>
<gx:coord>20.884861 51.86412 478</gx:coord>
<gx:coord>20.874098 51.868423 462</gx:coord>
<gx:coord>20.863037 51.873019 470</gx:coord>
<gx:coord>20.855637 51.876045 485</gx:coord>
<gx:coord>20.848846 51.878745 478</gx:coord>
<gx:coord>20.840842 51.881973 455</gx:coord>
<gx:coord>20.83168 51.885774 462</gx:coord>
<gx:coord>20.815158 51.892639 447</gx:coord>
<gx:coord>20.798296 51.899554 447</gx:coord>
<gx:coord>20.789743 51.902859 447</gx:coord>
<gx:coord>20.778503 51.907104 455</gx:coord>
<gx:coord>20.762558 51.913376 455</gx:coord>
<gx:coord>20.746347 51.920037 439</gx:coord>
<gx:coord>20.730743 51.926697 439</gx:coord>
<gx:coord>20.718994 51.931641 439</gx:coord>
<gx:coord>20.708923 51.935852 424</gx:coord>
<gx:coord>20.705185 51.937317 432</gx:coord>
<gx:coord>20.696793 51.940521 439</gx:coord>
<gx:coord>20.680821 51.946292 463</gx:coord>
<gx:coord>20.666504 51.951599 456</gx:coord>
<gx:coord>20.653076 51.956497 456</gx:coord>
<gx:coord>20.644379 51.95993 463</gx:coord>
<gx:coord>20.628433 51.966476 456</gx:coord>
<gx:coord>20.621416 51.969429 433</gx:coord>
<gx:coord>20.616159 51.971617 448</gx:coord>
<gx:coord>20.600385 51.97832 440</gx:coord>
<gx:coord>20.588143 51.983348 448</gx:coord>
<gx:coord>20.577927 51.987442 456</gx:coord>
<gx:coord>20.569611 51.990738 456</gx:coord>
<gx:coord>20.561218 51.99408 440</gx:coord>
<gx:coord>20.549456 51.998943 440</gx:coord>
<gx:coord>20.538705 52.003039 463</gx:coord>
<gx:coord>20.529251 52.006531 463</gx:coord>
<gx:coord>20.522385 52.008957 463</gx:coord>
<gx:coord>20.514984 52.011383 463</gx:coord>
<gx:coord>20.506452 52.013839 471</gx:coord>
<gx:coord>20.500645 52.015376 471</gx:coord>
<gx:coord>20.494917 52.016679 479</gx:coord>
<gx:coord>20.48393 52.01896 486</gx:coord>
<gx:coord>20.473404 52.02095 471</gx:coord>
<gx:coord>20.460074 52.02315 448</gx:coord>
<gx:coord>20.455856 52.02388 448</gx:coord>
<gx:coord>20.452384 52.024546 456</gx:coord>
<gx:coord>20.441947 52.026455 463</gx:coord>
<gx:coord>20.434727 52.027619 448</gx:coord>
<gx:coord>20.423506 52.029295 440</gx:coord>
<gx:coord>20.411891 52.031017 433</gx:coord>
<gx:coord>20.403366 52.032303 456</gx:coord>
<gx:coord>20.393372 52.033903 463</gx:coord>
<gx:coord>20.37752 52.036371 448</gx:coord>
<gx:coord>20.36465 52.038372 433</gx:coord>
<gx:coord>20.359879 52.039307 433</gx:coord>
<gx:coord>20.349655 52.041321 433</gx:coord>
<gx:coord>20.341415 52.042786 440</gx:coord>
<gx:coord>20.334549 52.043793 448</gx:coord>
<gx:coord>20.324472 52.045076 456</gx:coord>
<gx:coord>20.31325 52.046519 440</gx:coord>
<gx:coord>20.30098 52.048462 440</gx:coord>
<gx:coord>20.291901 52.049881 456</gx:coord>
<gx:coord>20.277786 52.052078 463</gx:coord>
<gx:coord>20.258789 52.054916 463</gx:coord>
<gx:coord>20.254787 52.055457 463</gx:coord>
<gx:coord>20.239716 52.057709 471</gx:coord>
<gx:coord>20.220795 52.06041 471</gx:coord>
<gx:coord>20.201035 52.06311 471</gx:coord>
<gx:coord>20.181806 52.065931 456</gx:coord>
<gx:coord>20.172468 52.067328 456</gx:coord>
<gx:coord>20.159834 52.069283 471</gx:coord>
<gx:coord>20.140294 52.072169 463</gx:coord>
<gx:coord>20.120621 52.075104 456</gx:coord>
<gx:coord>20.105667 52.077301 456</gx:coord>
<gx:coord>20.098953 52.078354 471</gx:coord>
<gx:coord>20.090637 52.079773 494</gx:coord>
<gx:coord>20.071629 52.082876 494</gx:coord>
<gx:coord>20.058594 52.084946 479</gx:coord>
<gx:coord>20.046158 52.086914 494</gx:coord>
<gx:coord>20.035477 52.088928 494</gx:coord>
<gx:coord>20.022426 52.091395 479</gx:coord>
<gx:coord>20.012381 52.09349 463</gx:coord>
<gx:coord>20.003985 52.095446 448</gx:coord>
<gx:coord>19.997079 52.097215 448</gx:coord>
<gx:coord>19.993862 52.098239 456</gx:coord>
<gx:coord>19.991586 52.09917 456</gx:coord>
<gx:coord>19.989243 52.100372 463</gx:coord>
<gx:coord>19.987034 52.10173 471</gx:coord>
<gx:coord>19.985308 52.10308 479</gx:coord>
<gx:coord>19.983895 52.104384 494</gx:coord>
<gx:coord>19.982529 52.106003 501</gx:coord>
<gx:coord>19.981613 52.107376 509</gx:coord>
<gx:coord>19.980469 52.109528 517</gx:coord>
<gx:coord>19.980164 52.110535 509</gx:coord>
<gx:coord>19.979893 52.111925 501</gx:coord>
<gx:coord>19.979858 52.113144 494</gx:coord>
<gx:coord>19.979935 52.114059 494</gx:coord>
<gx:coord>19.98024 52.115067 494</gx:coord>
<gx:coord>19.980913 52.11658 486</gx:coord>
<gx:coord>19.981766 52.117813 479</gx:coord>
<gx:coord>19.983521 52.119873 463</gx:coord>
<gx:coord>19.987335 52.124039 440</gx:coord>
<gx:coord>19.989243 52.126007 440</gx:coord>
<gx:coord>19.992828 52.129623 456</gx:coord>
<gx:coord>19.997079 52.134037 471</gx:coord>
<gx:coord>20.000992 52.138275 479</gx:coord>
<gx:coord>20.010733 52.148515 471</gx:coord>
<gx:coord>20.017014 52.155258 471</gx:coord>
<gx:coord>20.023499 52.162582 471</gx:coord>
<gx:coord>20.029332 52.16937 471</gx:coord>
<gx:coord>20.03043 52.170767 471</gx:coord>
<gx:coord>20.033883 52.175376 463</gx:coord>
<gx:coord>20.04097 52.184921 463</gx:coord>
<gx:coord>20.044708 52.189636 486</gx:coord>
<gx:coord>20.047695 52.193112 486</gx:coord>
<gx:coord>20.053816 52.200235 486</gx:coord>
<gx:coord>20.06073 52.208633 494</gx:coord>
<gx:coord>20.066057 52.215504 509</gx:coord>
<gx:coord>20.071237 52.222393 486</gx:coord>
<gx:coord>20.076416 52.229609 471</gx:coord>
<gx:coord>20.081329 52.236649 456</gx:coord>
<gx:coord>20.0834 52.239618 448</gx:coord>
<gx:coord>20.088425 52.246719 471</gx:coord>
<gx:coord>20.092974 52.252699 471</gx:coord>
<gx:coord>20.098038 52.259491 456</gx:coord>
<gx:coord>20.105765 52.26997 456</gx:coord>
<gx:coord>20.113678 52.280273 456</gx:coord>
<gx:coord>20.12146 52.290639 456</gx:coord>
<gx:coord>20.126404 52.297436 471</gx:coord>
<gx:coord>20.13237 52.305496 479</gx:coord>
<gx:coord>20.135651 52.310028 456</gx:coord>
<gx:coord>20.137863 52.313049 440</gx:coord>
<gx:coord>20.138397 52.313828 440</gx:coord>
<gx:coord>20.143354 52.320479 448</gx:coord>
<gx:coord>20.148063 52.32695 448</gx:coord>
<gx:coord>20.152664 52.333054 456</gx:coord>
<gx:coord>20.156852 52.338634 463</gx:coord>
<gx:coord>20.159991 52.343057 486</gx:coord>
<gx:coord>20.164337 52.349167 494</gx:coord>
<gx:coord>20.168839 52.355576 479</gx:coord>
<gx:coord>20.174979 52.364424 463</gx:coord>
<gx:coord>20.179672 52.370911 463</gx:coord>
<gx:coord>20.181427 52.373016 456</gx:coord>
<gx:coord>20.184082 52.37569 448</gx:coord>
<gx:coord>20.186672 52.378064 448</gx:coord>
<gx:coord>20.188904 52.379837 448</gx:coord>
<gx:coord>20.194168 52.38382 448</gx:coord>
<gx:coord>20.196559 52.385931 448</gx:coord>
<gx:coord>20.199777 52.389097 456</gx:coord>
<gx:coord>20.205505 52.395056 471</gx:coord>
<gx:coord>20.211105 52.400757 463</gx:coord>
<gx:coord>20.217826 52.407485 463</gx:coord>
<gx:coord>20.223465 52.413437 471</gx:coord>
<gx:coord>20.229518 52.419822 463</gx:coord>
<gx:coord>20.233536 52.423874 479</gx:coord>
<gx:coord>20.235672 52.426117 486</gx:coord>
<gx:coord>20.239334 52.430054 471</gx:coord>
<gx:coord>20.244036 52.435137 456</gx:coord>
<gx:coord>20.252511 52.444261 457</gx:coord>
<gx:coord>20.258083 52.449941 457</gx:coord>
<gx:coord>20.263824 52.456055 464</gx:coord>
<gx:coord>20.272208 52.46507 457</gx:coord>
<gx:coord>20.278251 52.471308 464</gx:coord>
<gx:coord>20.281468 52.474753 472</gx:coord>
<gx:coord>20.2845 52.478394 472</gx:coord>
<gx:coord>20.28862 52.483566 464</gx:coord>
<gx:coord>20.296143 52.493514 457</gx:coord>
<gx:coord>20.299301 52.497345 457</gx:coord>
<gx:coord>20.305481 52.504257 457</gx:coord>
<gx:coord>20.313878 52.513578 464</gx:coord>
<gx:coord>20.319824 52.519958 472</gx:coord>
<gx:coord>20.328788 52.529219 464</gx:coord>
<gx:coord>20.336714 52.537412 480</gx:coord>
<gx:coord>20.341108 52.542021 480</gx:coord>
<gx:coord>20.345189 52.546537 472</gx:coord>
<gx:coord>20.348511 52.550629 464</gx:coord>
<gx:coord>20.351257 52.554245 457</gx:coord>
<gx:coord>20.356445 52.561111 441</gx:coord>
<gx:coord>20.358658 52.563858 441</gx:coord>
<gx:coord>20.36026 52.565323 441</gx:coord>
<gx:coord>20.362549 52.5672 434</gx:coord>
<gx:coord>20.367966 52.571228 434</gx:coord>
<gx:coord>20.372925 52.575302 441</gx:coord>
<gx:coord>20.374695 52.576935 434</gx:coord>
<gx:coord>20.376053 52.578415 434</gx:coord>
<gx:coord>20.378418 52.58139 441</gx:coord>
<gx:coord>20.382996 52.587799 457</gx:coord>
<gx:coord>20.38521 52.591087 457</gx:coord>
<gx:coord>20.389023 52.597046 457</gx:coord>
<gx:coord>20.39502 52.605286 449</gx:coord>
<gx:coord>20.397797 52.608948 441</gx:coord>
<gx:coord>20.404907 52.617855 449</gx:coord>
<gx:coord>20.408595 52.62237 472</gx:coord>
<gx:coord>20.411734 52.625908 472</gx:coord>
<gx:coord>20.414246 52.628562 480</gx:coord>
<gx:coord>20.417099 52.631607 487</gx:coord>
<gx:coord>20.420994 52.635777 495</gx:coord>
<gx:coord>20.427115 52.642202 480</gx:coord>
<gx:coord>20.432358 52.647675 472</gx:coord>
<gx:coord>20.436325 52.65239 464</gx:coord>
<gx:coord>20.439911 52.656784 464</gx:coord>
<gx:coord>20.444929 52.663243 449</gx:coord>
<gx:coord>20.446969 52.66585 457</gx:coord>
<gx:coord>20.453953 52.674742 449</gx:coord>
<gx:coord>20.459518 52.682144 449</gx:coord>
<gx:coord>20.464859 52.688507 434</gx:coord>
<gx:coord>20.469131 52.693909 434</gx:coord>
<gx:coord>20.472641 52.698441 464</gx:coord>
<gx:coord>20.476318 52.702999 464</gx:coord>
<gx:coord>20.484009 52.712906 464</gx:coord>
<gx:coord>20.489578 52.720093 472</gx:coord>
<gx:coord>20.494681 52.72702 487</gx:coord>
<gx:coord>20.499344 52.733231 502</gx:coord>
<gx:coord>20.499782 52.733863 502</gx:coord>
<gx:coord>20.500488 52.734747 495</gx:coord>
<gx:coord>20.506058 52.741699 480</gx:coord>
<gx:coord>20.514221 52.752182 487</gx:coord>
<gx:coord>20.52124 52.760834 495</gx:coord>
<gx:coord>20.528739 52.769615 487</gx:coord>
<gx:coord>20.533447 52.774782 480</gx:coord>
<gx:coord>20.535801 52.777157 472</gx:coord>
<gx:coord>20.538788 52.78038 457</gx:coord>
<gx:coord>20.540745 52.78265 457</gx:coord>
<gx:coord>20.549774 52.79306 457</gx:coord>
<gx:coord>20.558794 52.803412 457</gx:coord>
<gx:coord>20.565935 52.811652 449</gx:coord>
<gx:coord>20.574881 52.821614 457</gx:coord>
<gx:coord>20.583496 52.831329 449</gx:coord>
<gx:coord>20.59089 52.839397 457</gx:coord>
<gx:coord>20.595474 52.844467 457</gx:coord>
<gx:coord>20.599993 52.849452 457</gx:coord>
<gx:coord>20.60478 52.855225 449</gx:coord>
<gx:coord>20.607834 52.859482 457</gx:coord>
<gx:coord>20.610504 52.863144 464</gx:coord>
<gx:coord>20.617964 52.87324 472</gx:coord>
<gx:coord>20.620632 52.876918 480</gx:coord>
<gx:coord>20.626907 52.885025 472</gx:coord>
<gx:coord>20.633698 52.893768 464</gx:coord>
<gx:coord>20.641632 52.903702 472</gx:coord>
<gx:coord>20.644645 52.907689 472</gx:coord>
<gx:coord>20.648956 52.913956 472</gx:coord>
<gx:coord>20.653305 52.920364 464</gx:coord>
<gx:coord>20.657883 52.927139 464</gx:coord>
<gx:coord>20.664825 52.937164 464</gx:coord>
<gx:coord>20.669128 52.943953 464</gx:coord>
<gx:coord>20.673288 52.950424 457</gx:coord>
<gx:coord>20.676505 52.954986 495</gx:coord>
<gx:coord>20.67831 52.957453 487</gx:coord>
<gx:coord>20.685294 52.967322 480</gx:coord>
<gx:coord>20.6922 52.977191 472</gx:coord>
<gx:coord>20.698635 52.987154 457</gx:coord>
<gx:coord>20.704803 52.996948 441</gx:coord>
<gx:coord>20.706253 52.999329 449</gx:coord>
<gx:coord>20.713074 53.009731 457</gx:coord>
<gx:coord>20.718307 53.017776 441</gx:coord>
<gx:coord>20.719223 53.01915 434</gx:coord>
<gx:coord>20.719681 53.019882 426</gx:coord>
<gx:coord>20.721784 53.023092 411</gx:coord>
<gx:coord>20.724716 53.02771 380</gx:coord>
<gx:coord>20.72563 53.029144 380</gx:coord>
<gx:coord>20.730181 53.036965 365</gx:coord>
<gx:coord>20.731201 53.038594 365</gx:coord>
<gx:coord>20.73693 53.047765 335</gx:coord>
<gx:coord>20.73822 53.04982 342</gx:coord>
<gx:coord>20.739362 53.051629 350</gx:coord>
<gx:coord>20.742815 53.057029 342</gx:coord>
<gx:coord>20.745087 53.060669 327</gx:coord>
<gx:coord>20.745087 53.060669 327</gx:coord>
<gx:coord>20.301165 53.616211 465</gx:coord>
<gx:coord>20.300537 53.617035 465</gx:coord>
<gx:coord>20.299909 53.618408 465</gx:coord>
<gx:coord>20.299595 53.618408 465</gx:coord>
<gx:coord>20.299595 53.61969 465</gx:coord>
<gx:coord>20.299342 53.621568 473</gx:coord>
<gx:coord>20.299203 53.625046 465</gx:coord>
<gx:coord>20.298776 53.629109 458</gx:coord>
<gx:coord>20.29834 53.630722 465</gx:coord>
<gx:coord>20.297564 53.632321 465</gx:coord>
<gx:coord>20.294656 53.638094 458</gx:coord>
<gx:coord>20.292314 53.642423 465</gx:coord>
<gx:coord>20.288845 53.648804 473</gx:coord>
<gx:coord>20.28779 53.650895 458</gx:coord>
<gx:coord>20.286804 53.65274 458</gx:coord>
<gx:coord>20.284921 53.656219 465</gx:coord>
<gx:coord>20.280519 53.664303 465</gx:coord>
<gx:coord>20.276803 53.670541 465</gx:coord>
<gx:coord>20.2726 53.677551 465</gx:coord>
<gx:coord>20.268206 53.685974 473</gx:coord>
<gx:coord>20.263474 53.69498 465</gx:coord>
<gx:coord>20.260123 53.701218 465</gx:coord>
<gx:coord>20.257377 53.706207 465</gx:coord>
<gx:coord>20.253688 53.713257 465</gx:coord>
<gx:coord>20.248038 53.723145 465</gx:coord>
<gx:coord>20.246233 53.726486 473</gx:coord>
<gx:coord>20.243722 53.731476 465</gx:coord>
<gx:coord>20.239563 53.739391 465</gx:coord>
<gx:coord>20.236973 53.744247 473</gx:coord>
<gx:coord>20.235928 53.745536 465</gx:coord>
<gx:coord>20.234797 53.746607 465</gx:coord>
<gx:coord>20.233343 53.747678 465</gx:coord>
<gx:coord>20.231716 53.748596 465</gx:coord>
<gx:coord>20.229675 53.749512 465</gx:coord>
<gx:coord>20.227688 53.750191 465</gx:coord>
<gx:coord>20.225265 53.750797 465</gx:coord>
<gx:coord>20.221436 53.751572 473</gx:coord>
<gx:coord>20.211705 53.753265 465</gx:coord>
<gx:coord>20.195618 53.755871 473</gx:coord>
<gx:coord>20.190203 53.75679 473</gx:coord>
<gx:coord>20.186974 53.75736 473</gx:coord>
<gx:coord>20.183258 53.758105 458</gx:coord>
<gx:coord>20.178118 53.759079 458</gx:coord>
<gx:coord>20.175503 53.759548 465</gx:coord>
<gx:coord>20.168717 53.760712 465</gx:coord>
<gx:coord>20.166698 53.761085 458</gx:coord>
<gx:coord>20.161366 53.762016 458</gx:coord>
<gx:coord>20.14869 53.764206 473</gx:coord>
<gx:coord>20.130265 53.767602 473</gx:coord>
<gx:coord>20.11936 53.769511 465</gx:coord>
<gx:coord>20.099649 53.772909 458</gx:coord>
<gx:coord>20.082615 53.775925 465</gx:coord>
<gx:coord>20.071472 53.777756 465</gx:coord>
<gx:coord>20.062085 53.779193 473</gx:coord>
<gx:coord>20.051907 53.78059 496</gx:coord>
<gx:coord>20.043379 53.781784 481</gx:coord>
<gx:coord>20.033334 53.783386 465</gx:coord>
<gx:coord>20.026664 53.784531 473</gx:coord>
<gx:coord>20.01505 53.786819 473</gx:coord>
<gx:coord>20.007154 53.788364 458</gx:coord>
<gx:coord>20.001741 53.789202 465</gx:coord>
<gx:coord>19.99132 53.790971 473</gx:coord>
<gx:coord>19.975972 53.793671 481</gx:coord>
<gx:coord>19.967974 53.795161 465</gx:coord>
<gx:coord>19.95925 53.796651 473</gx:coord>
<gx:coord>19.941441 53.799591 465</gx:coord>
<gx:coord>19.926139 53.802383 450</gx:coord>
<gx:coord>19.920232 53.803494 458</gx:coord>
<gx:coord>19.910758 53.805176 458</gx:coord>
<gx:coord>19.901814 53.806566 473</gx:coord>
<gx:coord>19.894948 53.807497 481</gx:coord>
<gx:coord>19.890198 53.808197 473</gx:coord>
<gx:coord>19.878468 53.810197 458</gx:coord>
<gx:coord>19.865543 53.812478 442</gx:coord>
<gx:coord>19.846959 53.81575 442</gx:coord>
<gx:coord>19.829773 53.818542 435</gx:coord>
<gx:coord>19.819013 53.820299 450</gx:coord>
<gx:coord>19.811015 53.821509 473</gx:coord>
<gx:coord>19.811015 53.821509 473</gx:coord>
<gx:coord>19.805995 53.822296 481</gx:coord>
<gx:coord>19.791143 53.824582 473</gx:coord>
<gx:coord>19.782257 53.825792 451</gx:coord>
<gx:coord>19.77741 53.826397 443</gx:coord>
<gx:coord>19.771109 53.827189 443</gx:coord>
<gx:coord>19.769584 53.827377 451</gx:coord>
<gx:coord>19.756568 53.829191 466</gx:coord>
<gx:coord>19.746148 53.830634 489</gx:coord>
<gx:coord>19.727245 53.833241 489</gx:coord>
<gx:coord>19.71991 53.834198 497</gx:coord>
<gx:coord>19.715908 53.834564 497</gx:coord>
<gx:coord>19.710604 53.83501 497</gx:coord>
<gx:coord>19.701718 53.835801 474</gx:coord>
<gx:coord>19.687422 53.837265 459</gx:coord>
<gx:coord>19.672555 53.838594 451</gx:coord>
<gx:coord>19.656267 53.839966 443</gx:coord>
<gx:coord>19.646301 53.841061 436</gx:coord>
<gx:coord>19.632084 53.842644 428</gx:coord>
<gx:coord>19.610111 53.861591 466</gx:coord>
<gx:coord>19.609889 53.865921 466</gx:coord>
<gx:coord>19.609384 53.872298 459</gx:coord>
<gx:coord>19.609419 53.876633 459</gx:coord>
<gx:coord>19.609654 53.883453 451</gx:coord>
<gx:coord>19.609732 53.885193 451</gx:coord>
<gx:coord>19.609869 53.88766 466</gx:coord>
<gx:coord>19.610046 53.896774 459</gx:coord>
<gx:coord>19.609949 53.903348 459</gx:coord>
<gx:coord>19.609788 53.909121 459</gx:coord>
<gx:coord>19.610111 53.912752 459</gx:coord>
<gx:coord>19.610439 53.918793 466</gx:coord>
<gx:coord>19.610596 53.930255 459</gx:coord>
<gx:coord>19.610757 53.940171 466</gx:coord>
<gx:coord>19.61091 53.949326 466</gx:coord>
<gx:coord>19.611323 53.959211 466</gx:coord>
<gx:coord>19.611484 53.965635 466</gx:coord>
<gx:coord>19.611888 53.981556 466</gx:coord>
<gx:coord>19.61205 53.995103 466</gx:coord>
<gx:coord>19.612292 54.004367 466</gx:coord>
<gx:coord>19.612373 54.007392 466</gx:coord>
<gx:coord>19.612793 54.028244 466</gx:coord>
<gx:coord>19.612696 54.029412 466</gx:coord>
<gx:coord>19.609626 54.060555 466</gx:coord>
<gx:coord>19.609465 54.062091 466</gx:coord>
<gx:coord>19.602437 54.072054 466</gx:coord>
<gx:coord>19.598354 54.0737 466</gx:coord>
<gx:coord>19.593567 54.075348 466</gx:coord>
<gx:coord>19.57586 54.080945 474</gx:coord>
<gx:coord>19.568104 54.083459 497</gx:coord>
<gx:coord>19.561942 54.085373 504</gx:coord>
<gx:coord>19.557077 54.086746 497</gx:coord>
<gx:coord>19.547667 54.089557 474</gx:coord>
<gx:coord>19.539427 54.092118 451</gx:coord>
<gx:coord>19.531672 54.094585 421</gx:coord>
<gx:coord>19.522548 54.097549 390</gx:coord>
<gx:coord>19.515329 54.099792 360</gx:coord>
<gx:coord>19.508084 54.102033 329</gx:coord>
<gx:coord>19.501621 54.104081 314</gx:coord>
<gx:coord>19.496338 54.105743 306</gx:coord>
<gx:coord>19.484495 54.109575 299</gx:coord>
<gx:coord>19.482291 54.110321 299</gx:coord>
<gx:coord>19.474495 54.112793 322</gx:coord>
<gx:coord>19.459377 54.117645 314</gx:coord>
<gx:coord>19.448305 54.121306 329</gx:coord>
<gx:coord>19.445478 54.122144 337</gx:coord>
<gx:coord>19.442976 54.122726 337</gx:coord>
<gx:coord>19.440465 54.123093 344</gx:coord>
<gx:coord>19.437796 54.123322 352</gx:coord>
<gx:coord>19.434572 54.123401 352</gx:coord>
<gx:coord>19.430452 54.123308 360</gx:coord>
<gx:coord>19.42294 54.122982 360</gx:coord>
<gx:coord>19.419434 54.122681 352</gx:coord>
<gx:coord>19.414538 54.122051 360</gx:coord>
<gx:coord>19.409449 54.121259 352</gx:coord>
<gx:coord>19.405329 54.120514 344</gx:coord>
<gx:coord>19.401532 54.11977 337</gx:coord>
<gx:coord>19.399972 54.119476 344</gx:coord>
<gx:coord>19.39717 54.118885 337</gx:coord>
<gx:coord>19.389738 54.117302 322</gx:coord>
<gx:coord>19.388042 54.117023 314</gx:coord>
<gx:coord>19.38671 54.116913 314</gx:coord>
<gx:coord>19.383807 54.116959 314</gx:coord>
<gx:coord>19.382225 54.117163 314</gx:coord>
<gx:coord>19.380824 54.117508 306</gx:coord>
<gx:coord>19.37964 54.117908 299</gx:coord>
<gx:coord>19.37847 54.118469 299</gx:coord>
<gx:coord>19.377702 54.118978 299</gx:coord>
<gx:coord>19.376813 54.11977 291</gx:coord>
<gx:coord>19.376273 54.120438 291</gx:coord>
<gx:coord>19.376038 54.120804 283</gx:coord>
<gx:coord>19.375724 54.121582 283</gx:coord>
<gx:coord>19.375253 54.123047 261</gx:coord>
<gx:coord>19.374551 54.126008 245</gx:coord>
<gx:coord>19.374233 54.128082 230</gx:coord>
<gx:coord>19.374147 54.129359 222</gx:coord>
<gx:coord>19.37439 54.130523 215</gx:coord>
<gx:coord>19.374625 54.131241 207</gx:coord>
<gx:coord>19.375253 54.132202 200</gx:coord>
<gx:coord>19.375925 54.132944 200</gx:coord>
<gx:coord>19.376979 54.133804 184</gx:coord>
<gx:coord>19.378106 54.134527 177</gx:coord>
<gx:coord>19.379177 54.135132 169</gx:coord>
<gx:coord>19.380691 54.13569 154</gx:coord>
<gx:coord>19.381845 54.136047 154</gx:coord>
<gx:coord>19.383922 54.136528 139</gx:coord>
<gx:coord>19.386507 54.136947 123</gx:coord>
<gx:coord>19.391435 54.137599 101</gx:coord>
<gx:coord>19.396676 54.138199 78</gx:coord>
<gx:coord>19.432876 54.141835 40</gx:coord>
<gx:coord>19.436227 54.142136 85</gx:coord>
<gx:coord>19.439601 54.142502 116</gx:coord>
<gx:coord>19.44257 54.14286 139</gx:coord>
<gx:coord>19.445478 54.143185 162</gx:coord>
<gx:coord>19.447659 54.143511 169</gx:coord>
<gx:coord>19.450001 54.143837 184</gx:coord>
<gx:coord>19.453233 54.144442 215</gx:coord>
<gx:coord>19.455688 54.144882 238</gx:coord>
<gx:coord>19.457756 54.145047 261</gx:coord>
<gx:coord>19.459298 54.145065 283</gx:coord>
<gx:coord>19.461392 54.145001 299</gx:coord>
<gx:coord>19.463693 54.144745 322</gx:coord>
<gx:coord>19.465431 54.144442 329</gx:coord>
<gx:coord>19.468016 54.143837 344</gx:coord>
<gx:coord>19.469955 54.143232 360</gx:coord>
<gx:coord>19.471732 54.142487 375</gx:coord>
<gx:coord>19.473267 54.141586 398</gx:coord>
<gx:coord>19.474601 54.140671 413</gx:coord>
<gx:coord>19.47617 54.139297 436</gx:coord>
<gx:coord>19.477347 54.138016 451</gx:coord>
<gx:coord>19.478194 54.136668 451</gx:coord>
<gx:coord>19.478838 54.135178 451</gx:coord>
<gx:coord>19.479074 54.13385 451</gx:coord>
<gx:coord>19.479002 54.132711 451</gx:coord>
<gx:coord>19.478679 54.131268 451</gx:coord>
<gx:coord>19.478194 54.130058 451</gx:coord>
<gx:coord>19.477467 54.128894 443</gx:coord>
<gx:coord>19.476417 54.12773 443</gx:coord>
<gx:coord>19.475071 54.126663 443</gx:coord>
<gx:coord>19.473994 54.126008 443</gx:coord>
<gx:coord>19.471247 54.124704 443</gx:coord>
<gx:coord>19.4695 54.124146 436</gx:coord>
<gx:coord>19.467531 54.123633 436</gx:coord>
<gx:coord>19.465188 54.123168 436</gx:coord>
<gx:coord>19.462202 54.122818 451</gx:coord>
<gx:coord>19.453313 54.121958 451</gx:coord>
<gx:coord>19.446447 54.121445 451</gx:coord>
<gx:coord>19.440857 54.121216 459</gx:coord>
<gx:coord>19.436349 54.121213 474</gx:coord>
<gx:coord>19.42916 54.121306 504</gx:coord>
<gx:coord>19.423593 54.121353 504</gx:coord>
<gx:coord>19.419385 54.121445 497</gx:coord>
<gx:coord>19.415023 54.121632 497</gx:coord>
<gx:coord>19.410723 54.121994 497</gx:coord>
<gx:coord>19.406541 54.122516 489</gx:coord>
<gx:coord>19.402583 54.123261 489</gx:coord>
<gx:coord>19.399815 54.123917 482</gx:coord>
<gx:coord>19.397574 54.124658 482</gx:coord>
<gx:coord>19.395393 54.125589 489</gx:coord>
<gx:coord>19.392439 54.127029 489</gx:coord>
<gx:coord>19.387234 54.129732 482</gx:coord>
<gx:coord>19.376979 54.134399 497</gx:coord>
<gx:coord>19.371408 54.137329 497</gx:coord>
<gx:coord>19.366311 54.14002 489</gx:coord>
<gx:coord>19.362192 54.142022 474</gx:coord>
<gx:coord>19.355477 54.145111 451</gx:coord>
<gx:coord>19.353871 54.145839 459</gx:coord>
<gx:coord>19.351868 54.146713 466</gx:coord>
<gx:coord>19.340724 54.15152 466</gx:coord>
<gx:coord>19.325597 54.158129 474</gx:coord>
<gx:coord>19.310355 54.16452 466</gx:coord>
<gx:coord>19.29568 54.170837 466</gx:coord>
<gx:coord>19.291588 54.172606 459</gx:coord>
<gx:coord>19.276482 54.179077 466</gx:coord>
<gx:coord>19.261618 54.185408 459</gx:coord>
<gx:coord>19.246399 54.191986 466</gx:coord>
<gx:coord>19.235726 54.196518 466</gx:coord>
<gx:coord>19.222935 54.20192 466</gx:coord>
<gx:coord>19.212969 54.206223 459</gx:coord>
<gx:coord>19.206929 54.209057 451</gx:coord>
<gx:coord>19.201517 54.211803 436</gx:coord>
<gx:coord>19.194842 54.215424 428</gx:coord>
<gx:coord>19.188485 54.219177 436</gx:coord>
<gx:coord>19.185926 54.220648 451</gx:coord>
<gx:coord>19.181815 54.223068 474</gx:coord>
<gx:coord>19.178048 54.225266 482</gx:coord>
<gx:coord>19.174595 54.227371 482</gx:coord>
<gx:coord>19.167507 54.231867 482</gx:coord>
<gx:coord>19.158945 54.237267 482</gx:coord>
<gx:coord>19.150975 54.242294 474</gx:coord>
<gx:coord>19.145639 54.245956 466</gx:coord>
<gx:coord>19.137214 54.252071 482</gx:coord>
<gx:coord>19.129159 54.258179 474</gx:coord>
<gx:coord>19.119523 54.265432 459</gx:coord>
<gx:coord>19.107971 54.273951 443</gx:coord>
<gx:coord>19.09957 54.28006 443</gx:coord>
<gx:coord>19.09299 54.284471 428</gx:coord>
<gx:coord>19.08475 54.289732 421</gx:coord>
<gx:coord>19.080006 54.292711 436</gx:coord>
<gx:coord>19.069686 54.299042 428</gx:coord>
<gx:coord>19.055453 54.307794 436</gx:coord>
<gx:coord>19.048597 54.311783 436</gx:coord>
<gx:coord>19.0448 54.313706 436</gx:coord>
<gx:coord>19.04172 54.315056 436</gx:coord>
<gx:coord>19.03761 54.316544 443</gx:coord>
<gx:coord>19.03398 54.317663 451</gx:coord>
<gx:coord>19.021696 54.32103 466</gx:coord>
<gx:coord>19.011598 54.324051 482</gx:coord>
<gx:coord>18.997692 54.328324 474</gx:coord>
<gx:coord>18.991565 54.330048 474</gx:coord>
<gx:coord>18.986955 54.331117 482</gx:coord>
<gx:coord>18.980982 54.332291 482</gx:coord>
<gx:coord>18.973888 54.333491 482</gx:coord>
<gx:coord>18.960625 54.335495 466</gx:coord>
<gx:coord>18.951832 54.337029 451</gx:coord>
<gx:coord>18.935421 54.340164 459</gx:coord>
<gx:coord>18.923789 54.342545 459</gx:coord>
<gx:coord>18.902976 54.346991 459</gx:coord>
<gx:coord>18.888568 54.34996 459</gx:coord>
<gx:coord>18.875562 54.352432 482</gx:coord>
<gx:coord>18.861991 54.354996 466</gx:coord>
<gx:coord>18.840826 54.358887 459</gx:coord>
<gx:coord>18.819984 54.362869 474</gx:coord>
<gx:coord>18.81029 54.364883 489</gx:coord>
<gx:coord>18.803101 54.36645 489</gx:coord>
<gx:coord>18.792033 54.368912 474</gx:coord>
<gx:coord>18.777816 54.372253 474</gx:coord>
<gx:coord>18.771057 54.373991 474</gx:coord>
<gx:coord>18.758671 54.377563 482</gx:coord>
<gx:coord>18.748585 54.380648 489</gx:coord>
<gx:coord>18.741677 54.382976 489</gx:coord>
<gx:coord>18.736213 54.385071 489</gx:coord>
<gx:coord>18.724661 54.389786 474</gx:coord>
<gx:coord>18.712463 54.394547 466</gx:coord>
<gx:coord>18.701893 54.398757 474</gx:coord>
<gx:coord>18.697648 54.400154 474</gx:coord>
<gx:coord>18.68419 54.404205 482</gx:coord>
<gx:coord>18.674927 54.406764 474</gx:coord>
<gx:coord>18.666579 54.409058 474</gx:coord>
<gx:coord>18.658697 54.411419 497</gx:coord>
<gx:coord>18.650585 54.413635 497</gx:coord>
<gx:coord>18.645547 54.414911 497</gx:coord>
<gx:coord>18.637175 54.417114 482</gx:coord>
<gx:coord>18.624169 54.420959 466</gx:coord>
<gx:coord>18.610355 54.424667 459</gx:coord>
<gx:coord>18.590644 54.430069 459</gx:coord>
<gx:coord>18.577631 54.433811 466</gx:coord>
<gx:coord>18.568393 54.436744 474</gx:coord>
<gx:coord>18.558322 54.440096 482</gx:coord>
<gx:coord>18.549666 54.443261 482</gx:coord>
<gx:coord>18.542256 54.446136 482</gx:coord>
<gx:coord>18.537098 54.448382 474</gx:coord>
<gx:coord>18.531772 54.450709 474</gx:coord>
<gx:coord>18.529108 54.451641 474</gx:coord>
<gx:coord>18.526112 54.452478 482</gx:coord>
<gx:coord>18.523365 54.453037 474</gx:coord>
<gx:coord>18.52101 54.453323 474</gx:coord>
<gx:coord>18.518455 54.453409 489</gx:coord>
<gx:coord>18.518455 54.453409 489</gx:coord>
<gx:coord>18.516208 54.453316 489</gx:coord>
<gx:coord>18.513094 54.453003 489</gx:coord>
<gx:coord>18.510266 54.452499 489</gx:coord>
<gx:coord>18.507843 54.451859 482</gx:coord>
<gx:coord>18.505804 54.451128 482</gx:coord>
<gx:coord>18.503057 54.449965 482</gx:coord>
<gx:coord>18.500653 54.448654 482</gx:coord>
<gx:coord>18.497826 54.446869 474</gx:coord>
<gx:coord>18.494837 54.444672 459</gx:coord>
<gx:coord>18.491488 54.441958 459</gx:coord>
<gx:coord>18.486921 54.437897 451</gx:coord>
<gx:coord>18.484336 54.435242 451</gx:coord>
<gx:coord>18.480296 54.430801 436</gx:coord>
<gx:coord>18.477755 54.428504 436</gx:coord>
<gx:coord>18.475508 54.426735 436</gx:coord>
<gx:coord>18.473268 54.424896 443</gx:coord>
<gx:coord>18.472057 54.423615 443</gx:coord>
<gx:coord>18.47143 54.422545 443</gx:coord>
<gx:coord>18.470926 54.421234 443</gx:coord>
<gx:coord>18.470764 54.419892 436</gx:coord>
<gx:coord>18.471014 54.418495 428</gx:coord>
<gx:coord>18.471513 54.417425 421</gx:coord>
<gx:coord>18.472299 54.416245 421</gx:coord>
<gx:coord>18.473677 54.414725 405</gx:coord>
<gx:coord>18.475841 54.412583 398</gx:coord>
<gx:coord>18.478277 54.410614 390</gx:coord>
<gx:coord>18.4807 54.408737 382</gx:coord>
<gx:coord>18.481584 54.407881 375</gx:coord>
<gx:coord>18.481993 54.407135 375</gx:coord>
<gx:coord>18.482316 54.406265 367</gx:coord>
<gx:coord>18.48225 54.405647 367</gx:coord>
<gx:coord>18.482 54.404902 367</gx:coord>
<gx:coord>18.481418 54.404064 367</gx:coord>
<gx:coord>18.480862 54.403564 367</gx:coord>
<gx:coord>18.479812 54.402878 367</gx:coord>
<gx:coord>18.479085 54.402512 367</gx:coord>
<gx:coord>18.47755 54.402008 367</gx:coord>
<gx:coord>18.476096 54.401642 367</gx:coord>
<gx:coord>18.475207 54.40155 360</gx:coord>
<gx:coord>18.473834 54.401413 360</gx:coord>
<gx:coord>18.472762 54.401411 375</gx:coord>
<gx:coord>18.471347 54.401504 375</gx:coord>
<gx:coord>18.468267 54.401783 375</gx:coord>
<gx:coord>18.459195 54.402854 390</gx:coord>
<gx:coord>18.451372 54.403831 398</gx:coord>
<gx:coord>18.443864 54.404938 413</gx:coord>
<gx:coord>18.441551 54.405135 413</gx:coord>
<gx:coord>18.439636 54.405088 413</gx:coord>
<gx:coord>18.437724 54.404892 421</gx:coord>
<gx:coord>18.435947 54.404617 421</gx:coord>
<gx:coord>18.433893 54.404064 421</gx:coord>
<gx:coord>18.432395 54.403505 421</gx:coord>
<gx:coord>18.4311 54.402878 413</gx:coord>
<gx:coord>18.429808 54.402054 413</gx:coord>
<gx:coord>18.428111 54.400726 398</gx:coord>
<gx:coord>18.426985 54.399549 390</gx:coord>
<gx:coord>18.426092 54.398483 382</gx:coord>
<gx:coord>18.425769 54.398026 375</gx:coord>
<gx:coord>18.425237 54.396942 367</gx:coord>
<gx:coord>18.424905 54.395824 367</gx:coord>
<gx:coord>18.424799 54.394775 352</gx:coord>
<gx:coord>18.424905 54.393962 352</gx:coord>
<gx:coord>18.425122 54.393127 337</gx:coord>
<gx:coord>18.425526 54.392166 329</gx:coord>
<gx:coord>18.426236 54.391076 314</gx:coord>
<gx:coord>18.427152 54.390052 306</gx:coord>
<gx:coord>18.428317 54.389028 291</gx:coord>
<gx:coord>18.429808 54.387863 268</gx:coord>
<gx:coord>18.431147 54.387026 253</gx:coord>
<gx:coord>18.432645 54.386281 238</gx:coord>
<gx:coord>18.43356 54.385909 238</gx:coord>
<gx:coord>18.435308 54.385304 222</gx:coord>
<gx:coord>18.437805 54.384567 207</gx:coord>
<gx:coord>18.442633 54.383395 177</gx:coord>
<gx:coord>18.44758 54.382187 154</gx:coord>
<gx:coord>18.44758 54.382187 154</gx:coord>
<gx:coord>20.301165 53.616211 465</gx:coord>
<gx:coord>20.300537 53.617035 465</gx:coord>
<gx:coord>20.299909 53.618408 465</gx:coord>
<gx:coord>20.299595 53.618408 465</gx:coord>
<gx:coord>20.299595 53.61969 465</gx:coord>
<gx:coord>20.299342 53.621568 473</gx:coord>
<gx:coord>20.299203 53.625046 465</gx:coord>
<gx:coord>20.298776 53.629109 458</gx:coord>
<gx:coord>20.29834 53.630722 465</gx:coord>
<gx:coord>20.297564 53.632321 465</gx:coord>
<gx:coord>20.294656 53.638094 458</gx:coord>
<gx:coord>20.292314 53.642423 465</gx:coord>
<gx:coord>20.288845 53.648804 473</gx:coord>
<gx:coord>20.28779 53.650895 458</gx:coord>
<gx:coord>20.286804 53.65274 458</gx:coord>
<gx:coord>20.284921 53.656219 465</gx:coord>
<gx:coord>20.280519 53.664303 465</gx:coord>
<gx:coord>20.276803 53.670541 465</gx:coord>
<gx:coord>20.2726 53.677551 465</gx:coord>
<gx:coord>20.268206 53.685974 473</gx:coord>
<gx:coord>20.263474 53.69498 465</gx:coord>
<gx:coord>20.260123 53.701218 465</gx:coord>
<gx:coord>20.257377 53.706207 465</gx:coord>
<gx:coord>20.253688 53.713257 465</gx:coord>
<gx:coord>20.248038 53.723145 465</gx:coord>
<gx:coord>20.246233 53.726486 473</gx:coord>
<gx:coord>20.243722 53.731476 465</gx:coord>
<gx:coord>20.239563 53.739391 465</gx:coord>
<gx:coord>20.236973 53.744247 473</gx:coord>
<gx:coord>20.235928 53.745536 465</gx:coord>
<gx:coord>20.234797 53.746607 465</gx:coord>
<gx:coord>20.233343 53.747678 465</gx:coord>
<gx:coord>20.231716 53.748596 465</gx:coord>
<gx:coord>20.229675 53.749512 465</gx:coord>
<gx:coord>20.227688 53.750191 465</gx:coord>
<gx:coord>20.225265 53.750797 465</gx:coord>
<gx:coord>20.221436 53.751572 473</gx:coord>
<gx:coord>20.211705 53.753265 465</gx:coord>
<gx:coord>20.195618 53.755871 473</gx:coord>
<gx:coord>20.190203 53.75679 473</gx:coord>
<gx:coord>20.186974 53.75736 473</gx:coord>
<gx:coord>20.183258 53.758105 458</gx:coord>
<gx:coord>20.178118 53.759079 458</gx:coord>
<gx:coord>20.175503 53.759548 465</gx:coord>
<gx:coord>20.168717 53.760712 465</gx:coord>
<gx:coord>20.166698 53.761085 458</gx:coord>
<gx:coord>20.161366 53.762016 458</gx:coord>
<gx:coord>20.14869 53.764206 473</gx:coord>
<gx:coord>20.130265 53.767602 473</gx:coord>
<gx:coord>20.11936 53.769511 465</gx:coord>
<gx:coord>20.099649 53.772909 458</gx:coord>
<gx:coord>20.082615 53.775925 465</gx:coord>
<gx:coord>20.071472 53.777756 465</gx:coord>
<gx:coord>20.062085 53.779193 473</gx:coord>
<gx:coord>20.051907 53.78059 496</gx:coord>
<gx:coord>20.043379 53.781784 481</gx:coord>
<gx:coord>20.033334 53.783386 465</gx:coord>
<gx:coord>20.026664 53.784531 473</gx:coord>
<gx:coord>20.01505 53.786819 473</gx:coord>
<gx:coord>20.007154 53.788364 458</gx:coord>
<gx:coord>20.001741 53.789202 465</gx:coord>
<gx:coord>19.99132 53.790971 473</gx:coord>
<gx:coord>19.975972 53.793671 481</gx:coord>
<gx:coord>19.967974 53.795161 465</gx:coord>
<gx:coord>19.95925 53.796651 473</gx:coord>
<gx:coord>19.941441 53.799591 465</gx:coord>
<gx:coord>19.926139 53.802383 450</gx:coord>
<gx:coord>19.920232 53.803494 458</gx:coord>
<gx:coord>19.910758 53.805176 458</gx:coord>
<gx:coord>19.901814 53.806566 473</gx:coord>
<gx:coord>19.894948 53.807497 481</gx:coord>
<gx:coord>19.890198 53.808197 473</gx:coord>
<gx:coord>19.878468 53.810197 458</gx:coord>
<gx:coord>19.865543 53.812478 442</gx:coord>
<gx:coord>19.846959 53.81575 442</gx:coord>
<gx:coord>19.829773 53.818542 435</gx:coord>
<gx:coord>19.819013 53.820299 450</gx:coord>
<gx:coord>19.811015 53.821509 473</gx:coord>
<gx:coord>19.811015 53.821509 473</gx:coord>
<gx:coord>19.805995 53.822296 481</gx:coord>
<gx:coord>19.791143 53.824582 473</gx:coord>
<gx:coord>19.782257 53.825792 451</gx:coord>
<gx:coord>19.77741 53.826397 443</gx:coord>
<gx:coord>19.771109 53.827189 443</gx:coord>
<gx:coord>19.769584 53.827377 451</gx:coord>
<gx:coord>19.756568 53.829191 466</gx:coord>
<gx:coord>19.746148 53.830634 489</gx:coord>
<gx:coord>19.727245 53.833241 489</gx:coord>
<gx:coord>19.71991 53.834198 497</gx:coord>
<gx:coord>19.715908 53.834564 497</gx:coord>
<gx:coord>19.710604 53.83501 497</gx:coord>
<gx:coord>19.701718 53.835801 474</gx:coord>
<gx:coord>19.687422 53.837265 459</gx:coord>
<gx:coord>19.672555 53.838594 451</gx:coord>
<gx:coord>19.656267 53.839966 443</gx:coord>
<gx:coord>19.646301 53.841061 436</gx:coord>
<gx:coord>19.632084 53.842644 428</gx:coord>
<gx:coord>19.610111 53.861591 466</gx:coord>
<gx:coord>19.609889 53.865921 466</gx:coord>
<gx:coord>19.609384 53.872298 459</gx:coord>
<gx:coord>19.609419 53.876633 459</gx:coord>
<gx:coord>19.609654 53.883453 451</gx:coord>
<gx:coord>19.609732 53.885193 451</gx:coord>
<gx:coord>19.609869 53.88766 466</gx:coord>
<gx:coord>19.610046 53.896774 459</gx:coord>
<gx:coord>19.609949 53.903348 459</gx:coord>
<gx:coord>19.609788 53.909121 459</gx:coord>
<gx:coord>19.610111 53.912752 459</gx:coord>
<gx:coord>19.610439 53.918793 466</gx:coord>
<gx:coord>19.610596 53.930255 459</gx:coord>
<gx:coord>19.610757 53.940171 466</gx:coord>
<gx:coord>19.61091 53.949326 466</gx:coord>
<gx:coord>19.611323 53.959211 466</gx:coord>
<gx:coord>19.611484 53.965635 466</gx:coord>
<gx:coord>19.611888 53.981556 466</gx:coord>
<gx:coord>19.61205 53.995103 466</gx:coord>
<gx:coord>19.612292 54.004367 466</gx:coord>
<gx:coord>19.612373 54.007392 466</gx:coord>
<gx:coord>19.612793 54.028244 466</gx:coord>
<gx:coord>19.612696 54.029412 466</gx:coord>
<gx:coord>19.609626 54.060555 466</gx:coord>
<gx:coord>19.609465 54.062091 466</gx:coord>
<gx:coord>19.602437 54.072054 466</gx:coord>
<gx:coord>19.598354 54.0737 466</gx:coord>
<gx:coord>19.593567 54.075348 466</gx:coord>
<gx:coord>19.57586 54.080945 474</gx:coord>
<gx:coord>19.568104 54.083459 497</gx:coord>
<gx:coord>19.561942 54.085373 504</gx:coord>
<gx:coord>19.557077 54.086746 497</gx:coord>
<gx:coord>19.547667 54.089557 474</gx:coord>
<gx:coord>19.539427 54.092118 451</gx:coord>
<gx:coord>19.531672 54.094585 421</gx:coord>
<gx:coord>19.522548 54.097549 390</gx:coord>
<gx:coord>19.515329 54.099792 360</gx:coord>
<gx:coord>19.508084 54.102033 329</gx:coord>
<gx:coord>19.501621 54.104081 314</gx:coord>
<gx:coord>19.496338 54.105743 306</gx:coord>
<gx:coord>19.484495 54.109575 299</gx:coord>
<gx:coord>19.482291 54.110321 299</gx:coord>
<gx:coord>19.474495 54.112793 322</gx:coord>
<gx:coord>19.459377 54.117645 314</gx:coord>
<gx:coord>19.448305 54.121306 329</gx:coord>
<gx:coord>19.445478 54.122144 337</gx:coord>
<gx:coord>19.442976 54.122726 337</gx:coord>
<gx:coord>19.440465 54.123093 344</gx:coord>
<gx:coord>19.437796 54.123322 352</gx:coord>
<gx:coord>19.434572 54.123401 352</gx:coord>
<gx:coord>19.430452 54.123308 360</gx:coord>
<gx:coord>19.42294 54.122982 360</gx:coord>
<gx:coord>19.419434 54.122681 352</gx:coord>
<gx:coord>19.414538 54.122051 360</gx:coord>
<gx:coord>19.409449 54.121259 352</gx:coord>
<gx:coord>19.405329 54.120514 344</gx:coord>
<gx:coord>19.401532 54.11977 337</gx:coord>
<gx:coord>19.399972 54.119476 344</gx:coord>
<gx:coord>19.39717 54.118885 337</gx:coord>
<gx:coord>19.389738 54.117302 322</gx:coord>
<gx:coord>19.388042 54.117023 314</gx:coord>
<gx:coord>19.38671 54.116913 314</gx:coord>
<gx:coord>19.383807 54.116959 314</gx:coord>
<gx:coord>19.382225 54.117163 314</gx:coord>
<gx:coord>19.380824 54.117508 306</gx:coord>
<gx:coord>19.37964 54.117908 299</gx:coord>
<gx:coord>19.37847 54.118469 299</gx:coord>
<gx:coord>19.377702 54.118978 299</gx:coord>
<gx:coord>19.376813 54.11977 291</gx:coord>
<gx:coord>19.376273 54.120438 291</gx:coord>
<gx:coord>19.376038 54.120804 283</gx:coord>
<gx:coord>19.375724 54.121582 283</gx:coord>
<gx:coord>19.375253 54.123047 261</gx:coord>
<gx:coord>19.374551 54.126008 245</gx:coord>
<gx:coord>19.374233 54.128082 230</gx:coord>
<gx:coord>19.374147 54.129359 222</gx:coord>
<gx:coord>19.37439 54.130523 215</gx:coord>
<gx:coord>19.374625 54.131241 207</gx:coord>
<gx:coord>19.375253 54.132202 200</gx:coord>
<gx:coord>19.375925 54.132944 200</gx:coord>
<gx:coord>19.376979 54.133804 184</gx:coord>
<gx:coord>19.378106 54.134527 177</gx:coord>
<gx:coord>19.379177 54.135132 169</gx:coord>
<gx:coord>19.380691 54.13569 154</gx:coord>
<gx:coord>19.381845 54.136047 154</gx:coord>
<gx:coord>19.383922 54.136528 139</gx:coord>
<gx:coord>19.386507 54.136947 123</gx:coord>
<gx:coord>19.391435 54.137599 101</gx:coord>
<gx:coord>19.396676 54.138199 78</gx:coord>
<gx:coord>19.432876 54.141835 40</gx:coord>
<gx:coord>19.436227 54.142136 85</gx:coord>
<gx:coord>19.439601 54.142502 116</gx:coord>
<gx:coord>19.44257 54.14286 139</gx:coord>
<gx:coord>19.445478 54.143185 162</gx:coord>
<gx:coord>19.447659 54.143511 169</gx:coord>
<gx:coord>19.450001 54.143837 184</gx:coord>
<gx:coord>19.453233 54.144442 215</gx:coord>
<gx:coord>19.455688 54.144882 238</gx:coord>
<gx:coord>19.457756 54.145047 261</gx:coord>
<gx:coord>19.459298 54.145065 283</gx:coord>
<gx:coord>19.461392 54.145001 299</gx:coord>
<gx:coord>19.463693 54.144745 322</gx:coord>
<gx:coord>19.465431 54.144442 329</gx:coord>
<gx:coord>19.468016 54.143837 344</gx:coord>
<gx:coord>19.469955 54.143232 360</gx:coord>
<gx:coord>19.471732 54.142487 375</gx:coord>
<gx:coord>19.473267 54.141586 398</gx:coord>
<gx:coord>19.474601 54.140671 413</gx:coord>
<gx:coord>19.47617 54.139297 436</gx:coord>
<gx:coord>19.477347 54.138016 451</gx:coord>
<gx:coord>19.478194 54.136668 451</gx:coord>
<gx:coord>19.478838 54.135178 451</gx:coord>
<gx:coord>19.479074 54.13385 451</gx:coord>
<gx:coord>19.479002 54.132711 451</gx:coord>
<gx:coord>19.478679 54.131268 451</gx:coord>
<gx:coord>19.478194 54.130058 451</gx:coord>
<gx:coord>19.477467 54.128894 443</gx:coord>
<gx:coord>19.476417 54.12773 443</gx:coord>
<gx:coord>19.475071 54.126663 443</gx:coord>
<gx:coord>19.473994 54.126008 443</gx:coord>
<gx:coord>19.471247 54.124704 443</gx:coord>
<gx:coord>19.4695 54.124146 436</gx:coord>
<gx:coord>19.467531 54.123633 436</gx:coord>
<gx:coord>19.465188 54.123168 436</gx:coord>
<gx:coord>19.462202 54.122818 451</gx:coord>
<gx:coord>19.453313 54.121958 451</gx:coord>
<gx:coord>19.446447 54.121445 451</gx:coord>
<gx:coord>19.440857 54.121216 459</gx:coord>
<gx:coord>19.436349 54.121213 474</gx:coord>
<gx:coord>19.42916 54.121306 504</gx:coord>
<gx:coord>19.423593 54.121353 504</gx:coord>
<gx:coord>19.419385 54.121445 497</gx:coord>
<gx:coord>19.415023 54.121632 497</gx:coord>
<gx:coord>19.410723 54.121994 497</gx:coord>
<gx:coord>19.406541 54.122516 489</gx:coord>
<gx:coord>19.402583 54.123261 489</gx:coord>
<gx:coord>19.399815 54.123917 482</gx:coord>
<gx:coord>19.397574 54.124658 482</gx:coord>
<gx:coord>19.395393 54.125589 489</gx:coord>
<gx:coord>19.392439 54.127029 489</gx:coord>
<gx:coord>19.387234 54.129732 482</gx:coord>
<gx:coord>19.376979 54.134399 497</gx:coord>
<gx:coord>19.371408 54.137329 497</gx:coord>
<gx:coord>19.366311 54.14002 489</gx:coord>
<gx:coord>19.362192 54.142022 474</gx:coord>
<gx:coord>19.355477 54.145111 451</gx:coord>
<gx:coord>19.353871 54.145839 459</gx:coord>
<gx:coord>19.351868 54.146713 466</gx:coord>
<gx:coord>19.340724 54.15152 466</gx:coord>
<gx:coord>19.325597 54.158129 474</gx:coord>
<gx:coord>19.310355 54.16452 466</gx:coord>
<gx:coord>19.29568 54.170837 466</gx:coord>
<gx:coord>19.291588 54.172606 459</gx:coord>
<gx:coord>19.276482 54.179077 466</gx:coord>
<gx:coord>19.261618 54.185408 459</gx:coord>
<gx:coord>19.246399 54.191986 466</gx:coord>
<gx:coord>19.235726 54.196518 466</gx:coord>
<gx:coord>19.222935 54.20192 466</gx:coord>
<gx:coord>19.212969 54.206223 459</gx:coord>
<gx:coord>19.206929 54.209057 451</gx:coord>
<gx:coord>19.201517 54.211803 436</gx:coord>
<gx:coord>19.194842 54.215424 428</gx:coord>
<gx:coord>19.188485 54.219177 436</gx:coord>
<gx:coord>19.185926 54.220648 451</gx:coord>
<gx:coord>19.181815 54.223068 474</gx:coord>
<gx:coord>19.178048 54.225266 482</gx:coord>
<gx:coord>19.174595 54.227371 482</gx:coord>
<gx:coord>19.167507 54.231867 482</gx:coord>
<gx:coord>19.158945 54.237267 482</gx:coord>
<gx:coord>19.150975 54.242294 474</gx:coord>
<gx:coord>19.145639 54.245956 466</gx:coord>
<gx:coord>19.137214 54.252071 482</gx:coord>
<gx:coord>19.129159 54.258179 474</gx:coord>
<gx:coord>19.119523 54.265432 459</gx:coord>
<gx:coord>19.107971 54.273951 443</gx:coord>
<gx:coord>19.09957 54.28006 443</gx:coord>
<gx:coord>19.09299 54.284471 428</gx:coord>
<gx:coord>19.08475 54.289732 421</gx:coord>
<gx:coord>19.080006 54.292711 436</gx:coord>
<gx:coord>19.069686 54.299042 428</gx:coord>
<gx:coord>19.055453 54.307794 436</gx:coord>
<gx:coord>19.048597 54.311783 436</gx:coord>
<gx:coord>19.0448 54.313706 436</gx:coord>
<gx:coord>19.04172 54.315056 436</gx:coord>
<gx:coord>19.03761 54.316544 443</gx:coord>
<gx:coord>19.03398 54.317663 451</gx:coord>
<gx:coord>19.021696 54.32103 466</gx:coord>
<gx:coord>19.011598 54.324051 482</gx:coord>
<gx:coord>18.997692 54.328324 474</gx:coord>
<gx:coord>18.991565 54.330048 474</gx:coord>
<gx:coord>18.986955 54.331117 482</gx:coord>
<gx:coord>18.980982 54.332291 482</gx:coord>
<gx:coord>18.973888 54.333491 482</gx:coord>
<gx:coord>18.960625 54.335495 466</gx:coord>
<gx:coord>18.951832 54.337029 451</gx:coord>
<gx:coord>18.935421 54.340164 459</gx:coord>
<gx:coord>18.923789 54.342545 459</gx:coord>
<gx:coord>18.902976 54.346991 459</gx:coord>
<gx:coord>18.888568 54.34996 459</gx:coord>
<gx:coord>18.875562 54.352432 482</gx:coord>
<gx:coord>18.861991 54.354996 466</gx:coord>
<gx:coord>18.840826 54.358887 459</gx:coord>
<gx:coord>18.819984 54.362869 474</gx:coord>
<gx:coord>18.81029 54.364883 489</gx:coord>
<gx:coord>18.803101 54.36645 489</gx:coord>
<gx:coord>18.792033 54.368912 474</gx:coord>
<gx:coord>18.777816 54.372253 474</gx:coord>
<gx:coord>18.771057 54.373991 474</gx:coord>
<gx:coord>18.758671 54.377563 482</gx:coord>
<gx:coord>18.748585 54.380648 489</gx:coord>
<gx:coord>18.741677 54.382976 489</gx:coord>
<gx:coord>18.736213 54.385071 489</gx:coord>
<gx:coord>18.724661 54.389786 474</gx:coord>
<gx:coord>18.712463 54.394547 466</gx:coord>
<gx:coord>18.701893 54.398757 474</gx:coord>
<gx:coord>18.697648 54.400154 474</gx:coord>
<gx:coord>18.68419 54.404205 482</gx:coord>
<gx:coord>18.674927 54.406764 474</gx:coord>
<gx:coord>18.666579 54.409058 474</gx:coord>
<gx:coord>18.658697 54.411419 497</gx:coord>
<gx:coord>18.650585 54.413635 497</gx:coord>
<gx:coord>18.645547 54.414911 497</gx:coord>
<gx:coord>18.637175 54.417114 482</gx:coord>
<gx:coord>18.624169 54.420959 466</gx:coord>
<gx:coord>18.610355 54.424667 459</gx:coord>
<gx:coord>18.590644 54.430069 459</gx:coord>
<gx:coord>18.577631 54.433811 466</gx:coord>
<gx:coord>18.568393 54.436744 474</gx:coord>
<gx:coord>18.558322 54.440096 482</gx:coord>
<gx:coord>18.549666 54.443261 482</gx:coord>
<gx:coord>18.542256 54.446136 482</gx:coord>
<gx:coord>18.537098 54.448382 474</gx:coord>
<gx:coord>18.531772 54.450709 474</gx:coord>
<gx:coord>18.529108 54.451641 474</gx:coord>
<gx:coord>18.526112 54.452478 482</gx:coord>
<gx:coord>18.523365 54.453037 474</gx:coord>
<gx:coord>18.52101 54.453323 474</gx:coord>
<gx:coord>18.518455 54.453409 489</gx:coord>
<gx:coord>18.518455 54.453409 489</gx:coord>
<gx:coord>18.516208 54.453316 489</gx:coord>
<gx:coord>18.513094 54.453003 489</gx:coord>
<gx:coord>18.510266 54.452499 489</gx:coord>
<gx:coord>18.507843 54.451859 482</gx:coord>
<gx:coord>18.505804 54.451128 482</gx:coord>
<gx:coord>18.503057 54.449965 482</gx:coord>
<gx:coord>18.500653 54.448654 482</gx:coord>
<gx:coord>18.497826 54.446869 474</gx:coord>
<gx:coord>18.494837 54.444672 459</gx:coord>
<gx:coord>18.491488 54.441958 459</gx:coord>
<gx:coord>18.486921 54.437897 451</gx:coord>
<gx:coord>18.484336 54.435242 451</gx:coord>
<gx:coord>18.480296 54.430801 436</gx:coord>
<gx:coord>18.477755 54.428504 436</gx:coord>
<gx:coord>18.475508 54.426735 436</gx:coord>
<gx:coord>18.473268 54.424896 443</gx:coord>
<gx:coord>18.472057 54.423615 443</gx:coord>
<gx:coord>18.47143 54.422545 443</gx:coord>
<gx:coord>18.470926 54.421234 443</gx:coord>
<gx:coord>18.470764 54.419892 436</gx:coord>
<gx:coord>18.471014 54.418495 428</gx:coord>
<gx:coord>18.471513 54.417425 421</gx:coord>
<gx:coord>18.472299 54.416245 421</gx:coord>
<gx:coord>18.473677 54.414725 405</gx:coord>
<gx:coord>18.475841 54.412583 398</gx:coord>
<gx:coord>18.478277 54.410614 390</gx:coord>
<gx:coord>18.4807 54.408737 382</gx:coord>
<gx:coord>18.481584 54.407881 375</gx:coord>
<gx:coord>18.481993 54.407135 375</gx:coord>
<gx:coord>18.482316 54.406265 367</gx:coord>
<gx:coord>18.48225 54.405647 367</gx:coord>
<gx:coord>18.482 54.404902 367</gx:coord>
<gx:coord>18.481418 54.404064 367</gx:coord>
<gx:coord>18.480862 54.403564 367</gx:coord>
<gx:coord>18.479812 54.402878 367</gx:coord>
<gx:coord>18.479085 54.402512 367</gx:coord>
<gx:coord>18.47755 54.402008 367</gx:coord>
<gx:coord>18.476096 54.401642 367</gx:coord>
<gx:coord>18.475207 54.40155 360</gx:coord>
<gx:coord>18.473834 54.401413 360</gx:coord>
<gx:coord>18.472762 54.401411 375</gx:coord>
<gx:coord>18.471347 54.401504 375</gx:coord>
<gx:coord>18.468267 54.401783 375</gx:coord>
<gx:coord>18.459195 54.402854 390</gx:coord>
<gx:coord>18.451372 54.403831 398</gx:coord>
<gx:coord>18.443864 54.404938 413</gx:coord>
<gx:coord>18.441551 54.405135 413</gx:coord>
<gx:coord>18.439636 54.405088 413</gx:coord>
<gx:coord>18.437724 54.404892 421</gx:coord>
<gx:coord>18.435947 54.404617 421</gx:coord>
<gx:coord>18.433893 54.404064 421</gx:coord>
<gx:coord>18.432395 54.403505 421</gx:coord>
<gx:coord>18.4311 54.402878 413</gx:coord>
<gx:coord>18.429808 54.402054 413</gx:coord>
<gx:coord>18.428111 54.400726 398</gx:coord>
<gx:coord>18.426985 54.399549 390</gx:coord>
<gx:coord>18.426092 54.398483 382</gx:coord>
<gx:coord>18.425769 54.398026 375</gx:coord>
<gx:coord>18.425237 54.396942 367</gx:coord>
<gx:coord>18.424905 54.395824 367</gx:coord>
<gx:coord>18.424799 54.394775 352</gx:coord>
<gx:coord>18.424905 54.393962 352</gx:coord>
<gx:coord>18.425122 54.393127 337</gx:coord>
<gx:coord>18.425526 54.392166 329</gx:coord>
<gx:coord>18.426236 54.391076 314</gx:coord>
<gx:coord>18.427152 54.390052 306</gx:coord>
<gx:coord>18.428317 54.389028 291</gx:coord>
<gx:coord>18.429808 54.387863 268</gx:coord>
<gx:coord>18.431147 54.387026 253</gx:coord>
<gx:coord>18.432645 54.386281 238</gx:coord>
<gx:coord>18.43356 54.385909 238</gx:coord>
<gx:coord>18.435308 54.385304 222</gx:coord>
<gx:coord>18.437805 54.384567 207</gx:coord>
<gx:coord>18.442633 54.383395 177</gx:coord>
<gx:coord>18.44758 54.382187 154</gx:coord>
<gx:coord>18.44758 54.382187 154</gx:coord>
<gx:coord>20.301165 53.616211 465</gx:coord>
<gx:coord>20.300537 53.617035 465</gx:coord>
<gx:coord>20.299909 53.618408 465</gx:coord>
<gx:coord>20.299595 53.61969 465</gx:coord>
<gx:coord>20.299342 53.621568 473</gx:coord>
<gx:coord>20.299203 53.625046 465</gx:coord>
<gx:coord>20.298776 53.629109 458</gx:coord>
<gx:coord>20.29834 53.630722 465</gx:coord>
<gx:coord>20.297564 53.632321 465</gx:coord>
<gx:coord>20.294656 53.638094 458</gx:coord>
<gx:coord>20.292314 53.642423 465</gx:coord>
<gx:coord>20.288845 53.648804 473</gx:coord>
<gx:coord>20.28779 53.650895 458</gx:coord>
<gx:coord>20.286804 53.65274 458</gx:coord>
<gx:coord>20.284921 53.656219 465</gx:coord>
<gx:coord>20.280519 53.664303 465</gx:coord>
<gx:coord>20.276803 53.670541 465</gx:coord>
<gx:coord>20.2726 53.677551 465</gx:coord>
<gx:coord>20.268206 53.685974 473</gx:coord>
<gx:coord>20.263474 53.69498 465</gx:coord>
<gx:coord>20.260123 53.701218 465</gx:coord>
<gx:coord>20.257377 53.706207 465</gx:coord>
<gx:coord>20.253688 53.713257 465</gx:coord>
<gx:coord>20.248038 53.723145 465</gx:coord>
<gx:coord>20.246233 53.726486 473</gx:coord>
<gx:coord>20.243722 53.731476 465</gx:coord>
<gx:coord>20.239563 53.739391 465</gx:coord>
<gx:coord>20.236973 53.744247 473</gx:coord>
<gx:coord>20.235928 53.745536 465</gx:coord>
<gx:coord>20.234797 53.746607 465</gx:coord>
<gx:coord>20.233343 53.747678 465</gx:coord>
<gx:coord>20.231716 53.748596 465</gx:coord>
<gx:coord>20.229675 53.749512 465</gx:coord>
<gx:coord>20.227688 53.750191 465</gx:coord>
<gx:coord>20.225265 53.750797 465</gx:coord>
<gx:coord>20.221436 53.751572 473</gx:coord>
<gx:coord>20.211705 53.753265 465</gx:coord>
<gx:coord>20.195618 53.755871 473</gx:coord>
<gx:coord>20.190203 53.75679 473</gx:coord>
<gx:coord>20.186974 53.75736 473</gx:coord>
<gx:coord>20.183258 53.758105 458</gx:coord>
<gx:coord>20.178118 53.759079 458</gx:coord>
<gx:coord>20.175503 53.759548 465</gx:coord>
<gx:coord>20.168717 53.760712 465</gx:coord>
<gx:coord>20.166698 53.761085 458</gx:coord>
<gx:coord>20.161366 53.762016 458</gx:coord>
<gx:coord>20.14869 53.764206 473</gx:coord>
<gx:coord>20.130265 53.767602 473</gx:coord>
<gx:coord>20.11936 53.769511 465</gx:coord>
<gx:coord>20.099649 53.772909 458</gx:coord>
<gx:coord>20.082615 53.775925 465</gx:coord>
<gx:coord>20.071472 53.777756 465</gx:coord>
<gx:coord>20.062085 53.779193 473</gx:coord>
<gx:coord>20.051907 53.78059 496</gx:coord>
<gx:coord>20.043379 53.781784 481</gx:coord>
<gx:coord>20.033334 53.783386 465</gx:coord>
<gx:coord>20.026664 53.784531 473</gx:coord>
<gx:coord>20.01505 53.786819 473</gx:coord>
<gx:coord>20.007154 53.788364 458</gx:coord>
<gx:coord>20.001741 53.789202 465</gx:coord>
<gx:coord>19.99132 53.790971 473</gx:coord>
<gx:coord>19.975972 53.793671 481</gx:coord>
<gx:coord>19.967974 53.795161 465</gx:coord>
<gx:coord>19.95925 53.796651 473</gx:coord>
<gx:coord>19.941441 53.799591 465</gx:coord>
<gx:coord>19.926139 53.802383 450</gx:coord>
<gx:coord>19.920232 53.803494 458</gx:coord>
<gx:coord>19.910758 53.805176 458</gx:coord>
<gx:coord>19.901814 53.806566 473</gx:coord>
<gx:coord>19.894948 53.807497 481</gx:coord>
<gx:coord>19.890198 53.808197 473</gx:coord>
<gx:coord>19.878468 53.810197 458</gx:coord>
<gx:coord>19.865543 53.812478 442</gx:coord>
<gx:coord>19.846959 53.81575 442</gx:coord>
<gx:coord>19.829773 53.818542 435</gx:coord>
<gx:coord>19.819013 53.820299 450</gx:coord>
<gx:coord>19.811015 53.821509 473</gx:coord>
<gx:coord>19.811015 53.821509 473</gx:coord>
<gx:coord>19.805995 53.822296 481</gx:coord>
<gx:coord>19.791143 53.824582 473</gx:coord>
<gx:coord>19.782257 53.825792 451</gx:coord>
<gx:coord>19.77741 53.826397 443</gx:coord>
<gx:coord>19.771109 53.827189 443</gx:coord>
<gx:coord>19.769584 53.827377 451</gx:coord>
<gx:coord>19.756568 53.829191 466</gx:coord>
<gx:coord>19.746148 53.830634 489</gx:coord>
<gx:coord>19.727245 53.833241 489</gx:coord>
<gx:coord>19.71991 53.834198 497</gx:coord>
<gx:coord>19.715908 53.834564 497</gx:coord>
<gx:coord>19.710604 53.83501 497</gx:coord>
<gx:coord>19.701718 53.835801 474</gx:coord>
<gx:coord>19.687422 53.837265 459</gx:coord>
<gx:coord>19.672555 53.838594 451</gx:coord>
<gx:coord>19.656267 53.839966 443</gx:coord>
<gx:coord>19.646301 53.841061 436</gx:coord>
<gx:coord>19.632084 53.842644 428</gx:coord>
<gx:coord>19.610111 53.861591 466</gx:coord>
<gx:coord>19.609889 53.865921 466</gx:coord>
<gx:coord>19.609384 53.872298 459</gx:coord>
<gx:coord>19.609419 53.876633 459</gx:coord>
<gx:coord>19.609654 53.883453 451</gx:coord>
<gx:coord>19.609732 53.885193 451</gx:coord>
<gx:coord>19.609869 53.88766 466</gx:coord>
<gx:coord>19.610046 53.896774 459</gx:coord>
<gx:coord>19.609949 53.903348 459</gx:coord>
<gx:coord>19.609788 53.909121 459</gx:coord>
<gx:coord>19.610111 53.912752 459</gx:coord>
<gx:coord>19.610439 53.918793 466</gx:coord>
<gx:coord>19.610596 53.930255 459</gx:coord>
<gx:coord>19.610757 53.940171 466</gx:coord>
<gx:coord>19.61091 53.949326 466</gx:coord>
<gx:coord>19.611323 53.959211 466</gx:coord>
<gx:coord>19.611484 53.965635 466</gx:coord>
<gx:coord>19.611888 53.981556 466</gx:coord>
<gx:coord>19.61205 53.995103 466</gx:coord>
<gx:coord>19.612292 54.004367 466</gx:coord>
<gx:coord>19.612373 54.007392 466</gx:coord>
<gx:coord>19.612793 54.028244 466</gx:coord>
<gx:coord>19.612696 54.029412 466</gx:coord>
<gx:coord>19.609626 54.060555 466</gx:coord>
<gx:coord>19.609465 54.062091 466</gx:coord>
<gx:coord>19.602437 54.072054 466</gx:coord>
<gx:coord>19.598354 54.0737 466</gx:coord>
<gx:coord>19.593567 54.075348 466</gx:coord>
<gx:coord>19.57586 54.080945 474</gx:coord>
<gx:coord>19.568104 54.083459 497</gx:coord>
<gx:coord>19.561942 54.085373 504</gx:coord>
<gx:coord>19.557077 54.086746 497</gx:coord>
<gx:coord>19.547667 54.089557 474</gx:coord>
<gx:coord>19.539427 54.092118 451</gx:coord>
<gx:coord>19.531672 54.094585 421</gx:coord>
<gx:coord>19.522548 54.097549 390</gx:coord>
<gx:coord>19.515329 54.099792 360</gx:coord>
<gx:coord>19.508084 54.102033 329</gx:coord>
<gx:coord>19.501621 54.104081 314</gx:coord>
<gx:coord>19.496338 54.105743 306</gx:coord>
<gx:coord>19.484495 54.109575 299</gx:coord>
<gx:coord>19.482291 54.110321 299</gx:coord>
<gx:coord>19.474495 54.112793 322</gx:coord>
<gx:coord>19.459377 54.117645 314</gx:coord>
<gx:coord>19.448305 54.121306 329</gx:coord>
<gx:coord>19.445478 54.122144 337</gx:coord>
<gx:coord>19.442976 54.122726 337</gx:coord>
<gx:coord>19.440465 54.123093 344</gx:coord>
<gx:coord>19.437796 54.123322 352</gx:coord>
<gx:coord>19.434572 54.123401 352</gx:coord>
<gx:coord>19.430452 54.123308 360</gx:coord>
<gx:coord>19.42294 54.122982 360</gx:coord>
<gx:coord>19.419434 54.122681 352</gx:coord>
<gx:coord>19.414538 54.122051 360</gx:coord>
<gx:coord>19.409449 54.121259 352</gx:coord>
<gx:coord>19.405329 54.120514 344</gx:coord>
<gx:coord>19.401532 54.11977 337</gx:coord>
<gx:coord>19.399972 54.119476 344</gx:coord>
<gx:coord>19.39717 54.118885 337</gx:coord>
<gx:coord>19.389738 54.117302 322</gx:coord>
<gx:coord>19.388042 54.117023 314</gx:coord>
<gx:coord>19.38671 54.116913 314</gx:coord>
<gx:coord>19.383807 54.116959 314</gx:coord>
<gx:coord>19.382225 54.117163 314</gx:coord>
<gx:coord>19.380824 54.117508 306</gx:coord>
<gx:coord>19.37964 54.117908 299</gx:coord>
<gx:coord>19.37847 54.118469 299</gx:coord>
<gx:coord>19.377702 54.118978 299</gx:coord>
<gx:coord>19.376813 54.11977 291</gx:coord>
<gx:coord>19.376273 54.120438 291</gx:coord>
<gx:coord>19.376038 54.120804 283</gx:coord>
<gx:coord>19.375724 54.121582 283</gx:coord>
<gx:coord>19.375253 54.123047 261</gx:coord>
<gx:coord>19.374551 54.126008 245</gx:coord>
<gx:coord>19.374233 54.128082 230</gx:coord>
<gx:coord>19.374147 54.129359 222</gx:coord>
<gx:coord>19.37439 54.130523 215</gx:coord>
<gx:coord>19.374625 54.131241 207</gx:coord>
<gx:coord>19.375253 54.132202 200</gx:coord>
<gx:coord>19.375925 54.132944 200</gx:coord>
<gx:coord>19.376979 54.133804 184</gx:coord>
<gx:coord>19.378106 54.134527 177</gx:coord>
<gx:coord>19.379177 54.135132 169</gx:coord>
<gx:coord>19.380691 54.13569 154</gx:coord>
<gx:coord>19.381845 54.136047 154</gx:coord>
<gx:coord>19.383922 54.136528 139</gx:coord>
<gx:coord>19.386507 54.136947 123</gx:coord>
<gx:coord>19.391435 54.137599 101</gx:coord>
<gx:coord>19.396676 54.138199 78</gx:coord>
<gx:coord>19.432876 54.141835 40</gx:coord>
<gx:coord>19.436227 54.142136 85</gx:coord>
<gx:coord>19.439601 54.142502 116</gx:coord>
<gx:coord>19.44257 54.14286 139</gx:coord>
<gx:coord>19.445478 54.143185 162</gx:coord>
<gx:coord>19.447659 54.143511 169</gx:coord>
<gx:coord>19.450001 54.143837 184</gx:coord>
<gx:coord>19.453233 54.144442 215</gx:coord>
<gx:coord>19.455688 54.144882 238</gx:coord>
<gx:coord>19.457756 54.145047 261</gx:coord>
<gx:coord>19.459298 54.145065 283</gx:coord>
<gx:coord>19.461392 54.145001 299</gx:coord>
<gx:coord>19.463693 54.144745 322</gx:coord>
<gx:coord>19.465431 54.144442 329</gx:coord>
<gx:coord>19.468016 54.143837 344</gx:coord>
<gx:coord>19.469955 54.143232 360</gx:coord>
<gx:coord>19.471732 54.142487 375</gx:coord>
<gx:coord>19.473267 54.141586 398</gx:coord>
<gx:coord>19.474601 54.140671 413</gx:coord>
<gx:coord>19.47617 54.139297 436</gx:coord>
<gx:coord>19.477347 54.138016 451</gx:coord>
<gx:coord>19.478194 54.136668 451</gx:coord>
<gx:coord>19.478838 54.135178 451</gx:coord>
<gx:coord>19.479074 54.13385 451</gx:coord>
<gx:coord>19.479002 54.132711 451</gx:coord>
<gx:coord>19.478679 54.131268 451</gx:coord>
<gx:coord>19.478194 54.130058 451</gx:coord>
<gx:coord>19.477467 54.128894 443</gx:coord>
<gx:coord>19.476417 54.12773 443</gx:coord>
<gx:coord>19.475071 54.126663 443</gx:coord>
<gx:coord>19.473994 54.126008 443</gx:coord>
<gx:coord>19.471247 54.124704 443</gx:coord>
<gx:coord>19.4695 54.124146 436</gx:coord>
<gx:coord>19.467531 54.123633 436</gx:coord>
<gx:coord>19.465188 54.123168 436</gx:coord>
<gx:coord>19.462202 54.122818 451</gx:coord>
<gx:coord>19.453313 54.121958 451</gx:coord>
<gx:coord>19.446447 54.121445 451</gx:coord>
<gx:coord>19.440857 54.121216 459</gx:coord>
<gx:coord>19.436349 54.121213 474</gx:coord>
<gx:coord>19.42916 54.121306 504</gx:coord>
<gx:coord>19.423593 54.121353 504</gx:coord>
<gx:coord>19.419385 54.121445 497</gx:coord>
<gx:coord>19.415023 54.121632 497</gx:coord>
<gx:coord>19.410723 54.121994 497</gx:coord>
<gx:coord>19.406541 54.122516 489</gx:coord>
<gx:coord>19.402583 54.123261 489</gx:coord>
<gx:coord>19.399815 54.123917 482</gx:coord>
<gx:coord>19.397574 54.124658 482</gx:coord>
<gx:coord>19.395393 54.125589 489</gx:coord>
<gx:coord>19.392439 54.127029 489</gx:coord>
<gx:coord>19.387234 54.129732 482</gx:coord>
<gx:coord>19.376979 54.134399 497</gx:coord>
<gx:coord>19.371408 54.137329 497</gx:coord>
<gx:coord>19.366311 54.14002 489</gx:coord>
<gx:coord>19.362192 54.142022 474</gx:coord>
<gx:coord>19.355477 54.145111 451</gx:coord>
<gx:coord>19.353871 54.145839 459</gx:coord>
<gx:coord>19.351868 54.146713 466</gx:coord>
<gx:coord>19.340724 54.15152 466</gx:coord>
<gx:coord>19.325597 54.158129 474</gx:coord>
<gx:coord>19.310355 54.16452 466</gx:coord>
<gx:coord>19.29568 54.170837 466</gx:coord>
<gx:coord>19.291588 54.172606 459</gx:coord>
<gx:coord>19.276482 54.179077 466</gx:coord>
<gx:coord>19.261618 54.185408 459</gx:coord>
<gx:coord>19.246399 54.191986 466</gx:coord>
<gx:coord>19.235726 54.196518 466</gx:coord>
<gx:coord>19.222935 54.20192 466</gx:coord>
<gx:coord>19.212969 54.206223 459</gx:coord>
<gx:coord>19.206929 54.209057 451</gx:coord>
<gx:coord>19.201517 54.211803 436</gx:coord>
<gx:coord>19.194842 54.215424 428</gx:coord>
<gx:coord>19.188485 54.219177 436</gx:coord>
<gx:coord>19.185926 54.220648 451</gx:coord>
<gx:coord>19.181815 54.223068 474</gx:coord>
<gx:coord>19.178048 54.225266 482</gx:coord>
<gx:coord>19.174595 54.227371 482</gx:coord>
<gx:coord>19.167507 54.231867 482</gx:coord>
<gx:coord>19.158945 54.237267 482</gx:coord>
<gx:coord>19.150975 54.242294 474</gx:coord>
<gx:coord>19.145639 54.245956 466</gx:coord>
<gx:coord>19.137214 54.252071 482</gx:coord>
<gx:coord>19.129159 54.258179 474</gx:coord>
<gx:coord>19.119523 54.265432 459</gx:coord>
<gx:coord>19.107971 54.273951 443</gx:coord>
<gx:coord>19.09957 54.28006 443</gx:coord>
<gx:coord>19.09299 54.284471 428</gx:coord>
<gx:coord>19.08475 54.289732 421</gx:coord>
<gx:coord>19.080006 54.292711 436</gx:coord>
<gx:coord>19.069686 54.299042 428</gx:coord>
<gx:coord>19.055453 54.307794 436</gx:coord>
<gx:coord>19.048597 54.311783 436</gx:coord>
<gx:coord>19.0448 54.313706 436</gx:coord>
<gx:coord>19.04172 54.315056 436</gx:coord>
<gx:coord>19.03761 54.316544 443</gx:coord>
<gx:coord>19.03398 54.317663 451</gx:coord>
<gx:coord>19.021696 54.32103 466</gx:coord>
<gx:coord>19.011598 54.324051 482</gx:coord>
<gx:coord>18.997692 54.328324 474</gx:coord>
<gx:coord>18.991565 54.330048 474</gx:coord>
<gx:coord>18.986955 54.331117 482</gx:coord>
<gx:coord>18.980982 54.332291 482</gx:coord>
<gx:coord>18.973888 54.333491 482</gx:coord>
<gx:coord>18.960625 54.335495 466</gx:coord>
<gx:coord>18.951832 54.337029 451</gx:coord>
<gx:coord>18.935421 54.340164 459</gx:coord>
<gx:coord>18.923789 54.342545 459</gx:coord>
<gx:coord>18.902976 54.346991 459</gx:coord>
<gx:coord>18.888568 54.34996 459</gx:coord>
<gx:coord>18.875562 54.352432 482</gx:coord>
<gx:coord>18.861991 54.354996 466</gx:coord>
<gx:coord>18.840826 54.358887 459</gx:coord>
<gx:coord>18.819984 54.362869 474</gx:coord>
<gx:coord>18.81029 54.364883 489</gx:coord>
<gx:coord>18.803101 54.36645 489</gx:coord>
<gx:coord>18.792033 54.368912 474</gx:coord>
<gx:coord>18.777816 54.372253 474</gx:coord>
<gx:coord>18.771057 54.373991 474</gx:coord>
<gx:coord>18.758671 54.377563 482</gx:coord>
<gx:coord>18.748585 54.380648 489</gx:coord>
<gx:coord>18.741677 54.382976 489</gx:coord>
<gx:coord>18.736213 54.385071 489</gx:coord>
<gx:coord>18.724661 54.389786 474</gx:coord>
<gx:coord>18.712463 54.394547 466</gx:coord>
<gx:coord>18.701893 54.398757 474</gx:coord>
<gx:coord>18.697648 54.400154 474</gx:coord>
<gx:coord>18.68419 54.404205 482</gx:coord>
<gx:coord>18.674927 54.406764 474</gx:coord>
<gx:coord>18.666579 54.409058 474</gx:coord>
<gx:coord>18.658697 54.411419 497</gx:coord>
<gx:coord>18.650585 54.413635 497</gx:coord>
<gx:coord>18.645547 54.414911 497</gx:coord>
<gx:coord>18.637175 54.417114 482</gx:coord>
<gx:coord>18.624169 54.420959 466</gx:coord>
<gx:coord>18.610355 54.424667 459</gx:coord>
<gx:coord>18.590644 54.430069 459</gx:coord>
<gx:coord>18.577631 54.433811 466</gx:coord>
<gx:coord>18.568393 54.436744 474</gx:coord>
<gx:coord>18.558322 54.440096 482</gx:coord>
<gx:coord>18.549666 54.443261 482</gx:coord>
<gx:coord>18.542256 54.446136 482</gx:coord>
<gx:coord>18.537098 54.448382 474</gx:coord>
<gx:coord>18.531772 54.450709 474</gx:coord>
<gx:coord>18.529108 54.451641 474</gx:coord>
<gx:coord>18.526112 54.452478 482</gx:coord>
<gx:coord>18.523365 54.453037 474</gx:coord>
<gx:coord>18.52101 54.453323 474</gx:coord>
<gx:coord>18.518455 54.453409 489</gx:coord>
<gx:coord>18.518455 54.453409 489</gx:coord>
<gx:coord>18.516208 54.453316 489</gx:coord>
<gx:coord>18.513094 54.453003 489</gx:coord>
<gx:coord>18.510266 54.452499 489</gx:coord>
<gx:coord>18.507843 54.451859 482</gx:coord>
<gx:coord>18.505804 54.451128 482</gx:coord>
<gx:coord>18.503057 54.449965 482</gx:coord>
<gx:coord>18.500653 54.448654 482</gx:coord>
<gx:coord>18.497826 54.446869 474</gx:coord>
<gx:coord>18.494837 54.444672 459</gx:coord>
<gx:coord>18.491488 54.441958 459</gx:coord>
<gx:coord>18.486921 54.437897 451</gx:coord>
<gx:coord>18.484336 54.435242 451</gx:coord>
<gx:coord>18.480296 54.430801 436</gx:coord>
<gx:coord>18.477755 54.428504 436</gx:coord>
<gx:coord>18.475508 54.426735 436</gx:coord>
<gx:coord>18.473268 54.424896 443</gx:coord>
<gx:coord>18.472057 54.423615 443</gx:coord>
<gx:coord>18.47143 54.422545 443</gx:coord>
<gx:coord>18.470926 54.421234 443</gx:coord>
<gx:coord>18.470764 54.419892 436</gx:coord>
<gx:coord>18.471014 54.418495 428</gx:coord>
<gx:coord>18.471513 54.417425 421</gx:coord>
<gx:coord>18.472299 54.416245 421</gx:coord>
<gx:coord>18.473677 54.414725 405</gx:coord>
<gx:coord>18.475841 54.412583 398</gx:coord>
<gx:coord>18.478277 54.410614 390</gx:coord>
<gx:coord>18.4807 54.408737 382</gx:coord>
<gx:coord>18.481584 54.407881 375</gx:coord>
<gx:coord>18.481993 54.407135 375</gx:coord>
<gx:coord>18.482316 54.406265 367</gx:coord>
<gx:coord>18.48225 54.405647 367</gx:coord>
<gx:coord>18.482 54.404902 367</gx:coord>
<gx:coord>18.481418 54.404064 367</gx:coord>
<gx:coord>18.480862 54.403564 367</gx:coord>
<gx:coord>18.479812 54.402878 367</gx:coord>
<gx:coord>18.479085 54.402512 367</gx:coord>
<gx:coord>18.47755 54.402008 367</gx:coord>
<gx:coord>18.476096 54.401642 367</gx:coord>
<gx:coord>18.475207 54.40155 360</gx:coord>
<gx:coord>18.473834 54.401413 360</gx:coord>
<gx:coord>18.472762 54.401411 375</gx:coord>
<gx:coord>18.471347 54.401504 375</gx:coord>
<gx:coord>18.468267 54.401783 375</gx:coord>
<gx:coord>18.459195 54.402854 390</gx:coord>
<gx:coord>18.451372 54.403831 398</gx:coord>
<gx:coord>18.443864 54.404938 413</gx:coord>
<gx:coord>18.441551 54.405135 413</gx:coord>
<gx:coord>18.439636 54.405088 413</gx:coord>
<gx:coord>18.437724 54.404892 421</gx:coord>
<gx:coord>18.435947 54.404617 421</gx:coord>
<gx:coord>18.433893 54.404064 421</gx:coord>
<gx:coord>18.432395 54.403505 421</gx:coord>
<gx:coord>18.4311 54.402878 413</gx:coord>
<gx:coord>18.429808 54.402054 413</gx:coord>
<gx:coord>18.428111 54.400726 398</gx:coord>
<gx:coord>18.426985 54.399549 390</gx:coord>
<gx:coord>18.426092 54.398483 382</gx:coord>
<gx:coord>18.425769 54.398026 375</gx:coord>
<gx:coord>18.425237 54.396942 367</gx:coord>
<gx:coord>18.424905 54.395824 367</gx:coord>
<gx:coord>18.424799 54.394775 352</gx:coord>
<gx:coord>18.424905 54.393962 352</gx:coord>
<gx:coord>18.425122 54.393127 337</gx:coord>
<gx:coord>18.425526 54.392166 329</gx:coord>
<gx:coord>18.426236 54.391076 314</gx:coord>
<gx:coord>18.427152 54.390052 306</gx:coord>
<gx:coord>18.428317 54.389028 291</gx:coord>
<gx:coord>18.429808 54.387863 268</gx:coord>
<gx:coord>18.431147 54.387026 253</gx:coord>
<gx:coord>18.432645 54.386281 238</gx:coord>
<gx:coord>18.43356 54.385909 238</gx:coord>
<gx:coord>18.435308 54.385304 222</gx:coord>
<gx:coord>18.437805 54.384567 207</gx:coord>
<gx:coord>18.442633 54.383395 177</gx:coord>
<gx:coord>18.44758 54.382187 154</gx:coord>
<gx:coord>18.44758 54.382187 154</gx:coord>
</gx:Track>
</Placemark>
</Document>
</kml>