<?xml version="1.0" encoding="UTF-8"?>
<kml xmlns="http://www.opengis.net/kml/2.2" xmlns:gx="http://www.google.com/kml/ext/2.2"><Folder ><Folder ><name >HA-LVJ track</name>
<Placemark ><name >HA-LVJ</name>
<Style ><LineStyle ><color >ff1c1ae3</color>
<width >4</width>
</LineStyle>
<IconStyle ><Icon ><href >http://maps.google.com/mapfiles/kml/shapes/airports.png</href>
</Icon>
</IconStyle>
</Style>
<gx:Track ><extrude >0</extrude>
<when >2025-06-26T05:55:32.409Z</when>
<when >2025-06-26T05:55:32.409Z</when>
<when >2025-06-26T05:55:34.649Z</when>
<when >2025-06-26T05:55:39.619Z</when>
<when >2025-06-26T05:55:41.349Z</when>
<when >2025-06-26T05:55:44.399Z</when>
<when >2025-06-26T05:55:49.029Z</when>
<when >2025-06-26T05:55:50.669Z</when>
<when >2025-06-26T05:55:52.208Z</when>
<when >2025-06-26T05:55:53.549Z</when>
<when >2025-06-26T05:55:55.099Z</when>
<when >2025-06-26T05:55:56.249Z</when>
<when >2025-06-26T05:55:59.019Z</when>
<when >2025-06-26T05:56:00.559Z</when>
<when >2025-06-26T05:56:03.239Z</when>
<when >2025-06-26T05:56:06.599Z</when>
<when >2025-06-26T05:56:15.589Z</when>
<when >2025-06-26T05:56:17.379Z</when>
<when >2025-06-26T05:56:19.289Z</when>
<when >2025-06-26T05:56:20.769Z</when>
<when >2025-06-26T05:56:22.249Z</when>
<when >2025-06-26T05:56:23.329Z</when>
<when >2025-06-26T05:56:24.879Z</when>
<when >2025-06-26T05:56:26.379Z</when>
<when >2025-06-26T05:56:27.929Z</when>
<when >2025-06-26T05:56:31.039Z</when>
<when >2025-06-26T05:56:37.869Z</when>
<when >2025-06-26T05:56:44.939Z</when>
<when >2025-06-26T05:56:54.929Z</when>
<when >2025-06-26T05:57:04.599Z</when>
<when >2025-06-26T05:57:13.259Z</when>
<when >2025-06-26T05:57:21.099Z</when>
<when >2025-06-26T05:57:31.039Z</when>
<when >2025-06-26T05:57:40.419Z</when>
<when >2025-06-26T05:57:46.019Z</when>
<when >2025-06-26T05:57:47.919Z</when>
<when >2025-06-26T05:57:50.329Z</when>
<when >2025-06-26T05:57:52.529Z</when>
<when >2025-06-26T05:57:54.569Z</when>
<when >2025-06-26T05:57:56.559Z</when>
<when >2025-06-26T05:57:59.129Z</when>
<when >2025-06-26T05:58:01.859Z</when>
<when >2025-06-26T05:58:04.919Z</when>
<when >2025-06-26T05:58:09.189Z</when>
<when >2025-06-26T05:58:11.409Z</when>
<when >2025-06-26T05:58:13.389Z</when>
<when >2025-06-26T05:58:15.299Z</when>
<when >2025-06-26T05:58:17.329Z</when>
<when >2025-06-26T05:58:21.029Z</when>
<when >2025-06-26T05:58:27.909Z</when>
<when >2025-06-26T05:58:35.609Z</when>
<when >2025-06-26T05:58:39.458Z</when>
<when >2025-06-26T05:58:41.509Z</when>
<when >2025-06-26T05:58:42.468Z</when>
<when >2025-06-26T05:58:44.009Z</when>
<when >2025-06-26T05:58:44.859Z</when>
<when >2025-06-26T05:58:46.708Z</when>
<when >2025-06-26T05:58:47.159Z</when>
<when >2025-06-26T05:58:48.708Z</when>
<when >2025-06-26T05:58:49.229Z</when>
<when >2025-06-26T05:58:50.179Z</when>
<when >2025-06-26T05:58:51.389Z</when>
<when >2025-06-26T05:58:52.649Z</when>
<when >2025-06-26T05:58:53.679Z</when>
<when >2025-06-26T05:58:54.629Z</when>
<when >2025-06-26T05:58:55.879Z</when>
<when >2025-06-26T05:58:56.259Z</when>
<when >2025-06-26T05:58:56.779Z</when>
<when >2025-06-26T05:58:57.809Z</when>
<when >2025-06-26T05:58:57.809Z</when>
<gx:coord >19.260235 47.436115 0</gx:coord>
<gx:coord >19.260235 47.436115 0</gx:coord>
<gx:coord >19.260166 47.436184 0</gx:coord>
<gx:coord >19.260218 47.436356 0</gx:coord>
<gx:coord >19.260283 47.436404 0</gx:coord>
<gx:coord >19.260406 47.43647 0</gx:coord>
<gx:coord >19.260509 47.436607 0</gx:coord>
<gx:coord >19.26053 47.436672 0</gx:coord>
<gx:coord >19.260495 47.436742 0</gx:coord>
<gx:coord >19.260477 47.4368 0</gx:coord>
<gx:coord >19.260424 47.436859 0</gx:coord>
<gx:coord >19.260406 47.436893 0</gx:coord>
<gx:coord >19.260286 47.436996 0</gx:coord>
<gx:coord >19.260218 47.437054 0</gx:coord>
<gx:coord >19.260098 47.437122 0</gx:coord>
<gx:coord >19.259931 47.437231 0</gx:coord>
<gx:coord >19.2596 47.437454 0</gx:coord>
<gx:coord >19.259548 47.437511 0</gx:coord>
<gx:coord >19.259548 47.43758 0</gx:coord>
<gx:coord >19.259561 47.437638 0</gx:coord>
<gx:coord >19.2596 47.437683 0</gx:coord>
<gx:coord >19.259617 47.437717 0</gx:coord>
<gx:coord >19.259685 47.437754 0</gx:coord>
<gx:coord >19.259737 47.437801 0</gx:coord>
<gx:coord >19.259806 47.437832 0</gx:coord>
<gx:coord >19.259896 47.437906 0</gx:coord>
<gx:coord >19.260149 47.438095 0</gx:coord>
<gx:coord >19.260406 47.438301 0</gx:coord>
<gx:coord >19.260853 47.438622 0</gx:coord>
<gx:coord >19.261299 47.438953 0</gx:coord>
<gx:coord >19.261711 47.439274 0</gx:coord>
<gx:coord >19.26215 47.439582 0</gx:coord>
<gx:coord >19.262537 47.439873 0</gx:coord>
<gx:coord >19.262977 47.440198 0</gx:coord>
<gx:coord >19.26329 47.440407 0</gx:coord>
<gx:coord >19.263428 47.440475 0</gx:coord>
<gx:coord >19.263611 47.440536 0</gx:coord>
<gx:coord >19.263805 47.440601 0</gx:coord>
<gx:coord >19.263981 47.440641 0</gx:coord>
<gx:coord >19.264149 47.440659 0</gx:coord>
<gx:coord >19.264403 47.440687 0</gx:coord>
<gx:coord >19.26465 47.440687 0</gx:coord>
<gx:coord >19.264921 47.440681 0</gx:coord>
<gx:coord >19.265195 47.440676 0</gx:coord>
<gx:coord >19.265299 47.440636 0</gx:coord>
<gx:coord >19.265419 47.44059 0</gx:coord>
<gx:coord >19.265495 47.440548 0</gx:coord>
<gx:coord >19.265591 47.440475 0</gx:coord>
<gx:coord >19.265741 47.440385 0</gx:coord>
<gx:coord >19.266088 47.440178 0</gx:coord>
<gx:coord >19.266552 47.439892 0</gx:coord>
<gx:coord >19.266844 47.439709 0</gx:coord>
<gx:coord >19.267067 47.439571 0</gx:coord>
<gx:coord >19.26717 47.439503 0</gx:coord>
<gx:coord >19.267361 47.439384 0</gx:coord>
<gx:coord >19.267519 47.439291 0</gx:coord>
<gx:coord >19.267908 47.439056 0</gx:coord>
<gx:coord >19.26803 47.438976 0</gx:coord>
<gx:coord >19.268406 47.438747 0</gx:coord>
<gx:coord >19.268576 47.438627 0</gx:coord>
<gx:coord >19.268893 47.438429 0</gx:coord>
<gx:coord >19.269247 47.43821 0</gx:coord>
<gx:coord >19.269711 47.437923 0</gx:coord>
<gx:coord >19.270123 47.437672 0</gx:coord>
<gx:coord >19.270552 47.437408 0</gx:coord>
<gx:coord >19.270998 47.437134 0</gx:coord>
<gx:coord >19.271217 47.436998 0</gx:coord>
<gx:coord >19.271496 47.436825 0</gx:coord>
<gx:coord >19.272009 47.436521 0</gx:coord>
<gx:coord >19.272009 47.436521 0</gx:coord>
</gx:Track>
</Placemark>
<Placemark ><name >HA-LVJ</name>
<Style ><LineStyle ><color >ff1c1ae3</color>
<width >4</width>
</LineStyle>
<IconStyle ><Icon ><href >http://maps.google.com/mapfiles/kml/shapes/airports.png</href>
</Icon>
</IconStyle>
</Style>
<gx:Track ><altitudeMode >absolute</altitudeMode>
<extrude >1</extrude>
<when >2025-06-26T05:58:58.649Z</when>
<when >2025-06-26T05:58:59.739Z</when>
<when >2025-06-26T05:59:00.909Z</when>
<when >2025-06-26T05:59:02.269Z</when>
<when >2025-06-26T05:59:06.279Z</when>
<when >2025-06-26T05:59:07.179Z</when>
<when >2025-06-26T05:59:09.079Z</when>
<when >2025-06-26T05:59:10.399Z</when>
<when >2025-06-26T05:59:11.599Z</when>
<when >2025-06-26T05:59:12.119Z</when>
<when >2025-06-26T05:59:15.259Z</when>
<when >2025-06-26T05:59:17.189Z</when>
<when >2025-06-26T05:59:17.729Z</when>
<when >2025-06-26T05:59:19.208Z</when>
<when >2025-06-26T05:59:22.099Z</when>
<when >2025-06-26T05:59:25.079Z</when>
<when >2025-06-26T05:59:28.169Z</when>
<when >2025-06-26T05:59:31.099Z</when>
<when >2025-06-26T05:59:33.299Z</when>
<when >2025-06-26T05:59:35.389Z</when>
<when >2025-06-26T05:59:37.839Z</when>
<when >2025-06-26T05:59:40.429Z</when>
<when >2025-06-26T05:59:43.009Z</when>
<when >2025-06-26T05:59:45.379Z</when>
<when >2025-06-26T05:59:47.829Z</when>
<when >2025-06-26T05:59:50.419Z</when>
<when >2025-06-26T05:59:53.979Z</when>
<when >2025-06-26T05:59:57.929Z</when>
<when >2025-06-26T06:00:01.499Z</when>
<when >2025-06-26T06:00:05.429Z</when>
<when >2025-06-26T06:00:08.799Z</when>
<when >2025-06-26T06:00:12.718Z</when>
<when >2025-06-26T06:00:16.599Z</when>
<when >2025-06-26T06:00:20.389Z</when>
<when >2025-06-26T06:00:23.999Z</when>
<when >2025-06-26T06:00:27.479Z</when>
<when >2025-06-26T06:00:30.729Z</when>
<when >2025-06-26T06:00:33.999Z</when>
<when >2025-06-26T06:00:36.359Z</when>
<when >2025-06-26T06:00:38.499Z</when>
<when >2025-06-26T06:00:40.019Z</when>
<when >2025-06-26T06:00:41.929Z</when>
<when >2025-06-26T06:00:43.289Z</when>
<when >2025-06-26T06:00:45.479Z</when>
<when >2025-06-26T06:00:48.379Z</when>
<when >2025-06-26T06:00:50.819Z</when>
<when >2025-06-26T06:00:52.499Z</when>
<when >2025-06-26T06:00:55.649Z</when>
<when >2025-06-26T06:00:58.659Z</when>
<when >2025-06-26T06:01:01.369Z</when>
<when >2025-06-26T06:01:04.519Z</when>
<when >2025-06-26T06:01:07.339Z</when>
<when >2025-06-26T06:01:10.369Z</when>
<when >2025-06-26T06:01:13.349Z</when>
<when >2025-06-26T06:01:16.299Z</when>
<when >2025-06-26T06:01:18.629Z</when>
<when >2025-06-26T06:01:21.549Z</when>
<when >2025-06-26T06:01:24.129Z</when>
<when >2025-06-26T06:01:26.369Z</when>
<when >2025-06-26T06:01:28.109Z</when>
<when >2025-06-26T06:01:30.708Z</when>
<when >2025-06-26T06:01:32.729Z</when>
<when >2025-06-26T06:01:34.679Z</when>
<when >2025-06-26T06:01:36.479Z</when>
<when >2025-06-26T06:01:37.919Z</when>
<when >2025-06-26T06:01:39.839Z</when>
<when >2025-06-26T06:01:42.449Z</when>
<when >2025-06-26T06:01:44.539Z</when>
<when >2025-06-26T06:01:47.599Z</when>
<when >2025-06-26T06:01:49.979Z</when>
<when >2025-06-26T06:01:52.129Z</when>
<when >2025-06-26T06:01:55.029Z</when>
<when >2025-06-26T06:01:57.639Z</when>
<when >2025-06-26T06:02:00.119Z</when>
<when >2025-06-26T06:02:02.789Z</when>
<when >2025-06-26T06:02:05.659Z</when>
<when >2025-06-26T06:02:08.789Z</when>
<when >2025-06-26T06:02:11.749Z</when>
<when >2025-06-26T06:02:14.599Z</when>
<when >2025-06-26T06:02:17.458Z</when>
<when >2025-06-26T06:02:21.468Z</when>
<when >2025-06-26T06:02:24.039Z</when>
<when >2025-06-26T06:02:27.359Z</when>
<when >2025-06-26T06:02:30.449Z</when>
<when >2025-06-26T06:02:34.569Z</when>
<when >2025-06-26T06:02:39.889Z</when>
<when >2025-06-26T06:02:44.789Z</when>
<when >2025-06-26T06:02:48.968Z</when>
<when >2025-06-26T06:02:53.069Z</when>
<when >2025-06-26T06:02:56.779Z</when>
<when >2025-06-26T06:03:00.708Z</when>
<when >2025-06-26T06:03:04.619Z</when>
<when >2025-06-26T06:03:08.218Z</when>
<when >2025-06-26T06:03:11.579Z</when>
<when >2025-06-26T06:03:15.189Z</when>
<when >2025-06-26T06:03:18.529Z</when>
<when >2025-06-26T06:03:21.799Z</when>
<when >2025-06-26T06:03:25.329Z</when>
<when >2025-06-26T06:03:29.289Z</when>
<when >2025-06-26T06:03:32.889Z</when>
<when >2025-06-26T06:03:36.819Z</when>
<when >2025-06-26T06:03:41.619Z</when>
<when >2025-06-26T06:03:45.708Z</when>
<when >2025-06-26T06:03:50.529Z</when>
<when >2025-06-26T06:03:55.739Z</when>
<when >2025-06-26T06:04:02.529Z</when>
<when >2025-06-26T06:04:09.529Z</when>
<when >2025-06-26T06:04:17.009Z</when>
<when >2025-06-26T06:04:24.449Z</when>
<when >2025-06-26T06:04:29.479Z</when>
<when >2025-06-26T06:04:33.359Z</when>
<when >2025-06-26T06:04:37.339Z</when>
<when >2025-06-26T06:04:40.829Z</when>
<when >2025-06-26T06:04:45.379Z</when>
<when >2025-06-26T06:04:50.429Z</when>
<when >2025-06-26T06:04:55.199Z</when>
<when >2025-06-26T06:04:59.749Z</when>
<when >2025-06-26T06:05:03.899Z</when>
<when >2025-06-26T06:05:09.789Z</when>
<when >2025-06-26T06:05:29.739Z</when>
<when >2025-06-26T06:05:48.779Z</when>
<when >2025-06-26T06:05:54.329Z</when>
<when >2025-06-26T06:05:59.999Z</when>
<when >2025-06-26T06:06:06.039Z</when>
<when >2025-06-26T06:06:20.619Z</when>
<when >2025-06-26T06:06:26.599Z</when>
<when >2025-06-26T06:06:33.159Z</when>
<when >2025-06-26T06:06:43.179Z</when>
<when >2025-06-26T06:07:02.999Z</when>
<when >2025-06-26T06:07:22.649Z</when>
<when >2025-06-26T06:07:42.489Z</when>
<when >2025-06-26T06:07:57.089Z</when>
<when >2025-06-26T06:08:01.359Z</when>
<when >2025-06-26T06:08:06.549Z</when>
<when >2025-06-26T06:08:12.679Z</when>
<when >2025-06-26T06:08:19.599Z</when>
<when >2025-06-26T06:08:39.409Z</when>
<when >2025-06-26T06:08:57.579Z</when>
<when >2025-06-26T06:09:17.509Z</when>
<when >2025-06-26T06:09:37.089Z</when>
<when >2025-06-26T06:09:56.989Z</when>
<when >2025-06-26T06:10:16.519Z</when>
<when >2025-06-26T06:10:23.829Z</when>
<when >2025-06-26T06:10:29.559Z</when>
<when >2025-06-26T06:10:36.989Z</when>
<when >2025-06-26T06:10:44.149Z</when>
<when >2025-06-26T06:10:51.729Z</when>
<when >2025-06-26T06:10:59.759Z</when>
<when >2025-06-26T06:11:07.819Z</when>
<when >2025-06-26T06:11:16.159Z</when>
<when >2025-06-26T06:11:24.369Z</when>
<when >2025-06-26T06:11:32.639Z</when>
<when >2025-06-26T06:11:40.859Z</when>
<when >2025-06-26T06:11:46.199Z</when>
<when >2025-06-26T06:11:51.829Z</when>
<when >2025-06-26T06:11:53.909Z</when>
<when >2025-06-26T06:11:55.309Z</when>
<when >2025-06-26T06:11:56.339Z</when>
<when >2025-06-26T06:11:58.669Z</when>
<when >2025-06-26T06:12:00.269Z</when>
<when >2025-06-26T06:12:04.609Z</when>
<when >2025-06-26T06:12:07.819Z</when>
<when >2025-06-26T06:12:10.939Z</when>
<when >2025-06-26T06:12:14.699Z</when>
<when >2025-06-26T06:12:18.249Z</when>
<when >2025-06-26T06:12:22.789Z</when>
<when >2025-06-26T06:12:27.468Z</when>
<when >2025-06-26T06:12:33.319Z</when>
<when >2025-06-26T06:12:38.919Z</when>
<when >2025-06-26T06:12:44.019Z</when>
<when >2025-06-26T06:12:48.549Z</when>
<when >2025-06-26T06:12:52.599Z</when>
<when >2025-06-26T06:12:56.619Z</when>
<when >2025-06-26T06:12:59.059Z</when>
<when >2025-06-26T06:13:01.149Z</when>
<when >2025-06-26T06:13:03.279Z</when>
<when >2025-06-26T06:13:05.329Z</when>
<when >2025-06-26T06:13:07.309Z</when>
<when >2025-06-26T06:13:08.689Z</when>
<when >2025-06-26T06:13:10.559Z</when>
<when >2025-06-26T06:13:12.079Z</when>
<when >2025-06-26T06:13:13.999Z</when>
<when >2025-06-26T06:13:15.769Z</when>
<when >2025-06-26T06:13:17.889Z</when>
<when >2025-06-26T06:13:19.289Z</when>
<when >2025-06-26T06:13:20.909Z</when>
<when >2025-06-26T06:13:23.099Z</when>
<when >2025-06-26T06:13:24.809Z</when>
<when >2025-06-26T06:13:26.829Z</when>
<when >2025-06-26T06:13:30.359Z</when>
<when >2025-06-26T06:13:34.309Z</when>
<when >2025-06-26T06:13:38.359Z</when>
<when >2025-06-26T06:13:43.458Z</when>
<when >2025-06-26T06:13:48.379Z</when>
<when >2025-06-26T06:13:53.189Z</when>
<when >2025-06-26T06:13:56.609Z</when>
<when >2025-06-26T06:13:57.559Z</when>
<when >2025-06-26T06:13:59.079Z</when>
<when >2025-06-26T06:14:00.499Z</when>
<when >2025-06-26T06:14:03.099Z</when>
<when >2025-06-26T06:14:04.218Z</when>
<when >2025-06-26T06:14:05.429Z</when>
<when >2025-06-26T06:14:06.839Z</when>
<when >2025-06-26T06:14:07.779Z</when>
<when >2025-06-26T06:14:08.789Z</when>
<when >2025-06-26T06:14:10.659Z</when>
<when >2025-06-26T06:14:13.549Z</when>
<when >2025-06-26T06:14:16.968Z</when>
<when >2025-06-26T06:14:19.889Z</when>
<when >2025-06-26T06:14:22.829Z</when>
<when >2025-06-26T06:14:26.269Z</when>
<when >2025-06-26T06:14:28.929Z</when>
<when >2025-06-26T06:14:32.249Z</when>
<when >2025-06-26T06:14:35.329Z</when>
<when >2025-06-26T06:14:38.399Z</when>
<when >2025-06-26T06:14:41.019Z</when>
<when >2025-06-26T06:14:43.939Z</when>
<when >2025-06-26T06:14:46.849Z</when>
<when >2025-06-26T06:14:49.879Z</when>
<when >2025-06-26T06:14:52.899Z</when>
<when >2025-06-26T06:14:55.589Z</when>
<when >2025-06-26T06:14:58.619Z</when>
<when >2025-06-26T06:15:01.859Z</when>
<when >2025-06-26T06:15:04.659Z</when>
<when >2025-06-26T06:15:08.019Z</when>
<when >2025-06-26T06:15:09.879Z</when>
<when >2025-06-26T06:15:14.458Z</when>
<when >2025-06-26T06:15:19.759Z</when>
<when >2025-06-26T06:15:24.769Z</when>
<when >2025-06-26T06:15:30.039Z</when>
<when >2025-06-26T06:15:35.829Z</when>
<when >2025-06-26T06:15:40.279Z</when>
<when >2025-06-26T06:15:42.909Z</when>
<when >2025-06-26T06:15:48.179Z</when>
<when >2025-06-26T06:15:52.489Z</when>
<when >2025-06-26T06:15:56.009Z</when>
<when >2025-06-26T06:15:58.629Z</when>
<when >2025-06-26T06:16:02.269Z</when>
<when >2025-06-26T06:16:04.789Z</when>
<when >2025-06-26T06:16:07.359Z</when>
<when >2025-06-26T06:16:10.789Z</when>
<when >2025-06-26T06:16:14.179Z</when>
<when >2025-06-26T06:16:18.369Z</when>
<when >2025-06-26T06:16:21.249Z</when>
<when >2025-06-26T06:16:25.359Z</when>
<when >2025-06-26T06:16:29.799Z</when>
<when >2025-06-26T06:16:39.339Z</when>
<when >2025-06-26T06:16:47.729Z</when>
<when >2025-06-26T06:16:54.529Z</when>
<when >2025-06-26T06:16:58.449Z</when>
<when >2025-06-26T06:17:04.389Z</when>
<when >2025-06-26T06:17:13.939Z</when>
<when >2025-06-26T06:17:21.968Z</when>
<when >2025-06-26T06:17:28.759Z</when>
<when >2025-06-26T06:17:32.089Z</when>
<when >2025-06-26T06:17:34.809Z</when>
<when >2025-06-26T06:17:36.809Z</when>
<when >2025-06-26T06:17:38.889Z</when>
<when >2025-06-26T06:17:40.449Z</when>
<when >2025-06-26T06:17:42.439Z</when>
<when >2025-06-26T06:17:44.968Z</when>
<when >2025-06-26T06:17:47.509Z</when>
<when >2025-06-26T06:17:49.458Z</when>
<when >2025-06-26T06:17:51.759Z</when>
<when >2025-06-26T06:17:54.009Z</when>
<when >2025-06-26T06:17:56.339Z</when>
<when >2025-06-26T06:18:02.809Z</when>
<when >2025-06-26T06:18:06.059Z</when>
<when >2025-06-26T06:18:11.399Z</when>
<when >2025-06-26T06:18:17.879Z</when>
<when >2025-06-26T06:18:26.809Z</when>
<when >2025-06-26T06:18:33.809Z</when>
<when >2025-06-26T06:18:40.909Z</when>
<when >2025-06-26T06:18:48.909Z</when>
<when >2025-06-26T06:18:56.689Z</when>
<when >2025-06-26T06:19:04.119Z</when>
<when >2025-06-26T06:19:08.089Z</when>
<when >2025-06-26T06:19:14.109Z</when>
<when >2025-06-26T06:19:24.029Z</when>
<when >2025-06-26T06:19:29.989Z</when>
<when >2025-06-26T06:19:30.419Z</when>
<when >2025-06-26T06:19:31.629Z</when>
<when >2025-06-26T06:19:33.429Z</when>
<when >2025-06-26T06:19:35.099Z</when>
<when >2025-06-26T06:19:36.269Z</when>
<when >2025-06-26T06:19:38.468Z</when>
<when >2025-06-26T06:19:43.099Z</when>
<when >2025-06-26T06:19:45.989Z</when>
<when >2025-06-26T06:19:48.379Z</when>
<when >2025-06-26T06:19:50.949Z</when>
<when >2025-06-26T06:19:53.249Z</when>
<when >2025-06-26T06:19:55.379Z</when>
<when >2025-06-26T06:19:57.708Z</when>
<when >2025-06-26T06:19:59.069Z</when>
<when >2025-06-26T06:20:00.259Z</when>
<when >2025-06-26T06:20:02.179Z</when>
<when >2025-06-26T06:20:04.279Z</when>
<when >2025-06-26T06:20:04.819Z</when>
<when >2025-06-26T06:20:07.559Z</when>
<when >2025-06-26T06:20:10.099Z</when>
<when >2025-06-26T06:20:13.019Z</when>
<when >2025-06-26T06:20:15.559Z</when>
<when >2025-06-26T06:20:18.499Z</when>
<when >2025-06-26T06:20:20.999Z</when>
<when >2025-06-26T06:20:23.879Z</when>
<when >2025-06-26T06:20:26.659Z</when>
<when >2025-06-26T06:20:29.189Z</when>
<when >2025-06-26T06:20:31.809Z</when>
<when >2025-06-26T06:20:34.329Z</when>
<when >2025-06-26T06:20:36.729Z</when>
<when >2025-06-26T06:20:39.259Z</when>
<when >2025-06-26T06:20:41.869Z</when>
<when >2025-06-26T06:20:44.289Z</when>
<when >2025-06-26T06:20:46.699Z</when>
<when >2025-06-26T06:20:49.059Z</when>
<when >2025-06-26T06:20:51.949Z</when>
<when >2025-06-26T06:20:55.899Z</when>
<when >2025-06-26T06:21:01.599Z</when>
<when >2025-06-26T06:21:18.149Z</when>
<when >2025-06-26T06:21:37.949Z</when>
<when >2025-06-26T06:21:57.779Z</when>
<when >2025-06-26T06:22:04.139Z</when>
<when >2025-06-26T06:22:07.579Z</when>
<when >2025-06-26T06:22:10.479Z</when>
<when >2025-06-26T06:22:12.799Z</when>
<when >2025-06-26T06:22:14.779Z</when>
<when >2025-06-26T06:22:16.739Z</when>
<when >2025-06-26T06:22:18.989Z</when>
<when >2025-06-26T06:22:20.999Z</when>
<when >2025-06-26T06:22:22.999Z</when>
<when >2025-06-26T06:22:25.579Z</when>
<when >2025-06-26T06:22:28.189Z</when>
<when >2025-06-26T06:22:30.409Z</when>
<when >2025-06-26T06:22:33.179Z</when>
<when >2025-06-26T06:22:35.729Z</when>
<when >2025-06-26T06:22:39.789Z</when>
<when >2025-06-26T06:22:47.349Z</when>
<when >2025-06-26T06:22:51.799Z</when>
<when >2025-06-26T06:22:57.649Z</when>
<when >2025-06-26T06:22:59.669Z</when>
<when >2025-06-26T06:23:01.859Z</when>
<when >2025-06-26T06:23:03.499Z</when>
<when >2025-06-26T06:23:05.869Z</when>
<when >2025-06-26T06:23:07.879Z</when>
<when >2025-06-26T06:23:09.809Z</when>
<when >2025-06-26T06:23:11.859Z</when>
<when >2025-06-26T06:23:13.829Z</when>
<when >2025-06-26T06:23:15.619Z</when>
<when >2025-06-26T06:23:16.749Z</when>
<when >2025-06-26T06:23:18.629Z</when>
<when >2025-06-26T06:23:20.669Z</when>
<when >2025-06-26T06:23:22.899Z</when>
<when >2025-06-26T06:23:25.829Z</when>
<when >2025-06-26T06:23:29.968Z</when>
<when >2025-06-26T06:23:38.218Z</when>
<when >2025-06-26T06:23:46.889Z</when>
<when >2025-06-26T06:23:55.589Z</when>
<when >2025-06-26T06:24:03.889Z</when>
<when >2025-06-26T06:24:12.539Z</when>
<when >2025-06-26T06:24:18.829Z</when>
<when >2025-06-26T06:24:26.759Z</when>
<when >2025-06-26T06:24:35.999Z</when>
<when >2025-06-26T06:24:39.869Z</when>
<when >2025-06-26T06:24:54.369Z</when>
<when >2025-06-26T06:24:58.559Z</when>
<when >2025-06-26T06:25:00.439Z</when>
<when >2025-06-26T06:25:01.829Z</when>
<when >2025-06-26T06:25:03.329Z</when>
<when >2025-06-26T06:25:05.819Z</when>
<when >2025-06-26T06:25:09.218Z</when>
<when >2025-06-26T06:25:12.968Z</when>
<when >2025-06-26T06:25:15.409Z</when>
<when >2025-06-26T06:25:17.169Z</when>
<when >2025-06-26T06:25:19.569Z</when>
<when >2025-06-26T06:25:21.569Z</when>
<when >2025-06-26T06:25:23.139Z</when>
<when >2025-06-26T06:25:25.569Z</when>
<when >2025-06-26T06:25:27.779Z</when>
<when >2025-06-26T06:25:30.449Z</when>
<when >2025-06-26T06:25:32.479Z</when>
<when >2025-06-26T06:25:34.309Z</when>
<when >2025-06-26T06:25:37.159Z</when>
<when >2025-06-26T06:25:39.559Z</when>
<when >2025-06-26T06:25:40.669Z</when>
<when >2025-06-26T06:25:42.189Z</when>
<when >2025-06-26T06:25:44.849Z</when>
<when >2025-06-26T06:25:47.299Z</when>
<when >2025-06-26T06:25:49.749Z</when>
<when >2025-06-26T06:25:52.218Z</when>
<when >2025-06-26T06:25:54.159Z</when>
<when >2025-06-26T06:25:57.409Z</when>
<when >2025-06-26T06:25:59.629Z</when>
<when >2025-06-26T06:26:01.639Z</when>
<when >2025-06-26T06:26:04.159Z</when>
<when >2025-06-26T06:26:06.629Z</when>
<when >2025-06-26T06:26:09.059Z</when>
<when >2025-06-26T06:26:11.279Z</when>
<when >2025-06-26T06:26:13.999Z</when>
<when >2025-06-26T06:26:16.489Z</when>
<when >2025-06-26T06:26:19.149Z</when>
<when >2025-06-26T06:26:22.649Z</when>
<when >2025-06-26T06:26:29.829Z</when>
<when >2025-06-26T06:26:41.239Z</when>
<when >2025-06-26T06:27:00.779Z</when>
<when >2025-06-26T06:27:20.649Z</when>
<when >2025-06-26T06:27:24.639Z</when>
<when >2025-06-26T06:27:28.069Z</when>
<when >2025-06-26T06:27:30.819Z</when>
<when >2025-06-26T06:27:32.989Z</when>
<when >2025-06-26T06:27:35.009Z</when>
<when >2025-06-26T06:27:36.359Z</when>
<when >2025-06-26T06:27:38.869Z</when>
<when >2025-06-26T06:27:41.509Z</when>
<when >2025-06-26T06:27:43.819Z</when>
<when >2025-06-26T06:27:46.339Z</when>
<when >2025-06-26T06:27:48.319Z</when>
<when >2025-06-26T06:27:50.909Z</when>
<when >2025-06-26T06:27:52.439Z</when>
<when >2025-06-26T06:27:54.919Z</when>
<when >2025-06-26T06:27:57.449Z</when>
<when >2025-06-26T06:28:00.999Z</when>
<when >2025-06-26T06:28:02.529Z</when>
<when >2025-06-26T06:28:08.079Z</when>
<when >2025-06-26T06:28:13.929Z</when>
<when >2025-06-26T06:28:17.069Z</when>
<when >2025-06-26T06:28:19.029Z</when>
<when >2025-06-26T06:28:21.499Z</when>
<when >2025-06-26T06:28:23.669Z</when>
<when >2025-06-26T06:28:25.749Z</when>
<when >2025-06-26T06:28:27.499Z</when>
<when >2025-06-26T06:28:29.919Z</when>
<when >2025-06-26T06:28:31.909Z</when>
<when >2025-06-26T06:28:34.149Z</when>
<when >2025-06-26T06:28:35.879Z</when>
<when >2025-06-26T06:28:38.139Z</when>
<when >2025-06-26T06:28:40.708Z</when>
<when >2025-06-26T06:28:42.708Z</when>
<when >2025-06-26T06:28:45.259Z</when>
<when >2025-06-26T06:28:50.529Z</when>
<when >2025-06-26T06:28:56.468Z</when>
<when >2025-06-26T06:29:03.529Z</when>
<when >2025-06-26T06:29:11.029Z</when>
<when >2025-06-26T06:29:18.069Z</when>
<when >2025-06-26T06:29:26.129Z</when>
<when >2025-06-26T06:29:32.269Z</when>
<when >2025-06-26T06:29:40.249Z</when>
<when >2025-06-26T06:29:47.109Z</when>
<when >2025-06-26T06:29:53.559Z</when>
<when >2025-06-26T06:30:05.339Z</when>
<when >2025-06-26T06:30:10.389Z</when>
<when >2025-06-26T06:30:16.458Z</when>
<when >2025-06-26T06:30:17.449Z</when>
<when >2025-06-26T06:30:18.599Z</when>
<when >2025-06-26T06:30:20.499Z</when>
<when >2025-06-26T06:30:22.509Z</when>
<when >2025-06-26T06:30:24.589Z</when>
<when >2025-06-26T06:30:26.849Z</when>
<when >2025-06-26T06:30:28.829Z</when>
<when >2025-06-26T06:30:31.009Z</when>
<when >2025-06-26T06:30:33.889Z</when>
<when >2025-06-26T06:30:35.399Z</when>
<when >2025-06-26T06:30:38.019Z</when>
<when >2025-06-26T06:30:40.599Z</when>
<when >2025-06-26T06:30:43.199Z</when>
<when >2025-06-26T06:30:45.869Z</when>
<when >2025-06-26T06:30:48.089Z</when>
<when >2025-06-26T06:30:50.549Z</when>
<when >2025-06-26T06:30:52.999Z</when>
<when >2025-06-26T06:30:54.489Z</when>
<when >2025-06-26T06:30:56.689Z</when>
<when >2025-06-26T06:30:57.259Z</when>
<when >2025-06-26T06:30:59.119Z</when>
<when >2025-06-26T06:31:01.099Z</when>
<when >2025-06-26T06:31:04.019Z</when>
<when >2025-06-26T06:31:07.039Z</when>
<when >2025-06-26T06:31:09.889Z</when>
<when >2025-06-26T06:31:12.139Z</when>
<when >2025-06-26T06:31:14.718Z</when>
<when >2025-06-26T06:31:17.389Z</when>
<when >2025-06-26T06:31:20.009Z</when>
<when >2025-06-26T06:31:22.559Z</when>
<when >2025-06-26T06:31:25.319Z</when>
<when >2025-06-26T06:31:27.779Z</when>
<when >2025-06-26T06:31:30.489Z</when>
<when >2025-06-26T06:31:33.799Z</when>
<when >2025-06-26T06:31:35.869Z</when>
<when >2025-06-26T06:31:38.529Z</when>
<when >2025-06-26T06:31:41.759Z</when>
<when >2025-06-26T06:31:45.208Z</when>
<when >2025-06-26T06:31:53.579Z</when>
<when >2025-06-26T06:32:13.499Z</when>
<when >2025-06-26T06:32:33.049Z</when>
<when >2025-06-26T06:32:45.239Z</when>
<when >2025-06-26T06:32:49.169Z</when>
<when >2025-06-26T06:32:51.699Z</when>
<when >2025-06-26T06:32:53.468Z</when>
<when >2025-06-26T06:32:55.609Z</when>
<when >2025-06-26T06:32:57.519Z</when>
<when >2025-06-26T06:33:00.208Z</when>
<when >2025-06-26T06:33:02.199Z</when>
<when >2025-06-26T06:33:04.839Z</when>
<when >2025-06-26T06:33:06.679Z</when>
<when >2025-06-26T06:33:09.669Z</when>
<when >2025-06-26T06:33:11.639Z</when>
<when >2025-06-26T06:33:14.029Z</when>
<when >2025-06-26T06:33:16.049Z</when>
<when >2025-06-26T06:33:18.509Z</when>
<when >2025-06-26T06:33:22.349Z</when>
<when >2025-06-26T06:33:26.919Z</when>
<when >2025-06-26T06:33:32.929Z</when>
<when >2025-06-26T06:33:38.569Z</when>
<when >2025-06-26T06:33:40.989Z</when>
<when >2025-06-26T06:33:43.479Z</when>
<when >2025-06-26T06:33:44.829Z</when>
<when >2025-06-26T06:33:46.739Z</when>
<when >2025-06-26T06:33:49.319Z</when>
<when >2025-06-26T06:33:51.169Z</when>
<when >2025-06-26T06:33:52.699Z</when>
<when >2025-06-26T06:33:56.319Z</when>
<when >2025-06-26T06:33:58.409Z</when>
<when >2025-06-26T06:34:00.589Z</when>
<when >2025-06-26T06:34:02.419Z</when>
<when >2025-06-26T06:34:05.458Z</when>
<when >2025-06-26T06:34:09.649Z</when>
<when >2025-06-26T06:34:11.639Z</when>
<when >2025-06-26T06:34:17.009Z</when>
<when >2025-06-26T06:34:22.239Z</when>
<when >2025-06-26T06:34:27.499Z</when>
<when >2025-06-26T06:34:34.859Z</when>
<when >2025-06-26T06:34:42.909Z</when>
<when >2025-06-26T06:34:49.379Z</when>
<when >2025-06-26T06:34:56.689Z</when>
<when >2025-06-26T06:35:05.349Z</when>
<when >2025-06-26T06:35:11.759Z</when>
<when >2025-06-26T06:35:18.759Z</when>
<when >2025-06-26T06:35:26.708Z</when>
<when >2025-06-26T06:35:35.708Z</when>
<when >2025-06-26T06:35:36.619Z</when>
<when >2025-06-26T06:35:37.409Z</when>
<when >2025-06-26T06:35:38.509Z</when>
<when >2025-06-26T06:35:39.589Z</when>
<when >2025-06-26T06:35:41.309Z</when>
<when >2025-06-26T06:35:42.919Z</when>
<when >2025-06-26T06:35:46.989Z</when>
<when >2025-06-26T06:35:49.319Z</when>
<when >2025-06-26T06:35:51.349Z</when>
<when >2025-06-26T06:35:52.919Z</when>
<when >2025-06-26T06:35:54.619Z</when>
<when >2025-06-26T06:35:56.139Z</when>
<when >2025-06-26T06:35:58.329Z</when>
<when >2025-06-26T06:36:00.449Z</when>
<when >2025-06-26T06:36:02.499Z</when>
<when >2025-06-26T06:36:05.119Z</when>
<when >2025-06-26T06:36:07.468Z</when>
<when >2025-06-26T06:36:09.749Z</when>
<when >2025-06-26T06:36:12.059Z</when>
<when >2025-06-26T06:36:14.379Z</when>
<when >2025-06-26T06:36:15.359Z</when>
<when >2025-06-26T06:36:16.389Z</when>
<when >2025-06-26T06:36:17.319Z</when>
<when >2025-06-26T06:36:18.389Z</when>
<when >2025-06-26T06:36:20.609Z</when>
<when >2025-06-26T06:36:23.299Z</when>
<when >2025-06-26T06:36:25.849Z</when>
<when >2025-06-26T06:36:28.439Z</when>
<when >2025-06-26T06:36:30.869Z</when>
<when >2025-06-26T06:36:33.369Z</when>
<when >2025-06-26T06:36:35.629Z</when>
<when >2025-06-26T06:36:38.079Z</when>
<when >2025-06-26T06:36:40.689Z</when>
<when >2025-06-26T06:36:43.109Z</when>
<when >2025-06-26T06:36:45.569Z</when>
<when >2025-06-26T06:36:47.849Z</when>
<when >2025-06-26T06:36:50.139Z</when>
<when >2025-06-26T06:36:52.319Z</when>
<when >2025-06-26T06:36:54.789Z</when>
<when >2025-06-26T06:36:57.589Z</when>
<when >2025-06-26T06:37:02.529Z</when>
<when >2025-06-26T06:37:07.359Z</when>
<when >2025-06-26T06:37:13.769Z</when>
<when >2025-06-26T06:37:24.729Z</when>
<when >2025-06-26T06:37:44.579Z</when>
<when >2025-06-26T06:37:56.279Z</when>
<when >2025-06-26T06:37:58.949Z</when>
<when >2025-06-26T06:38:02.139Z</when>
<when >2025-06-26T06:38:04.419Z</when>
<when >2025-06-26T06:38:05.919Z</when>
<when >2025-06-26T06:38:08.929Z</when>
<when >2025-06-26T06:38:10.829Z</when>
<when >2025-06-26T06:38:12.699Z</when>
<when >2025-06-26T06:38:14.949Z</when>
<when >2025-06-26T06:38:16.739Z</when>
<when >2025-06-26T06:38:18.819Z</when>
<when >2025-06-26T06:38:20.919Z</when>
<when >2025-06-26T06:38:22.939Z</when>
<when >2025-06-26T06:38:24.899Z</when>
<when >2025-06-26T06:38:26.899Z</when>
<when >2025-06-26T06:38:28.919Z</when>
<when >2025-06-26T06:38:32.529Z</when>
<when >2025-06-26T06:38:42.179Z</when>
<when >2025-06-26T06:38:47.699Z</when>
<when >2025-06-26T06:38:49.958Z</when>
<when >2025-06-26T06:38:51.819Z</when>
<when >2025-06-26T06:38:53.929Z</when>
<when >2025-06-26T06:38:55.919Z</when>
<when >2025-06-26T06:38:57.529Z</when>
<when >2025-06-26T06:38:59.749Z</when>
<when >2025-06-26T06:39:01.579Z</when>
<when >2025-06-26T06:39:04.208Z</when>
<when >2025-06-26T06:39:06.249Z</when>
<when >2025-06-26T06:39:07.769Z</when>
<when >2025-06-26T06:39:09.799Z</when>
<when >2025-06-26T06:39:11.759Z</when>
<when >2025-06-26T06:39:15.029Z</when>
<when >2025-06-26T06:39:17.849Z</when>
<when >2025-06-26T06:39:21.089Z</when>
<when >2025-06-26T06:39:26.169Z</when>
<when >2025-06-26T06:39:27.699Z</when>
<when >2025-06-26T06:39:34.909Z</when>
<when >2025-06-26T06:39:43.019Z</when>
<when >2025-06-26T06:39:51.439Z</when>
<when >2025-06-26T06:40:00.729Z</when>
<when >2025-06-26T06:40:09.119Z</when>
<when >2025-06-26T06:40:16.049Z</when>
<when >2025-06-26T06:40:26.109Z</when>
<when >2025-06-26T06:40:41.489Z</when>
<when >2025-06-26T06:40:42.468Z</when>
<when >2025-06-26T06:40:47.269Z</when>
<when >2025-06-26T06:40:48.718Z</when>
<when >2025-06-26T06:40:49.909Z</when>
<when >2025-06-26T06:40:52.119Z</when>
<when >2025-06-26T06:40:53.999Z</when>
<when >2025-06-26T06:40:56.009Z</when>
<when >2025-06-26T06:40:57.049Z</when>
<when >2025-06-26T06:40:58.619Z</when>
<when >2025-06-26T06:41:00.139Z</when>
<when >2025-06-26T06:41:02.789Z</when>
<when >2025-06-26T06:41:05.179Z</when>
<when >2025-06-26T06:41:07.479Z</when>
<when >2025-06-26T06:41:09.339Z</when>
<when >2025-06-26T06:41:11.819Z</when>
<when >2025-06-26T06:41:14.299Z</when>
<when >2025-06-26T06:41:16.779Z</when>
<when >2025-06-26T06:41:19.309Z</when>
<when >2025-06-26T06:41:21.799Z</when>
<when >2025-06-26T06:41:23.689Z</when>
<when >2025-06-26T06:41:25.949Z</when>
<when >2025-06-26T06:41:28.409Z</when>
<when >2025-06-26T06:41:31.409Z</when>
<when >2025-06-26T06:41:34.329Z</when>
<when >2025-06-26T06:41:36.609Z</when>
<when >2025-06-26T06:41:39.129Z</when>
<when >2025-06-26T06:41:41.679Z</when>
<when >2025-06-26T06:41:44.519Z</when>
<when >2025-06-26T06:41:47.729Z</when>
<when >2025-06-26T06:41:50.229Z</when>
<when >2025-06-26T06:41:52.859Z</when>
<when >2025-06-26T06:41:55.208Z</when>
<when >2025-06-26T06:41:57.708Z</when>
<when >2025-06-26T06:42:00.319Z</when>
<when >2025-06-26T06:42:02.799Z</when>
<when >2025-06-26T06:42:05.269Z</when>
<when >2025-06-26T06:42:07.669Z</when>
<when >2025-06-26T06:42:10.729Z</when>
<when >2025-06-26T06:42:16.829Z</when>
<when >2025-06-26T06:42:29.309Z</when>
<when >2025-06-26T06:42:49.179Z</when>
<when >2025-06-26T06:43:07.479Z</when>
<when >2025-06-26T06:43:13.679Z</when>
<when >2025-06-26T06:43:17.619Z</when>
<when >2025-06-26T06:43:20.708Z</when>
<when >2025-06-26T06:43:22.749Z</when>
<when >2025-06-26T06:43:24.879Z</when>
<when >2025-06-26T06:43:26.739Z</when>
<when >2025-06-26T06:43:28.659Z</when>
<when >2025-06-26T06:43:30.699Z</when>
<when >2025-06-26T06:43:32.809Z</when>
<when >2025-06-26T06:43:34.809Z</when>
<when >2025-06-26T06:43:36.819Z</when>
<when >2025-06-26T06:43:38.999Z</when>
<when >2025-06-26T06:43:41.409Z</when>
<when >2025-06-26T06:43:43.659Z</when>
<when >2025-06-26T06:43:46.079Z</when>
<when >2025-06-26T06:43:48.999Z</when>
<when >2025-06-26T06:44:01.109Z</when>
<when >2025-06-26T06:44:04.829Z</when>
<when >2025-06-26T06:44:07.239Z</when>
<when >2025-06-26T06:44:08.809Z</when>
<when >2025-06-26T06:44:10.849Z</when>
<when >2025-06-26T06:44:12.919Z</when>
<when >2025-06-26T06:44:14.708Z</when>
<when >2025-06-26T06:44:16.629Z</when>
<when >2025-06-26T06:44:18.569Z</when>
<when >2025-06-26T06:44:21.079Z</when>
<when >2025-06-26T06:44:22.639Z</when>
<when >2025-06-26T06:44:24.629Z</when>
<when >2025-06-26T06:44:26.619Z</when>
<when >2025-06-26T06:44:28.958Z</when>
<when >2025-06-26T06:44:32.169Z</when>
<when >2025-06-26T06:44:35.639Z</when>
<when >2025-06-26T06:44:38.099Z</when>
<when >2025-06-26T06:44:41.679Z</when>
<when >2025-06-26T06:44:50.079Z</when>
<when >2025-06-26T06:44:56.218Z</when>
<when >2025-06-26T06:45:02.119Z</when>
<when >2025-06-26T06:45:09.279Z</when>
<when >2025-06-26T06:45:17.909Z</when>
<when >2025-06-26T06:45:25.879Z</when>
<when >2025-06-26T06:45:33.968Z</when>
<when >2025-06-26T06:45:40.139Z</when>
<when >2025-06-26T06:45:41.159Z</when>
<when >2025-06-26T06:45:59.439Z</when>
<when >2025-06-26T06:46:01.599Z</when>
<when >2025-06-26T06:46:03.769Z</when>
<when >2025-06-26T06:46:05.339Z</when>
<when >2025-06-26T06:46:07.218Z</when>
<when >2025-06-26T06:46:09.169Z</when>
<when >2025-06-26T06:46:10.218Z</when>
<when >2025-06-26T06:46:12.139Z</when>
<when >2025-06-26T06:46:14.609Z</when>
<when >2025-06-26T06:46:16.968Z</when>
<when >2025-06-26T06:46:19.089Z</when>
<when >2025-06-26T06:46:21.559Z</when>
<when >2025-06-26T06:46:23.599Z</when>
<when >2025-06-26T06:46:26.159Z</when>
<when >2025-06-26T06:46:28.639Z</when>
<when >2025-06-26T06:46:31.149Z</when>
<when >2025-06-26T06:46:33.859Z</when>
<when >2025-06-26T06:46:36.409Z</when>
<when >2025-06-26T06:46:38.839Z</when>
<when >2025-06-26T06:46:41.479Z</when>
<when >2025-06-26T06:46:42.769Z</when>
<when >2025-06-26T06:46:45.249Z</when>
<when >2025-06-26T06:46:48.139Z</when>
<when >2025-06-26T06:46:50.769Z</when>
<when >2025-06-26T06:46:53.039Z</when>
<when >2025-06-26T06:46:56.529Z</when>
<when >2025-06-26T06:46:59.249Z</when>
<when >2025-06-26T06:47:01.649Z</when>
<when >2025-06-26T06:47:04.319Z</when>
<when >2025-06-26T06:47:06.899Z</when>
<when >2025-06-26T06:47:10.049Z</when>
<when >2025-06-26T06:47:12.779Z</when>
<when >2025-06-26T06:47:15.039Z</when>
<when >2025-06-26T06:47:17.659Z</when>
<when >2025-06-26T06:47:20.249Z</when>
<when >2025-06-26T06:47:22.739Z</when>
<when >2025-06-26T06:47:25.169Z</when>
<when >2025-06-26T06:47:37.749Z</when>
<when >2025-06-26T06:47:48.429Z</when>
<when >2025-06-26T06:48:01.099Z</when>
<when >2025-06-26T06:48:21.099Z</when>
<when >2025-06-26T06:48:29.839Z</when>
<when >2025-06-26T06:48:33.899Z</when>
<when >2025-06-26T06:48:36.369Z</when>
<when >2025-06-26T06:48:38.679Z</when>
<when >2025-06-26T06:48:40.579Z</when>
<when >2025-06-26T06:48:42.699Z</when>
<when >2025-06-26T06:48:44.799Z</when>
<when >2025-06-26T06:48:46.849Z</when>
<when >2025-06-26T06:48:49.539Z</when>
<when >2025-06-26T06:48:51.849Z</when>
<when >2025-06-26T06:48:54.489Z</when>
<when >2025-06-26T06:48:56.259Z</when>
<when >2025-06-26T06:48:58.359Z</when>
<when >2025-06-26T06:49:00.718Z</when>
<when >2025-06-26T06:49:05.099Z</when>
<when >2025-06-26T06:49:13.609Z</when>
<when >2025-06-26T06:49:18.629Z</when>
<when >2025-06-26T06:49:20.669Z</when>
<when >2025-06-26T06:49:22.579Z</when>
<when >2025-06-26T06:49:24.369Z</when>
<when >2025-06-26T06:49:26.349Z</when>
<when >2025-06-26T06:49:28.468Z</when>
<when >2025-06-26T06:49:30.329Z</when>
<when >2025-06-26T06:49:32.519Z</when>
<when >2025-06-26T06:49:34.729Z</when>
<when >2025-06-26T06:49:36.589Z</when>
<when >2025-06-26T06:49:39.029Z</when>
<when >2025-06-26T06:49:41.589Z</when>
<when >2025-06-26T06:49:44.479Z</when>
<when >2025-06-26T06:49:48.439Z</when>
<when >2025-06-26T06:49:52.549Z</when>
<when >2025-06-26T06:49:56.958Z</when>
<when >2025-06-26T06:49:59.599Z</when>
<when >2025-06-26T06:50:05.089Z</when>
<when >2025-06-26T06:50:12.189Z</when>
<when >2025-06-26T06:50:20.718Z</when>
<when >2025-06-26T06:50:27.809Z</when>
<when >2025-06-26T06:50:38.389Z</when>
<when >2025-06-26T06:50:44.099Z</when>
<when >2025-06-26T06:50:45.139Z</when>
<when >2025-06-26T06:50:48.149Z</when>
<when >2025-06-26T06:50:50.039Z</when>
<when >2025-06-26T06:50:52.379Z</when>
<when >2025-06-26T06:50:54.949Z</when>
<when >2025-06-26T06:50:57.089Z</when>
<when >2025-06-26T06:50:59.109Z</when>
<when >2025-06-26T06:51:01.499Z</when>
<when >2025-06-26T06:51:04.779Z</when>
<when >2025-06-26T06:51:06.159Z</when>
<when >2025-06-26T06:51:07.429Z</when>
<when >2025-06-26T06:51:09.279Z</when>
<when >2025-06-26T06:51:12.779Z</when>
<when >2025-06-26T06:51:15.839Z</when>
<when >2025-06-26T06:51:18.579Z</when>
<when >2025-06-26T06:51:21.509Z</when>
<when >2025-06-26T06:51:23.929Z</when>
<when >2025-06-26T06:51:25.519Z</when>
<when >2025-06-26T06:51:27.139Z</when>
<when >2025-06-26T06:51:30.159Z</when>
<when >2025-06-26T06:51:33.769Z</when>
<when >2025-06-26T06:51:36.279Z</when>
<when >2025-06-26T06:51:38.679Z</when>
<when >2025-06-26T06:51:41.069Z</when>
<when >2025-06-26T06:51:44.089Z</when>
<when >2025-06-26T06:51:46.499Z</when>
<when >2025-06-26T06:51:49.169Z</when>
<when >2025-06-26T06:51:51.499Z</when>
<when >2025-06-26T06:51:54.119Z</when>
<when >2025-06-26T06:51:56.259Z</when>
<when >2025-06-26T06:51:58.829Z</when>
<when >2025-06-26T06:52:01.279Z</when>
<when >2025-06-26T06:52:04.279Z</when>
<when >2025-06-26T06:52:06.839Z</when>
<when >2025-06-26T06:52:09.468Z</when>
<when >2025-06-26T06:52:11.979Z</when>
<when >2025-06-26T06:52:14.249Z</when>
<when >2025-06-26T06:52:17.079Z</when>
<when >2025-06-26T06:52:19.569Z</when>
<when >2025-06-26T06:52:22.139Z</when>
<when >2025-06-26T06:52:23.999Z</when>
<when >2025-06-26T06:52:26.779Z</when>
<when >2025-06-26T06:52:29.259Z</when>
<when >2025-06-26T06:52:31.859Z</when>
<when >2025-06-26T06:52:37.369Z</when>
<when >2025-06-26T06:52:51.279Z</when>
<when >2025-06-26T06:53:10.958Z</when>
<when >2025-06-26T06:53:30.559Z</when>
<when >2025-06-26T06:53:36.049Z</when>
<when >2025-06-26T06:53:39.029Z</when>
<when >2025-06-26T06:53:40.949Z</when>
<when >2025-06-26T06:53:42.919Z</when>
<when >2025-06-26T06:53:45.119Z</when>
<when >2025-06-26T06:53:48.319Z</when>
<when >2025-06-26T06:53:49.509Z</when>
<when >2025-06-26T06:53:51.889Z</when>
<when >2025-06-26T06:53:54.099Z</when>
<when >2025-06-26T06:53:56.189Z</when>
<when >2025-06-26T06:53:58.179Z</when>
<when >2025-06-26T06:54:00.799Z</when>
<when >2025-06-26T06:54:03.089Z</when>
<when >2025-06-26T06:54:05.349Z</when>
<when >2025-06-26T06:54:07.869Z</when>
<when >2025-06-26T06:54:11.669Z</when>
<when >2025-06-26T06:54:17.099Z</when>
<when >2025-06-26T06:54:22.829Z</when>
<when >2025-06-26T06:54:25.958Z</when>
<when >2025-06-26T06:54:27.149Z</when>
<when >2025-06-26T06:54:29.649Z</when>
<when >2025-06-26T06:54:31.349Z</when>
<when >2025-06-26T06:54:33.989Z</when>
<when >2025-06-26T06:54:36.718Z</when>
<when >2025-06-26T06:54:38.429Z</when>
<when >2025-06-26T06:54:40.999Z</when>
<when >2025-06-26T06:54:43.689Z</when>
<when >2025-06-26T06:54:46.239Z</when>
<when >2025-06-26T06:54:49.309Z</when>
<when >2025-06-26T06:54:52.329Z</when>
<when >2025-06-26T06:54:54.919Z</when>
<when >2025-06-26T06:54:59.229Z</when>
<when >2025-06-26T06:55:01.679Z</when>
<when >2025-06-26T06:55:07.239Z</when>
<when >2025-06-26T06:55:14.649Z</when>
<when >2025-06-26T06:55:19.699Z</when>
<when >2025-06-26T06:55:28.549Z</when>
<when >2025-06-26T06:55:37.499Z</when>
<when >2025-06-26T06:55:42.569Z</when>
<when >2025-06-26T06:55:50.919Z</when>
<when >2025-06-26T06:56:20.199Z</when>
<when >2025-06-26T06:56:20.199Z</when>
<gx:coord >19.272414 47.436265 147</gx:coord>
<gx:coord >19.272977 47.435892 147</gx:coord>
<gx:coord >19.273659 47.435532 148</gx:coord>
<gx:coord >19.274277 47.43512 140</gx:coord>
<gx:coord >19.276886 47.433472 140</gx:coord>
<gx:coord >19.277555 47.433099 140</gx:coord>
<gx:coord >19.278946 47.432236 140</gx:coord>
<gx:coord >19.279907 47.431595 140</gx:coord>
<gx:coord >19.280795 47.431098 140</gx:coord>
<gx:coord >19.281217 47.430818 140</gx:coord>
<gx:coord >19.283682 47.429282 140</gx:coord>
<gx:coord >19.285231 47.428304 155</gx:coord>
<gx:coord >19.285654 47.428072 148</gx:coord>
<gx:coord >19.286922 47.42728 163</gx:coord>
<gx:coord >19.289452 47.425781 201</gx:coord>
<gx:coord >19.291924 47.424271 231</gx:coord>
<gx:coord >19.294457 47.422718 262</gx:coord>
<gx:coord >19.296524 47.421432 292</gx:coord>
<gx:coord >19.298653 47.420105 315</gx:coord>
<gx:coord >19.300302 47.419134 353</gx:coord>
<gx:coord >19.302486 47.41783 384</gx:coord>
<gx:coord >19.304695 47.416672 422</gx:coord>
<gx:coord >19.306961 47.415527 445</gx:coord>
<gx:coord >19.309176 47.414478 475</gx:coord>
<gx:coord >19.311493 47.413467 521</gx:coord>
<gx:coord >19.313896 47.41246 551</gx:coord>
<gx:coord >19.317345 47.411127 589</gx:coord>
<gx:coord >19.321243 47.409668 620</gx:coord>
<gx:coord >19.324883 47.40834 650</gx:coord>
<gx:coord >19.329106 47.40689 681</gx:coord>
<gx:coord >19.332916 47.405594 711</gx:coord>
<gx:coord >19.337346 47.404144 742</gx:coord>
<gx:coord >19.341783 47.402747 780</gx:coord>
<gx:coord >19.34629 47.401304 810</gx:coord>
<gx:coord >19.350563 47.399918 833</gx:coord>
<gx:coord >19.355093 47.398464 871</gx:coord>
<gx:coord >19.358967 47.397207 902</gx:coord>
<gx:coord >19.363122 47.395857 932</gx:coord>
<gx:coord >19.366361 47.394787 963</gx:coord>
<gx:coord >19.369249 47.393856 970</gx:coord>
<gx:coord >19.371221 47.393157 986</gx:coord>
<gx:coord >19.373826 47.392273 1001</gx:coord>
<gx:coord >19.375728 47.391621 1009</gx:coord>
<gx:coord >19.378686 47.390551 1024</gx:coord>
<gx:coord >19.38277 47.389107 1054</gx:coord>
<gx:coord >19.386269 47.387833 1077</gx:coord>
<gx:coord >19.388741 47.386963 1100</gx:coord>
<gx:coord >19.393204 47.385269 1130</gx:coord>
<gx:coord >19.397771 47.383475 1153</gx:coord>
<gx:coord >19.401503 47.381845 1184</gx:coord>
<gx:coord >19.40594 47.379611 1214</gx:coord>
<gx:coord >19.409884 47.377283 1245</gx:coord>
<gx:coord >19.413687 47.374676 1275</gx:coord>
<gx:coord >19.417374 47.371765 1306</gx:coord>
<gx:coord >19.420601 47.368835 1336</gx:coord>
<gx:coord >19.423004 47.366272 1367</gx:coord>
<gx:coord >19.425682 47.363022 1397</gx:coord>
<gx:coord >19.427811 47.359909 1428</gx:coord>
<gx:coord >19.429321 47.3573 1466</gx:coord>
<gx:coord >19.43042 47.354965 1504</gx:coord>
<gx:coord >19.431519 47.351624 1527</gx:coord>
<gx:coord >19.432137 47.349152 1565</gx:coord>
<gx:coord >19.432411 47.34668 1595</gx:coord>
<gx:coord >19.43248 47.344116 1618</gx:coord>
<gx:coord >19.432343 47.342102 1641</gx:coord>
<gx:coord >19.431999 47.339493 1664</gx:coord>
<gx:coord >19.431244 47.336151 1710</gx:coord>
<gx:coord >19.430283 47.333313 1748</gx:coord>
<gx:coord >19.428547 47.329381 1778</gx:coord>
<gx:coord >19.426712 47.326355 1816</gx:coord>
<gx:coord >19.424744 47.323702 1847</gx:coord>
<gx:coord >19.421786 47.320303 1870</gx:coord>
<gx:coord >19.418758 47.317417 1908</gx:coord>
<gx:coord >19.415659 47.314996 1946</gx:coord>
<gx:coord >19.412067 47.312576 1969</gx:coord>
<gx:coord >19.407208 47.309829 2007</gx:coord>
<gx:coord >19.401993 47.307404 2037</gx:coord>
<gx:coord >19.396644 47.30536 2060</gx:coord>
<gx:coord >19.391075 47.303604 2098</gx:coord>
<gx:coord >19.385719 47.302048 2129</gx:coord>
<gx:coord >19.37784 47.299867 2159</gx:coord>
<gx:coord >19.37281 47.298477 2182</gx:coord>
<gx:coord >19.366013 47.296555 2213</gx:coord>
<gx:coord >19.359741 47.294793 2235</gx:coord>
<gx:coord >19.351593 47.29248 2289</gx:coord>
<gx:coord >19.340401 47.289276 2342</gx:coord>
<gx:coord >19.330101 47.286301 2403</gx:coord>
<gx:coord >19.321289 47.283713 2479</gx:coord>
<gx:coord >19.312556 47.281153 2525</gx:coord>
<gx:coord >19.304832 47.278839 2594</gx:coord>
<gx:coord >19.296359 47.276311 2647</gx:coord>
<gx:coord >19.28826 47.273891 2708</gx:coord>
<gx:coord >19.280442 47.27147 2776</gx:coord>
<gx:coord >19.273259 47.269282 2837</gx:coord>
<gx:coord >19.265583 47.266908 2906</gx:coord>
<gx:coord >19.258415 47.264648 2967</gx:coord>
<gx:coord >19.251568 47.262532 3028</gx:coord>
<gx:coord >19.244064 47.260162 3089</gx:coord>
<gx:coord >19.235687 47.257507 3157</gx:coord>
<gx:coord >19.228398 47.255177 3226</gx:coord>
<gx:coord >19.219757 47.25238 3287</gx:coord>
<gx:coord >19.209801 47.249222 3348</gx:coord>
<gx:coord >19.200737 47.246338 3416</gx:coord>
<gx:coord >19.190298 47.243073 3477</gx:coord>
<gx:coord >19.179101 47.239535 3537</gx:coord>
<gx:coord >19.164241 47.234926 3606</gx:coord>
<gx:coord >19.148114 47.229992 3659</gx:coord>
<gx:coord >19.13118 47.224823 3728</gx:coord>
<gx:coord >19.113887 47.219611 3781</gx:coord>
<gx:coord >19.101915 47.216305 3819</gx:coord>
<gx:coord >19.092689 47.214257 3842</gx:coord>
<gx:coord >19.082618 47.212674 3857</gx:coord>
<gx:coord >19.073776 47.211731 3865</gx:coord>
<gx:coord >19.062265 47.211092 3873</gx:coord>
<gx:coord >19.049538 47.210861 3873</gx:coord>
<gx:coord >19.037727 47.211227 3873</gx:coord>
<gx:coord >19.026192 47.212143 3880</gx:coord>
<gx:coord >19.016348 47.213373 3873</gx:coord>
<gx:coord >19.00177 47.215887 3873</gx:coord>
<gx:coord >18.953881 47.224964 3865</gx:coord>
<gx:coord >18.908034 47.233809 3857</gx:coord>
<gx:coord >18.894301 47.235997 3857</gx:coord>
<gx:coord >18.880211 47.23764 3857</gx:coord>
<gx:coord >18.864899 47.238831 3857</gx:coord>
<gx:coord >18.828163 47.241348 3857</gx:coord>
<gx:coord >18.813453 47.241863 3865</gx:coord>
<gx:coord >18.79644 47.241943 3865</gx:coord>
<gx:coord >18.770691 47.241257 3865</gx:coord>
<gx:coord >18.72014 47.239302 3865</gx:coord>
<gx:coord >18.669645 47.237301 3873</gx:coord>
<gx:coord >18.618375 47.235252 3873</gx:coord>
<gx:coord >18.580839 47.233949 3873</gx:coord>
<gx:coord >18.570064 47.234088 3873</gx:coord>
<gx:coord >18.556664 47.234848 3873</gx:coord>
<gx:coord >18.541283 47.236221 3873</gx:coord>
<gx:coord >18.523794 47.238371 3873</gx:coord>
<gx:coord >18.474129 47.244919 3873</gx:coord>
<gx:coord >18.428579 47.25094 3872</gx:coord>
<gx:coord >18.379141 47.25797 3872</gx:coord>
<gx:coord >18.329933 47.264877 3872</gx:coord>
<gx:coord >18.280123 47.271796 3872</gx:coord>
<gx:coord >18.231178 47.278592 3856</gx:coord>
<gx:coord >18.212929 47.281174 3834</gx:coord>
<gx:coord >18.198571 47.283155 3803</gx:coord>
<gx:coord >18.180119 47.285715 3742</gx:coord>
<gx:coord >18.162443 47.288182 3696</gx:coord>
<gx:coord >18.14371 47.290789 3628</gx:coord>
<gx:coord >18.124202 47.293536 3567</gx:coord>
<gx:coord >18.105125 47.296234 3514</gx:coord>
<gx:coord >18.085625 47.298981 3460</gx:coord>
<gx:coord >18.067087 47.301589 3399</gx:coord>
<gx:coord >18.048683 47.304199 3346</gx:coord>
<gx:coord >18.030624 47.306763 3293</gx:coord>
<gx:coord >18.019057 47.308432 3254</gx:coord>
<gx:coord >18.007366 47.310108 3239</gx:coord>
<gx:coord >18.00293 47.31076 3224</gx:coord>
<gx:coord >17.999972 47.311179 3209</gx:coord>
<gx:coord >17.997718 47.311505 3201</gx:coord>
<gx:coord >17.992929 47.312203 3178</gx:coord>
<gx:coord >17.98969 47.312669 3155</gx:coord>
<gx:coord >17.981667 47.313812 3094</gx:coord>
<gx:coord >17.973844 47.31495 3033</gx:coord>
<gx:coord >17.967384 47.315918 2973</gx:coord>
<gx:coord >17.959763 47.317017 2904</gx:coord>
<gx:coord >17.951871 47.318208 2835</gx:coord>
<gx:coord >17.942253 47.319672 2767</gx:coord>
<gx:coord >17.932223 47.321234 2706</gx:coord>
<gx:coord >17.920692 47.323105 2637</gx:coord>
<gx:coord >17.90849 47.325377 2584</gx:coord>
<gx:coord >17.897758 47.32782 2508</gx:coord>
<gx:coord >17.88877 47.330265 2447</gx:coord>
<gx:coord >17.880812 47.332686 2393</gx:coord>
<gx:coord >17.873207 47.335153 2325</gx:coord>
<gx:coord >17.868488 47.336736 2287</gx:coord>
<gx:coord >17.864594 47.338074 2249</gx:coord>
<gx:coord >17.860748 47.339401 2226</gx:coord>
<gx:coord >17.856657 47.340786 2188</gx:coord>
<gx:coord >17.852783 47.342148 2150</gx:coord>
<gx:coord >17.850248 47.343021 2134</gx:coord>
<gx:coord >17.846672 47.344208 2104</gx:coord>
<gx:coord >17.843839 47.345162 2058</gx:coord>
<gx:coord >17.840107 47.346419 2028</gx:coord>
<gx:coord >17.83699 47.347458 1997</gx:coord>
<gx:coord >17.833076 47.34874 1967</gx:coord>
<gx:coord >17.830106 47.349724 1936</gx:coord>
<gx:coord >17.826937 47.350795 1898</gx:coord>
<gx:coord >17.822782 47.352145 1868</gx:coord>
<gx:coord >17.819472 47.353262 1852</gx:coord>
<gx:coord >17.815528 47.354519 1822</gx:coord>
<gx:coord >17.809049 47.35666 1784</gx:coord>
<gx:coord >17.801559 47.359131 1753</gx:coord>
<gx:coord >17.793908 47.361642 1723</gx:coord>
<gx:coord >17.784541 47.364667 1692</gx:coord>
<gx:coord >17.775456 47.3676 1654</gx:coord>
<gx:coord >17.766884 47.370392 1624</gx:coord>
<gx:coord >17.761116 47.372269 1609</gx:coord>
<gx:coord >17.759331 47.372864 1601</gx:coord>
<gx:coord >17.756653 47.373688 1601</gx:coord>
<gx:coord >17.75425 47.374512 1593</gx:coord>
<gx:coord >17.750033 47.37584 1601</gx:coord>
<gx:coord >17.748202 47.376445 1601</gx:coord>
<gx:coord >17.746371 47.37705 1601</gx:coord>
<gx:coord >17.743744 47.377899 1593</gx:coord>
<gx:coord >17.742216 47.3784 1593</gx:coord>
<gx:coord >17.740517 47.378952 1593</gx:coord>
<gx:coord >17.737495 47.379913 1578</gx:coord>
<gx:coord >17.732964 47.381378 1548</gx:coord>
<gx:coord >17.727402 47.383209 1509</gx:coord>
<gx:coord >17.723271 47.384545 1487</gx:coord>
<gx:coord >17.718269 47.386139 1449</gx:coord>
<gx:coord >17.712776 47.38797 1410</gx:coord>
<gx:coord >17.708623 47.389294 1380</gx:coord>
<gx:coord >17.703712 47.390854 1349</gx:coord>
<gx:coord >17.698631 47.392456 1319</gx:coord>
<gx:coord >17.693825 47.394012 1281</gx:coord>
<gx:coord >17.689819 47.395299 1250</gx:coord>
<gx:coord >17.685242 47.396759 1220</gx:coord>
<gx:coord >17.680875 47.398139 1197</gx:coord>
<gx:coord >17.676247 47.399643 1159</gx:coord>
<gx:coord >17.671579 47.401164 1121</gx:coord>
<gx:coord >17.667526 47.402481 1098</gx:coord>
<gx:coord >17.662994 47.404037 1068</gx:coord>
<gx:coord >17.658463 47.405594 1037</gx:coord>
<gx:coord >17.65448 47.407059 991</gx:coord>
<gx:coord >17.64933 47.408981 961</gx:coord>
<gx:coord >17.646446 47.41008 946</gx:coord>
<gx:coord >17.639888 47.412616 915</gx:coord>
<gx:coord >17.632634 47.415409 892</gx:coord>
<gx:coord >17.625732 47.418063 862</gx:coord>
<gx:coord >17.618706 47.420792 831</gx:coord>
<gx:coord >17.611014 47.423696 801</gx:coord>
<gx:coord >17.605316 47.425873 778</gx:coord>
<gx:coord >17.601929 47.427187 763</gx:coord>
<gx:coord >17.59545 47.429608 740</gx:coord>
<gx:coord >17.590141 47.431641 732</gx:coord>
<gx:coord >17.585815 47.433289 725</gx:coord>
<gx:coord >17.582703 47.434449 717</gx:coord>
<gx:coord >17.578477 47.435892 725</gx:coord>
<gx:coord >17.575447 47.436722 725</gx:coord>
<gx:coord >17.572357 47.437454 717</gx:coord>
<gx:coord >17.568169 47.438187 717</gx:coord>
<gx:coord >17.56411 47.438639 709</gx:coord>
<gx:coord >17.559105 47.438919 709</gx:coord>
<gx:coord >17.555659 47.438872 702</gx:coord>
<gx:coord >17.550934 47.438644 694</gx:coord>
<gx:coord >17.546082 47.43822 679</gx:coord>
<gx:coord >17.535828 47.437317 656</gx:coord>
<gx:coord >17.526715 47.436637 633</gx:coord>
<gx:coord >17.519348 47.436035 618</gx:coord>
<gx:coord >17.51516 47.435486 603</gx:coord>
<gx:coord >17.50898 47.434387 595</gx:coord>
<gx:coord >17.499108 47.432587 572</gx:coord>
<gx:coord >17.490646 47.430954 542</gx:coord>
<gx:coord >17.483685 47.429468 519</gx:coord>
<gx:coord >17.480516 47.428444 504</gx:coord>
<gx:coord >17.478218 47.427567 496</gx:coord>
<gx:coord >17.476364 47.426514 481</gx:coord>
<gx:coord >17.474882 47.425465 473</gx:coord>
<gx:coord >17.473684 47.424487 466</gx:coord>
<gx:coord >17.472588 47.423218 450</gx:coord>
<gx:coord >17.471626 47.421478 450</gx:coord>
<gx:coord >17.471146 47.419647 443</gx:coord>
<gx:coord >17.471214 47.418274 435</gx:coord>
<gx:coord >17.471572 47.416666 435</gx:coord>
<gx:coord >17.472135 47.415409 427</gx:coord>
<gx:coord >17.473137 47.413788 420</gx:coord>
<gx:coord >17.475815 47.410126 405</gx:coord>
<gx:coord >17.477135 47.408054 389</gx:coord>
<gx:coord >17.478896 47.404842 366</gx:coord>
<gx:coord >17.481009 47.400978 336</gx:coord>
<gx:coord >17.483896 47.395764 313</gx:coord>
<gx:coord >17.486079 47.391668 275</gx:coord>
<gx:coord >17.488262 47.387478 245</gx:coord>
<gx:coord >17.490798 47.382823 214</gx:coord>
<gx:coord >17.493187 47.378311 184</gx:coord>
<gx:coord >17.495316 47.374054 161</gx:coord>
<gx:coord >17.496643 47.371557 153</gx:coord>
<gx:coord >17.498404 47.368205 153</gx:coord>
<gx:coord >17.501291 47.362712 146</gx:coord>
<gx:coord >17.503487 47.358444 168</gx:coord>
<gx:coord >17.503624 47.35817 176</gx:coord>
<gx:coord >17.504105 47.357254 191</gx:coord>
<gx:coord >17.504742 47.356102 222</gx:coord>
<gx:coord >17.505446 47.354659 245</gx:coord>
<gx:coord >17.50589 47.353867 260</gx:coord>
<gx:coord >17.506714 47.352356 298</gx:coord>
<gx:coord >17.509048 47.349014 344</gx:coord>
<gx:coord >17.510971 47.347 351</gx:coord>
<gx:coord >17.512894 47.345398 374</gx:coord>
<gx:coord >17.515094 47.343952 389</gx:coord>
<gx:coord >17.517559 47.342648 420</gx:coord>
<gx:coord >17.519883 47.341624 435</gx:coord>
<gx:coord >17.522278 47.340786 450</gx:coord>
<gx:coord >17.524179 47.340274 458</gx:coord>
<gx:coord >17.525391 47.339951 466</gx:coord>
<gx:coord >17.528123 47.339483 504</gx:coord>
<gx:coord >17.530746 47.339172 527</gx:coord>
<gx:coord >17.531364 47.339081 534</gx:coord>
<gx:coord >17.535141 47.338898 557</gx:coord>
<gx:coord >17.538574 47.338989 565</gx:coord>
<gx:coord >17.54249 47.33939 587</gx:coord>
<gx:coord >17.545659 47.339948 603</gx:coord>
<gx:coord >17.549286 47.340866 618</gx:coord>
<gx:coord >17.552138 47.341903 626</gx:coord>
<gx:coord >17.55526 47.343292 633</gx:coord>
<gx:coord >17.5578 47.344757 641</gx:coord>
<gx:coord >17.560272 47.346451 641</gx:coord>
<gx:coord >17.562279 47.348281 641</gx:coord>
<gx:coord >17.56397 47.35019 641</gx:coord>
<gx:coord >17.565285 47.352036 648</gx:coord>
<gx:coord >17.566364 47.354193 648</gx:coord>
<gx:coord >17.567139 47.35643 648</gx:coord>
<gx:coord >17.567551 47.358582 648</gx:coord>
<gx:coord >17.567619 47.360687 648</gx:coord>
<gx:coord >17.567345 47.362885 648</gx:coord>
<gx:coord >17.566716 47.365319 648</gx:coord>
<gx:coord >17.565216 47.368881 648</gx:coord>
<gx:coord >17.562702 47.373699 648</gx:coord>
<gx:coord >17.554814 47.387618 648</gx:coord>
<gx:coord >17.544814 47.404563 641</gx:coord>
<gx:coord >17.535141 47.421524 641</gx:coord>
<gx:coord >17.532188 47.426651 641</gx:coord>
<gx:coord >17.530334 47.429581 648</gx:coord>
<gx:coord >17.528546 47.431796 633</gx:coord>
<gx:coord >17.526926 47.433379 633</gx:coord>
<gx:coord >17.525322 47.43457 633</gx:coord>
<gx:coord >17.523605 47.435623 633</gx:coord>
<gx:coord >17.521751 47.43663 626</gx:coord>
<gx:coord >17.519554 47.4375 633</gx:coord>
<gx:coord >17.517632 47.438141 618</gx:coord>
<gx:coord >17.514883 47.438779 618</gx:coord>
<gx:coord >17.512207 47.439194 618</gx:coord>
<gx:coord >17.509872 47.439331 610</gx:coord>
<gx:coord >17.506643 47.439244 618</gx:coord>
<gx:coord >17.504038 47.439011 610</gx:coord>
<gx:coord >17.499573 47.438278 603</gx:coord>
<gx:coord >17.491784 47.436963 565</gx:coord>
<gx:coord >17.487144 47.435944 542</gx:coord>
<gx:coord >17.481239 47.434341 527</gx:coord>
<gx:coord >17.479385 47.433655 511</gx:coord>
<gx:coord >17.477325 47.432648 504</gx:coord>
<gx:coord >17.476021 47.43187 496</gx:coord>
<gx:coord >17.474389 47.430539 488</gx:coord>
<gx:coord >17.473191 47.429329 488</gx:coord>
<gx:coord >17.472346 47.428072 481</gx:coord>
<gx:coord >17.471572 47.426675 481</gx:coord>
<gx:coord >17.471079 47.425278 473</gx:coord>
<gx:coord >17.470727 47.423882 466</gx:coord>
<gx:coord >17.470727 47.423091 466</gx:coord>
<gx:coord >17.470727 47.421787 458</gx:coord>
<gx:coord >17.471008 47.420251 450</gx:coord>
<gx:coord >17.471558 47.418732 443</gx:coord>
<gx:coord >17.472519 47.416855 427</gx:coord>
<gx:coord >17.473966 47.414339 412</gx:coord>
<gx:coord >17.476913 47.40921 374</gx:coord>
<gx:coord >17.479671 47.404097 351</gx:coord>
<gx:coord >17.482338 47.398865 328</gx:coord>
<gx:coord >17.484952 47.393902 290</gx:coord>
<gx:coord >17.487769 47.388688 267</gx:coord>
<gx:coord >17.489671 47.384964 229</gx:coord>
<gx:coord >17.492088 47.380325 199</gx:coord>
<gx:coord >17.494882 47.374909 168</gx:coord>
<gx:coord >17.49608 47.372581 153</gx:coord>
<gx:coord >17.500534 47.364166 146</gx:coord>
<gx:coord >17.502045 47.361237 153</gx:coord>
<gx:coord >17.50277 47.359826 176</gx:coord>
<gx:coord >17.503349 47.35881 184</gx:coord>
<gx:coord >17.503897 47.357685 199</gx:coord>
<gx:coord >17.504883 47.355823 260</gx:coord>
<gx:coord >17.506371 47.353317 313</gx:coord>
<gx:coord >17.508362 47.350708 374</gx:coord>
<gx:coord >17.509941 47.349106 412</gx:coord>
<gx:coord >17.511151 47.348141 435</gx:coord>
<gx:coord >17.513263 47.346698 466</gx:coord>
<gx:coord >17.515022 47.345673 488</gx:coord>
<gx:coord >17.516503 47.345022 511</gx:coord>
<gx:coord >17.518867 47.344116 542</gx:coord>
<gx:coord >17.521433 47.343393 557</gx:coord>
<gx:coord >17.524429 47.342789 580</gx:coord>
<gx:coord >17.526764 47.342514 595</gx:coord>
<gx:coord >17.529099 47.342377 610</gx:coord>
<gx:coord >17.532842 47.342416 626</gx:coord>
<gx:coord >17.535965 47.342697 641</gx:coord>
<gx:coord >17.537419 47.342881 648</gx:coord>
<gx:coord >17.539398 47.343201 648</gx:coord>
<gx:coord >17.542694 47.343979 656</gx:coord>
<gx:coord >17.545578 47.344894 656</gx:coord>
<gx:coord >17.548393 47.346039 656</gx:coord>
<gx:coord >17.551011 47.34735 656</gx:coord>
<gx:coord >17.552842 47.348514 664</gx:coord>
<gx:coord >17.555672 47.350754 664</gx:coord>
<gx:coord >17.557279 47.352471 664</gx:coord>
<gx:coord >17.558556 47.35405 671</gx:coord>
<gx:coord >17.55986 47.35611 671</gx:coord>
<gx:coord >17.560822 47.358215 671</gx:coord>
<gx:coord >17.561371 47.360458 671</gx:coord>
<gx:coord >17.561577 47.362473 671</gx:coord>
<gx:coord >17.561508 47.364761 671</gx:coord>
<gx:coord >17.561012 47.367135 671</gx:coord>
<gx:coord >17.560135 47.369431 671</gx:coord>
<gx:coord >17.558487 47.372498 671</gx:coord>
<gx:coord >17.555026 47.378447 671</gx:coord>
<gx:coord >17.549673 47.38813 641</gx:coord>
<gx:coord >17.540448 47.404796 641</gx:coord>
<gx:coord >17.53094 47.42188 641</gx:coord>
<gx:coord >17.529167 47.42514 641</gx:coord>
<gx:coord >17.527313 47.427933 633</gx:coord>
<gx:coord >17.525588 47.429934 626</gx:coord>
<gx:coord >17.524109 47.431284 626</gx:coord>
<gx:coord >17.522369 47.432556 626</gx:coord>
<gx:coord >17.521065 47.433334 626</gx:coord>
<gx:coord >17.51873 47.434525 618</gx:coord>
<gx:coord >17.51608 47.43552 618</gx:coord>
<gx:coord >17.513786 47.436172 618</gx:coord>
<gx:coord >17.511177 47.436676 610</gx:coord>
<gx:coord >17.509038 47.436917 603</gx:coord>
<gx:coord >17.506096 47.436996 603</gx:coord>
<gx:coord >17.504531 47.436917 603</gx:coord>
<gx:coord >17.502045 47.43663 610</gx:coord>
<gx:coord >17.499367 47.436081 610</gx:coord>
<gx:coord >17.49559 47.435257 618</gx:coord>
<gx:coord >17.494011 47.434891 610</gx:coord>
<gx:coord >17.488106 47.433517 580</gx:coord>
<gx:coord >17.482269 47.432053 549</gx:coord>
<gx:coord >17.479111 47.431091 542</gx:coord>
<gx:coord >17.477325 47.430405 534</gx:coord>
<gx:coord >17.475234 47.429282 527</gx:coord>
<gx:coord >17.473614 47.428118 519</gx:coord>
<gx:coord >17.472417 47.427047 511</gx:coord>
<gx:coord >17.47142 47.425827 504</gx:coord>
<gx:coord >17.470445 47.424115 496</gx:coord>
<gx:coord >17.470022 47.422765 496</gx:coord>
<gx:coord >17.469881 47.421275 488</gx:coord>
<gx:coord >17.470022 47.419785 481</gx:coord>
<gx:coord >17.470459 47.418274 473</gx:coord>
<gx:coord >17.471431 47.416387 458</gx:coord>
<gx:coord >17.472382 47.415115 458</gx:coord>
<gx:coord >17.473544 47.413501 450</gx:coord>
<gx:coord >17.475815 47.410217 420</gx:coord>
<gx:coord >17.478192 47.406611 389</gx:coord>
<gx:coord >17.480516 47.402421 366</gx:coord>
<gx:coord >17.482887 47.397949 336</gx:coord>
<gx:coord >17.485016 47.393738 306</gx:coord>
<gx:coord >17.487625 47.388977 267</gx:coord>
<gx:coord >17.48946 47.38543 237</gx:coord>
<gx:coord >17.491951 47.3806 206</gx:coord>
<gx:coord >17.49408 47.376526 176</gx:coord>
<gx:coord >17.496009 47.372721 153</gx:coord>
<gx:coord >17.49953 47.366017 153</gx:coord>
<gx:coord >17.501083 47.363068 153</gx:coord>
<gx:coord >17.503349 47.35881 176</gx:coord>
<gx:coord >17.503761 47.358078 176</gx:coord>
<gx:coord >17.504242 47.357208 191</gx:coord>
<gx:coord >17.505024 47.355729 222</gx:coord>
<gx:coord >17.505798 47.35424 252</gx:coord>
<gx:coord >17.506643 47.352657 298</gx:coord>
<gx:coord >17.507607 47.351074 328</gx:coord>
<gx:coord >17.508636 47.349609 359</gx:coord>
<gx:coord >17.509666 47.348328 397</gx:coord>
<gx:coord >17.511452 47.346588 427</gx:coord>
<gx:coord >17.512982 47.345395 458</gx:coord>
<gx:coord >17.515366 47.343933 496</gx:coord>
<gx:coord >17.517841 47.342695 519</gx:coord>
<gx:coord >17.520236 47.341717 549</gx:coord>
<gx:coord >17.523475 47.340786 572</gx:coord>
<gx:coord >17.526081 47.340274 595</gx:coord>
<gx:coord >17.529167 47.339859 618</gx:coord>
<gx:coord >17.532326 47.339676 633</gx:coord>
<gx:coord >17.534248 47.33963 641</gx:coord>
<gx:coord >17.537208 47.339762 648</gx:coord>
<gx:coord >17.537888 47.339813 648</gx:coord>
<gx:coord >17.540307 47.340088 664</gx:coord>
<gx:coord >17.542842 47.34046 656</gx:coord>
<gx:coord >17.546608 47.341232 664</gx:coord>
<gx:coord >17.550179 47.342331 656</gx:coord>
<gx:coord >17.553406 47.343626 664</gx:coord>
<gx:coord >17.55573 47.344836 664</gx:coord>
<gx:coord >17.558265 47.346419 664</gx:coord>
<gx:coord >17.560519 47.348141 656</gx:coord>
<gx:coord >17.562561 47.350097 656</gx:coord>
<gx:coord >17.564181 47.352098 664</gx:coord>
<gx:coord >17.565559 47.354324 648</gx:coord>
<gx:coord >17.566505 47.356474 648</gx:coord>
<gx:coord >17.567207 47.358856 648</gx:coord>
<gx:coord >17.567413 47.361786 648</gx:coord>
<gx:coord >17.567276 47.363708 648</gx:coord>
<gx:coord >17.566795 47.366135 648</gx:coord>
<gx:coord >17.56573 47.36895 648</gx:coord>
<gx:coord >17.564392 47.371902 648</gx:coord>
<gx:coord >17.560547 47.379135 641</gx:coord>
<gx:coord >17.55114 47.396072 641</gx:coord>
<gx:coord >17.541939 47.412781 641</gx:coord>
<gx:coord >17.536222 47.423323 641</gx:coord>
<gx:coord >17.534391 47.426489 648</gx:coord>
<gx:coord >17.533012 47.428482 633</gx:coord>
<gx:coord >17.532067 47.429654 626</gx:coord>
<gx:coord >17.530334 47.431229 626</gx:coord>
<gx:coord >17.528827 47.432401 618</gx:coord>
<gx:coord >17.526421 47.433838 610</gx:coord>
<gx:coord >17.524567 47.434708 603</gx:coord>
<gx:coord >17.521785 47.435706 595</gx:coord>
<gx:coord >17.51976 47.436264 595</gx:coord>
<gx:coord >17.516533 47.436813 587</gx:coord>
<gx:coord >17.514404 47.437042 587</gx:coord>
<gx:coord >17.511996 47.437056 580</gx:coord>
<gx:coord >17.509598 47.436905 580</gx:coord>
<gx:coord >17.507066 47.436591 580</gx:coord>
<gx:coord >17.502937 47.435898 572</gx:coord>
<gx:coord >17.498192 47.435148 572</gx:coord>
<gx:coord >17.492206 47.434123 549</gx:coord>
<gx:coord >17.486009 47.432913 527</gx:coord>
<gx:coord >17.483614 47.432261 519</gx:coord>
<gx:coord >17.48129 47.431423 504</gx:coord>
<gx:coord >17.480072 47.430862 504</gx:coord>
<gx:coord >17.478561 47.429993 496</gx:coord>
<gx:coord >17.476642 47.428537 488</gx:coord>
<gx:coord >17.475609 47.427475 481</gx:coord>
<gx:coord >17.474811 47.426489 473</gx:coord>
<gx:coord >17.473473 47.424022 473</gx:coord>
<gx:coord >17.473051 47.422485 466</gx:coord>
<gx:coord >17.472862 47.420929 458</gx:coord>
<gx:coord >17.47291 47.419692 458</gx:coord>
<gx:coord >17.473274 47.417404 443</gx:coord>
<gx:coord >17.474236 47.414429 443</gx:coord>
<gx:coord >17.474741 47.413128 435</gx:coord>
<gx:coord >17.476433 47.409622 412</gx:coord>
<gx:coord >17.478192 47.406378 389</gx:coord>
<gx:coord >17.480072 47.403214 359</gx:coord>
<gx:coord >17.482544 47.398911 328</gx:coord>
<gx:coord >17.484947 47.39415 290</gx:coord>
<gx:coord >17.486924 47.390318 260</gx:coord>
<gx:coord >17.489067 47.386093 229</gx:coord>
<gx:coord >17.491814 47.380966 206</gx:coord>
<gx:coord >17.493685 47.377237 176</gx:coord>
<gx:coord >17.495796 47.373138 153</gx:coord>
<gx:coord >17.498263 47.368578 153</gx:coord>
<gx:coord >17.501152 47.36293 153</gx:coord>
<gx:coord >17.501502 47.362247 161</gx:coord>
<gx:coord >17.501714 47.361828 161</gx:coord>
<gx:coord >17.502277 47.36085 176</gx:coord>
<gx:coord >17.502629 47.360059 184</gx:coord>
<gx:coord >17.503349 47.358765 222</gx:coord>
<gx:coord >17.503967 47.357529 260</gx:coord>
<gx:coord >17.505587 47.354659 328</gx:coord>
<gx:coord >17.506783 47.352997 351</gx:coord>
<gx:coord >17.508052 47.351633 382</gx:coord>
<gx:coord >17.509108 47.350655 412</gx:coord>
<gx:coord >17.510353 47.349655 443</gx:coord>
<gx:coord >17.511573 47.348886 458</gx:coord>
<gx:coord >17.513475 47.347769 488</gx:coord>
<gx:coord >17.515376 47.346885 519</gx:coord>
<gx:coord >17.517288 47.346176 542</gx:coord>
<gx:coord >17.520306 47.345395 572</gx:coord>
<gx:coord >17.522841 47.344976 595</gx:coord>
<gx:coord >17.525665 47.344711 610</gx:coord>
<gx:coord >17.528343 47.344666 633</gx:coord>
<gx:coord >17.531227 47.344757 648</gx:coord>
<gx:coord >17.532489 47.344883 656</gx:coord>
<gx:coord >17.53363 47.344986 656</gx:coord>
<gx:coord >17.534884 47.345162 656</gx:coord>
<gx:coord >17.536308 47.345398 671</gx:coord>
<gx:coord >17.538918 47.345901 671</gx:coord>
<gx:coord >17.542138 47.346838 671</gx:coord>
<gx:coord >17.545307 47.348002 671</gx:coord>
<gx:coord >17.548194 47.349352 671</gx:coord>
<gx:coord >17.550659 47.350748 671</gx:coord>
<gx:coord >17.552702 47.352191 671</gx:coord>
<gx:coord >17.554744 47.35396 671</gx:coord>
<gx:coord >17.556223 47.35559 671</gx:coord>
<gx:coord >17.557938 47.357941 671</gx:coord>
<gx:coord >17.55911 47.359966 671</gx:coord>
<gx:coord >17.55986 47.362152 671</gx:coord>
<gx:coord >17.560272 47.36412 671</gx:coord>
<gx:coord >17.560378 47.36625 671</gx:coord>
<gx:coord >17.560204 47.368103 671</gx:coord>
<gx:coord >17.559674 47.37044 671</gx:coord>
<gx:coord >17.558688 47.372814 671</gx:coord>
<gx:coord >17.556427 47.376938 679</gx:coord>
<gx:coord >17.55418 47.381194 687</gx:coord>
<gx:coord >17.551208 47.386734 679</gx:coord>
<gx:coord >17.545853 47.396027 656</gx:coord>
<gx:coord >17.536433 47.412942 648</gx:coord>
<gx:coord >17.530799 47.422904 641</gx:coord>
<gx:coord >17.529579 47.425003 641</gx:coord>
<gx:coord >17.527982 47.427513 641</gx:coord>
<gx:coord >17.526574 47.429235 633</gx:coord>
<gx:coord >17.525459 47.430359 626</gx:coord>
<gx:coord >17.523262 47.432144 618</gx:coord>
<gx:coord >17.521503 47.433239 618</gx:coord>
<gx:coord >17.51976 47.434113 618</gx:coord>
<gx:coord >17.5177 47.434961 610</gx:coord>
<gx:coord >17.515709 47.435623 610</gx:coord>
<gx:coord >17.513512 47.436172 603</gx:coord>
<gx:coord >17.511221 47.436544 595</gx:coord>
<gx:coord >17.509038 47.43673 595</gx:coord>
<gx:coord >17.506925 47.43673 587</gx:coord>
<gx:coord >17.504883 47.436637 580</gx:coord>
<gx:coord >17.5028 47.436356 580</gx:coord>
<gx:coord >17.499178 47.43566 580</gx:coord>
<gx:coord >17.489273 47.433426 572</gx:coord>
<gx:coord >17.483614 47.432075 557</gx:coord>
<gx:coord >17.481583 47.431366 549</gx:coord>
<gx:coord >17.47966 47.430542 534</gx:coord>
<gx:coord >17.477943 47.429535 519</gx:coord>
<gx:coord >17.47657 47.428436 511</gx:coord>
<gx:coord >17.475609 47.427612 504</gx:coord>
<gx:coord >17.474389 47.426116 496</gx:coord>
<gx:coord >17.473684 47.42486 488</gx:coord>
<gx:coord >17.473068 47.423126 481</gx:coord>
<gx:coord >17.472794 47.421616 473</gx:coord>
<gx:coord >17.472769 47.420484 473</gx:coord>
<gx:coord >17.472839 47.418994 466</gx:coord>
<gx:coord >17.473191 47.417597 458</gx:coord>
<gx:coord >17.473892 47.41539 443</gx:coord>
<gx:coord >17.474811 47.413454 435</gx:coord>
<gx:coord >17.475797 47.411313 420</gx:coord>
<gx:coord >17.477531 47.408066 389</gx:coord>
<gx:coord >17.478012 47.40715 374</gx:coord>
<gx:coord >17.480445 47.402747 344</gx:coord>
<gx:coord >17.482981 47.397952 313</gx:coord>
<gx:coord >17.485586 47.392925 275</gx:coord>
<gx:coord >17.488449 47.387421 245</gx:coord>
<gx:coord >17.491009 47.382404 214</gx:coord>
<gx:coord >17.493118 47.378311 184</gx:coord>
<gx:coord >17.496221 47.372395 153</gx:coord>
<gx:coord >17.500877 47.363525 153</gx:coord>
<gx:coord >17.501152 47.36293 153</gx:coord>
<gx:coord >17.502911 47.359593 168</gx:coord>
<gx:coord >17.503545 47.358383 176</gx:coord>
<gx:coord >17.504038 47.357452 191</gx:coord>
<gx:coord >17.50486 47.355835 229</gx:coord>
<gx:coord >17.505615 47.35437 275</gx:coord>
<gx:coord >17.506432 47.35289 313</gx:coord>
<gx:coord >17.506855 47.352098 336</gx:coord>
<gx:coord >17.507629 47.350935 359</gx:coord>
<gx:coord >17.50843 47.349838 374</gx:coord>
<gx:coord >17.509941 47.348099 405</gx:coord>
<gx:coord >17.511726 47.346542 450</gx:coord>
<gx:coord >17.51358 47.345215 473</gx:coord>
<gx:coord >17.515297 47.344208 504</gx:coord>
<gx:coord >17.5177 47.343114 519</gx:coord>
<gx:coord >17.520035 47.342285 549</gx:coord>
<gx:coord >17.523053 47.341484 572</gx:coord>
<gx:coord >17.526222 47.340926 595</gx:coord>
<gx:coord >17.529373 47.340637 610</gx:coord>
<gx:coord >17.531785 47.3406 633</gx:coord>
<gx:coord >17.534866 47.340683 641</gx:coord>
<gx:coord >17.538053 47.340972 656</gx:coord>
<gx:coord >17.541733 47.341599 664</gx:coord>
<gx:coord >17.545372 47.342514 664</gx:coord>
<gx:coord >17.548256 47.343475 664</gx:coord>
<gx:coord >17.55087 47.344697 664</gx:coord>
<gx:coord >17.553476 47.34614 671</gx:coord>
<gx:coord >17.556082 47.347862 671</gx:coord>
<gx:coord >17.558758 47.350236 664</gx:coord>
<gx:coord >17.560448 47.352098 664</gx:coord>
<gx:coord >17.561857 47.3541 664</gx:coord>
<gx:coord >17.562913 47.356288 664</gx:coord>
<gx:coord >17.563568 47.358444 664</gx:coord>
<gx:coord >17.56397 47.360711 664</gx:coord>
<gx:coord >17.56398 47.362976 664</gx:coord>
<gx:coord >17.563637 47.365219 664</gx:coord>
<gx:coord >17.562984 47.367368 664</gx:coord>
<gx:coord >17.561783 47.370026 671</gx:coord>
<gx:coord >17.559036 47.375244 679</gx:coord>
<gx:coord >17.5532 47.385864 664</gx:coord>
<gx:coord >17.543793 47.402573 656</gx:coord>
<gx:coord >17.534814 47.418296 641</gx:coord>
<gx:coord >17.531776 47.423447 641</gx:coord>
<gx:coord >17.529785 47.426697 641</gx:coord>
<gx:coord >17.527794 47.429031 633</gx:coord>
<gx:coord >17.526292 47.430399 633</gx:coord>
<gx:coord >17.524672 47.43161 626</gx:coord>
<gx:coord >17.522982 47.432634 626</gx:coord>
<gx:coord >17.52101 47.433611 618</gx:coord>
<gx:coord >17.518968 47.434403 618</gx:coord>
<gx:coord >17.516876 47.435074 618</gx:coord>
<gx:coord >17.514816 47.435577 610</gx:coord>
<gx:coord >17.512619 47.435944 610</gx:coord>
<gx:coord >17.510306 47.436172 603</gx:coord>
<gx:coord >17.507559 47.436218 603</gx:coord>
<gx:coord >17.505341 47.436081 587</gx:coord>
<gx:coord >17.502629 47.435706 580</gx:coord>
<gx:coord >17.499573 47.435074 580</gx:coord>
<gx:coord >17.487213 47.432281 572</gx:coord>
<gx:coord >17.483544 47.431284 557</gx:coord>
<gx:coord >17.48122 47.430399 534</gx:coord>
<gx:coord >17.479882 47.429748 527</gx:coord>
<gx:coord >17.478192 47.428723 519</gx:coord>
<gx:coord >17.476783 47.427606 511</gx:coord>
<gx:coord >17.475727 47.426489 504</gx:coord>
<gx:coord >17.474741 47.425278 496</gx:coord>
<gx:coord >17.47403 47.423996 488</gx:coord>
<gx:coord >17.473343 47.422256 488</gx:coord>
<gx:coord >17.473137 47.421158 481</gx:coord>
<gx:coord >17.473 47.419693 473</gx:coord>
<gx:coord >17.473051 47.418249 466</gx:coord>
<gx:coord >17.473403 47.41662 458</gx:coord>
<gx:coord >17.474236 47.414474 443</gx:coord>
<gx:coord >17.475403 47.412186 427</gx:coord>
<gx:coord >17.476158 47.410767 420</gx:coord>
<gx:coord >17.477463 47.408478 397</gx:coord>
<gx:coord >17.480141 47.403397 366</gx:coord>
<gx:coord >17.482065 47.399675 336</gx:coord>
<gx:coord >17.483826 47.396183 298</gx:coord>
<gx:coord >17.486046 47.391953 267</gx:coord>
<gx:coord >17.488615 47.386919 245</gx:coord>
<gx:coord >17.491058 47.382202 214</gx:coord>
<gx:coord >17.493544 47.377469 184</gx:coord>
<gx:coord >17.495516 47.373745 153</gx:coord>
<gx:coord >17.495798 47.373093 153</gx:coord>
<gx:coord >17.501643 47.361967 161</gx:coord>
<gx:coord >17.502457 47.360413 176</gx:coord>
<gx:coord >17.503212 47.359039 199</gx:coord>
<gx:coord >17.503967 47.357574 237</gx:coord>
<gx:coord >17.504742 47.356055 267</gx:coord>
<gx:coord >17.505547 47.354599 313</gx:coord>
<gx:coord >17.505939 47.353774 321</gx:coord>
<gx:coord >17.506855 47.352378 344</gx:coord>
<gx:coord >17.508156 47.350571 389</gx:coord>
<gx:coord >17.509672 47.348979 412</gx:coord>
<gx:coord >17.511151 47.347676 458</gx:coord>
<gx:coord >17.513193 47.346186 481</gx:coord>
<gx:coord >17.515024 47.345069 504</gx:coord>
<gx:coord >17.517418 47.343859 542</gx:coord>
<gx:coord >17.520236 47.342741 557</gx:coord>
<gx:coord >17.523123 47.34195 587</gx:coord>
<gx:coord >17.526146 47.341324 603</gx:coord>
<gx:coord >17.529672 47.340879 626</gx:coord>
<gx:coord >17.532875 47.340729 641</gx:coord>
<gx:coord >17.536363 47.340786 648</gx:coord>
<gx:coord >17.538162 47.340958 664</gx:coord>
<gx:coord >17.541363 47.341345 664</gx:coord>
<gx:coord >17.545096 47.34209 664</gx:coord>
<gx:coord >17.548119 47.342972 664</gx:coord>
<gx:coord >17.55087 47.344045 664</gx:coord>
<gx:coord >17.554533 47.345814 664</gx:coord>
<gx:coord >17.557068 47.347443 671</gx:coord>
<gx:coord >17.55911 47.349119 671</gx:coord>
<gx:coord >17.561012 47.351028 671</gx:coord>
<gx:coord >17.562675 47.353134 671</gx:coord>
<gx:coord >17.564117 47.355789 671</gx:coord>
<gx:coord >17.564941 47.357986 679</gx:coord>
<gx:coord >17.565353 47.360184 671</gx:coord>
<gx:coord >17.565422 47.36261 671</gx:coord>
<gx:coord >17.565147 47.364899 671</gx:coord>
<gx:coord >17.564461 47.367188 671</gx:coord>
<gx:coord >17.563547 47.369276 671</gx:coord>
<gx:coord >17.557663 47.379913 671</gx:coord>
<gx:coord >17.552376 47.388794 664</gx:coord>
<gx:coord >17.546196 47.399597 648</gx:coord>
<gx:coord >17.536574 47.416666 641</gx:coord>
<gx:coord >17.532419 47.424022 641</gx:coord>
<gx:coord >17.530306 47.427187 641</gx:coord>
<gx:coord >17.528618 47.429077 626</gx:coord>
<gx:coord >17.526764 47.430634 626</gx:coord>
<gx:coord >17.525116 47.431778 626</gx:coord>
<gx:coord >17.523125 47.432877 626</gx:coord>
<gx:coord >17.521081 47.433798 618</gx:coord>
<gx:coord >17.519005 47.43457 618</gx:coord>
<gx:coord >17.516362 47.435287 618</gx:coord>
<gx:coord >17.513756 47.435753 610</gx:coord>
<gx:coord >17.510939 47.436032 610</gx:coord>
<gx:coord >17.508827 47.436079 603</gx:coord>
<gx:coord >17.506577 47.435944 603</gx:coord>
<gx:coord >17.504105 47.435669 595</gx:coord>
<gx:coord >17.499504 47.434845 595</gx:coord>
<gx:coord >17.490727 47.433239 565</gx:coord>
<gx:coord >17.485586 47.432122 549</gx:coord>
<gx:coord >17.483643 47.431412 527</gx:coord>
<gx:coord >17.481926 47.430725 519</gx:coord>
<gx:coord >17.480375 47.429934 519</gx:coord>
<gx:coord >17.478836 47.428894 504</gx:coord>
<gx:coord >17.477463 47.427704 496</gx:coord>
<gx:coord >17.476431 47.426582 488</gx:coord>
<gx:coord >17.475375 47.425139 481</gx:coord>
<gx:coord >17.474716 47.423813 473</gx:coord>
<gx:coord >17.474177 47.422299 466</gx:coord>
<gx:coord >17.473961 47.420563 458</gx:coord>
<gx:coord >17.47403 47.418732 450</gx:coord>
<gx:coord >17.474389 47.416666 435</gx:coord>
<gx:coord >17.475128 47.413879 420</gx:coord>
<gx:coord >17.476227 47.411087 397</gx:coord>
<gx:coord >17.477558 47.408194 382</gx:coord>
<gx:coord >17.478424 47.406555 366</gx:coord>
<gx:coord >17.480164 47.403213 344</gx:coord>
<gx:coord >17.482417 47.398976 313</gx:coord>
<gx:coord >17.485093 47.393949 290</gx:coord>
<gx:coord >17.487277 47.389713 260</gx:coord>
<gx:coord >17.490446 47.383475 222</gx:coord>
<gx:coord >17.492277 47.380076 199</gx:coord>
<gx:coord >17.492629 47.379425 206</gx:coord>
<gx:coord >17.493615 47.377609 229</gx:coord>
<gx:coord >17.494217 47.376434 260</gx:coord>
<gx:coord >17.495023 47.374956 290</gx:coord>
<gx:coord >17.495865 47.373367 328</gx:coord>
<gx:coord >17.496573 47.371976 366</gx:coord>
<gx:coord >17.497277 47.370626 397</gx:coord>
<gx:coord >17.498122 47.368997 427</gx:coord>
<gx:coord >17.499319 47.366716 473</gx:coord>
<gx:coord >17.499847 47.365677 488</gx:coord>
<gx:coord >17.500259 47.364899 511</gx:coord>
<gx:coord >17.501015 47.363434 527</gx:coord>
<gx:coord >17.502418 47.360804 557</gx:coord>
<gx:coord >17.503545 47.358569 587</gx:coord>
<gx:coord >17.504791 47.356293 618</gx:coord>
<gx:coord >17.506302 47.354095 633</gx:coord>
<gx:coord >17.507911 47.352191 648</gx:coord>
<gx:coord >17.509186 47.350983 656</gx:coord>
<gx:coord >17.510517 47.34991 664</gx:coord>
<gx:coord >17.513374 47.34787 679</gx:coord>
<gx:coord >17.517207 47.345814 679</gx:coord>
<gx:coord >17.520103 47.344666 679</gx:coord>
<gx:coord >17.523056 47.34375 679</gx:coord>
<gx:coord >17.526081 47.343021 679</gx:coord>
<gx:coord >17.529954 47.342462 679</gx:coord>
<gx:coord >17.533194 47.342276 679</gx:coord>
<gx:coord >17.536652 47.342331 679</gx:coord>
<gx:coord >17.539743 47.342602 687</gx:coord>
<gx:coord >17.543037 47.343155 687</gx:coord>
<gx:coord >17.545647 47.34375 687</gx:coord>
<gx:coord >17.548899 47.344743 679</gx:coord>
<gx:coord >17.551758 47.345856 679</gx:coord>
<gx:coord >17.554673 47.347397 679</gx:coord>
<gx:coord >17.55735 47.349119 671</gx:coord>
<gx:coord >17.559533 47.350888 671</gx:coord>
<gx:coord >17.561371 47.352722 671</gx:coord>
<gx:coord >17.562813 47.354553 671</gx:coord>
<gx:coord >17.564181 47.356986 664</gx:coord>
<gx:coord >17.565026 47.359128 664</gx:coord>
<gx:coord >17.565559 47.36142 664</gx:coord>
<gx:coord >17.56566 47.363131 664</gx:coord>
<gx:coord >17.565519 47.365599 656</gx:coord>
<gx:coord >17.565026 47.36774 656</gx:coord>
<gx:coord >17.564117 47.370117 656</gx:coord>
<gx:coord >17.561577 47.374741 664</gx:coord>
<gx:coord >17.554985 47.386505 648</gx:coord>
<gx:coord >17.545853 47.40303 641</gx:coord>
<gx:coord >17.536308 47.419876 648</gx:coord>
<gx:coord >17.533687 47.424441 648</gx:coord>
<gx:coord >17.531914 47.426743 641</gx:coord>
<gx:coord >17.530609 47.428116 633</gx:coord>
<gx:coord >17.52903 47.429398 633</gx:coord>
<gx:coord >17.527137 47.430679 633</gx:coord>
<gx:coord >17.524155 47.432236 633</gx:coord>
<gx:coord >17.523262 47.432602 633</gx:coord>
<gx:coord >17.520584 47.433563 633</gx:coord>
<gx:coord >17.518334 47.434123 626</gx:coord>
<gx:coord >17.51601 47.434496 626</gx:coord>
<gx:coord >17.513855 47.434708 626</gx:coord>
<gx:coord >17.511108 47.434753 626</gx:coord>
<gx:coord >17.508897 47.434635 618</gx:coord>
<gx:coord >17.506302 47.434296 618</gx:coord>
<gx:coord >17.503624 47.433792 610</gx:coord>
<gx:coord >17.499742 47.432913 603</gx:coord>
<gx:coord >17.494217 47.431641 572</gx:coord>
<gx:coord >17.488449 47.430222 534</gx:coord>
<gx:coord >17.485516 47.429375 534</gx:coord>
<gx:coord >17.484178 47.428863 519</gx:coord>
<gx:coord >17.482065 47.427839 511</gx:coord>
<gx:coord >17.480797 47.426954 504</gx:coord>
<gx:coord >17.479178 47.425558 496</gx:coord>
<gx:coord >17.477737 47.423904 488</gx:coord>
<gx:coord >17.476854 47.422625 488</gx:coord>
<gx:coord >17.476021 47.420929 473</gx:coord>
<gx:coord >17.475445 47.41918 466</gx:coord>
<gx:coord >17.47506 47.41713 443</gx:coord>
<gx:coord >17.475023 47.414944 427</gx:coord>
<gx:coord >17.475334 47.412781 420</gx:coord>
<gx:coord >17.475883 47.411041 397</gx:coord>
<gx:coord >17.477119 47.408249 382</gx:coord>
<gx:coord >17.477943 47.406738 374</gx:coord>
<gx:coord >17.479882 47.403399 351</gx:coord>
<gx:coord >17.482269 47.399139 321</gx:coord>
<gx:coord >17.483826 47.396137 290</gx:coord>
<gx:coord >17.486458 47.390991 252</gx:coord>
<gx:coord >17.489204 47.385773 229</gx:coord>
<gx:coord >17.490798 47.382776 214</gx:coord>
<gx:coord >17.493404 47.377842 184</gx:coord>
<gx:coord >17.493404 47.377842 245</gx:coord>
<gx:coord >17.493404 47.377842 245</gx:coord>
</gx:Track>
</Placemark>
<Placemark ><name >HA-LVJ</name>
<Style ><LineStyle ><color >ff1c1ae3</color>
<width >4</width>
</LineStyle>
<IconStyle ><Icon ><href >http://maps.google.com/mapfiles/kml/shapes/airports.png</href>
</Icon>
</IconStyle>
</Style>
<gx:Track ><extrude >0</extrude>
<when >2025-06-26T06:56:26.549Z</when>
<when >2025-06-26T06:56:47.889Z</when>
<when >2025-06-26T06:56:47.889Z</when>
<gx:coord >17.502199 47.360985 0</gx:coord>
<gx:coord >17.504705 47.35619 0</gx:coord>
<gx:coord >17.504705 47.35619 0</gx:coord>
</gx:Track>
</Placemark>
<Placemark ><name >HA-LVJ</name>
<Style ><LineStyle ><color >ff1c1ae3</color>
<width >4</width>
</LineStyle>
<IconStyle ><Icon ><href >http://maps.google.com/mapfiles/kml/shapes/airports.png</href>
</Icon>
</IconStyle>
</Style>
<gx:Track ><altitudeMode >absolute</altitudeMode>
<extrude >1</extrude>
<when >2025-06-26T07:04:46.319Z</when>
<when >2025-06-26T07:04:47.958Z</when>
<when >2025-06-26T07:04:50.119Z</when>
<when >2025-06-26T07:04:51.919Z</when>
<when >2025-06-26T07:04:54.439Z</when>
<when >2025-06-26T07:04:55.958Z</when>
<when >2025-06-26T07:04:58.179Z</when>
<when >2025-06-26T07:05:00.269Z</when>
<when >2025-06-26T07:05:02.369Z</when>
<when >2025-06-26T07:05:05.319Z</when>
<when >2025-06-26T07:05:07.059Z</when>
<when >2025-06-26T07:05:09.199Z</when>
<when >2025-06-26T07:05:11.519Z</when>
<when >2025-06-26T07:05:14.139Z</when>
<when >2025-06-26T07:05:16.479Z</when>
<when >2025-06-26T07:05:18.769Z</when>
<when >2025-06-26T07:05:21.349Z</when>
<when >2025-06-26T07:05:23.599Z</when>
<when >2025-06-26T07:05:25.069Z</when>
<when >2025-06-26T07:05:27.589Z</when>
<when >2025-06-26T07:05:29.349Z</when>
<when >2025-06-26T07:05:32.369Z</when>
<when >2025-06-26T07:05:34.439Z</when>
<when >2025-06-26T07:05:36.989Z</when>
<when >2025-06-26T07:05:39.359Z</when>
<when >2025-06-26T07:05:41.899Z</when>
<when >2025-06-26T07:05:44.489Z</when>
<when >2025-06-26T07:05:46.399Z</when>
<when >2025-06-26T07:05:48.458Z</when>
<when >2025-06-26T07:05:50.139Z</when>
<when >2025-06-26T07:05:52.659Z</when>
<when >2025-06-26T07:05:54.779Z</when>
<when >2025-06-26T07:05:57.999Z</when>
<when >2025-06-26T07:06:00.549Z</when>
<when >2025-06-26T07:06:03.649Z</when>
<when >2025-06-26T07:06:08.189Z</when>
<when >2025-06-26T07:06:16.059Z</when>
<when >2025-06-26T07:06:35.849Z</when>
<when >2025-06-26T07:06:55.739Z</when>
<when >2025-06-26T07:07:04.039Z</when>
<when >2025-06-26T07:07:07.958Z</when>
<when >2025-06-26T07:07:11.819Z</when>
<when >2025-06-26T07:07:14.189Z</when>
<when >2025-06-26T07:07:17.139Z</when>
<when >2025-06-26T07:07:20.139Z</when>
<when >2025-06-26T07:07:22.699Z</when>
<when >2025-06-26T07:07:25.119Z</when>
<when >2025-06-26T07:07:27.839Z</when>
<when >2025-06-26T07:07:30.208Z</when>
<when >2025-06-26T07:07:33.289Z</when>
<when >2025-06-26T07:07:35.269Z</when>
<when >2025-06-26T07:07:37.958Z</when>
<when >2025-06-26T07:07:40.609Z</when>
<when >2025-06-26T07:07:42.699Z</when>
<when >2025-06-26T07:07:45.529Z</when>
<when >2025-06-26T07:07:49.379Z</when>
<when >2025-06-26T07:07:57.239Z</when>
<when >2025-06-26T07:08:03.429Z</when>
<when >2025-06-26T07:08:07.539Z</when>
<when >2025-06-26T07:08:09.989Z</when>
<when >2025-06-26T07:08:12.099Z</when>
<when >2025-06-26T07:08:14.369Z</when>
<when >2025-06-26T07:08:16.999Z</when>
<when >2025-06-26T07:08:18.839Z</when>
<when >2025-06-26T07:08:20.919Z</when>
<when >2025-06-26T07:08:22.889Z</when>
<when >2025-06-26T07:08:26.019Z</when>
<when >2025-06-26T07:08:28.069Z</when>
<when >2025-06-26T07:08:29.149Z</when>
<when >2025-06-26T07:08:31.009Z</when>
<when >2025-06-26T07:08:32.109Z</when>
<when >2025-06-26T07:08:34.169Z</when>
<when >2025-06-26T07:08:36.669Z</when>
<when >2025-06-26T07:08:40.839Z</when>
<when >2025-06-26T07:08:45.208Z</when>
<when >2025-06-26T07:08:48.149Z</when>
<when >2025-06-26T07:08:50.949Z</when>
<when >2025-06-26T07:08:58.629Z</when>
<when >2025-06-26T07:09:07.629Z</when>
<when >2025-06-26T07:09:14.359Z</when>
<when >2025-06-26T07:09:22.069Z</when>
<when >2025-06-26T07:09:27.579Z</when>
<when >2025-06-26T07:09:35.009Z</when>
<when >2025-06-26T07:09:43.359Z</when>
<when >2025-06-26T07:09:51.919Z</when>
<when >2025-06-26T07:09:54.999Z</when>
<when >2025-06-26T07:10:28.609Z</when>
<when >2025-06-26T07:10:31.119Z</when>
<when >2025-06-26T07:10:32.509Z</when>
<when >2025-06-26T07:10:34.389Z</when>
<when >2025-06-26T07:10:37.319Z</when>
<when >2025-06-26T07:10:41.139Z</when>
<when >2025-06-26T07:10:43.389Z</when>
<when >2025-06-26T07:10:46.159Z</when>
<when >2025-06-26T07:10:48.299Z</when>
<when >2025-06-26T07:10:50.989Z</when>
<when >2025-06-26T07:10:53.439Z</when>
<when >2025-06-26T07:10:55.449Z</when>
<when >2025-06-26T07:10:58.179Z</when>
<when >2025-06-26T07:11:01.179Z</when>
<when >2025-06-26T07:11:03.708Z</when>
<when >2025-06-26T07:11:06.189Z</when>
<when >2025-06-26T07:11:08.659Z</when>
<when >2025-06-26T07:11:11.679Z</when>
<when >2025-06-26T07:11:14.159Z</when>
<when >2025-06-26T07:11:16.649Z</when>
<when >2025-06-26T07:11:19.079Z</when>
<when >2025-06-26T07:11:21.458Z</when>
<when >2025-06-26T07:11:24.119Z</when>
<when >2025-06-26T07:11:26.708Z</when>
<when >2025-06-26T07:11:29.349Z</when>
<when >2025-06-26T07:11:31.729Z</when>
<when >2025-06-26T07:11:33.679Z</when>
<when >2025-06-26T07:11:35.889Z</when>
<when >2025-06-26T07:11:38.409Z</when>
<when >2025-06-26T07:11:40.399Z</when>
<when >2025-06-26T07:11:42.749Z</when>
<when >2025-06-26T07:11:45.458Z</when>
<when >2025-06-26T07:11:48.169Z</when>
<when >2025-06-26T07:11:51.749Z</when>
<when >2025-06-26T07:11:57.449Z</when>
<when >2025-06-26T07:12:09.569Z</when>
<when >2025-06-26T07:12:24.589Z</when>
<when >2025-06-26T07:12:44.369Z</when>
<when >2025-06-26T07:12:56.769Z</when>
<when >2025-06-26T07:13:00.779Z</when>
<when >2025-06-26T07:13:04.489Z</when>
<when >2025-06-26T07:13:07.299Z</when>
<when >2025-06-26T07:13:09.739Z</when>
<when >2025-06-26T07:13:11.909Z</when>
<when >2025-06-26T07:13:13.859Z</when>
<when >2025-06-26T07:13:15.889Z</when>
<when >2025-06-26T07:13:17.958Z</when>
<when >2025-06-26T07:13:20.159Z</when>
<when >2025-06-26T07:13:22.369Z</when>
<when >2025-06-26T07:13:25.189Z</when>
<when >2025-06-26T07:13:27.379Z</when>
<when >2025-06-26T07:13:29.468Z</when>
<when >2025-06-26T07:13:31.569Z</when>
<when >2025-06-26T07:13:34.539Z</when>
<when >2025-06-26T07:13:37.439Z</when>
<when >2025-06-26T07:13:43.399Z</when>
<when >2025-06-26T07:13:51.889Z</when>
<when >2025-06-26T07:13:55.949Z</when>
<when >2025-06-26T07:13:58.029Z</when>
<when >2025-06-26T07:14:00.879Z</when>
<when >2025-06-26T07:14:03.169Z</when>
<when >2025-06-26T07:14:05.929Z</when>
<when >2025-06-26T07:14:07.659Z</when>
<when >2025-06-26T07:14:09.359Z</when>
<when >2025-06-26T07:14:12.218Z</when>
<when >2025-06-26T07:14:14.189Z</when>
<when >2025-06-26T07:14:17.379Z</when>
<when >2025-06-26T07:14:20.669Z</when>
<when >2025-06-26T07:14:22.669Z</when>
<when >2025-06-26T07:14:26.729Z</when>
<when >2025-06-26T07:14:31.549Z</when>
<when >2025-06-26T07:14:38.479Z</when>
<when >2025-06-26T07:14:44.609Z</when>
<when >2025-06-26T07:14:51.829Z</when>
<when >2025-06-26T07:15:00.299Z</when>
<when >2025-06-26T07:15:08.199Z</when>
<when >2025-06-26T07:15:16.889Z</when>
<when >2025-06-26T07:15:20.899Z</when>
<when >2025-06-26T07:15:46.649Z</when>
<when >2025-06-26T07:16:01.149Z</when>
<when >2025-06-26T07:16:03.339Z</when>
<when >2025-06-26T07:16:04.968Z</when>
<when >2025-06-26T07:16:06.979Z</when>
<when >2025-06-26T07:16:08.968Z</when>
<when >2025-06-26T07:16:11.199Z</when>
<when >2025-06-26T07:16:15.429Z</when>
<when >2025-06-26T07:16:17.499Z</when>
<when >2025-06-26T07:16:19.629Z</when>
<when >2025-06-26T07:16:21.399Z</when>
<when >2025-06-26T07:16:23.799Z</when>
<when >2025-06-26T07:16:26.249Z</when>
<when >2025-06-26T07:16:28.789Z</when>
<when >2025-06-26T07:16:30.399Z</when>
<when >2025-06-26T07:16:32.429Z</when>
<when >2025-06-26T07:16:34.069Z</when>
<when >2025-06-26T07:16:36.839Z</when>
<when >2025-06-26T07:16:39.259Z</when>
<when >2025-06-26T07:16:41.689Z</when>
<when >2025-06-26T07:16:44.319Z</when>
<when >2025-06-26T07:16:46.479Z</when>
<when >2025-06-26T07:16:49.129Z</when>
<when >2025-06-26T07:16:51.639Z</when>
<when >2025-06-26T07:16:54.349Z</when>
<when >2025-06-26T07:16:56.309Z</when>
<when >2025-06-26T07:16:59.369Z</when>
<when >2025-06-26T07:17:01.799Z</when>
<when >2025-06-26T07:17:03.949Z</when>
<when >2025-06-26T07:17:06.689Z</when>
<when >2025-06-26T07:17:09.309Z</when>
<when >2025-06-26T07:17:11.999Z</when>
<when >2025-06-26T07:17:14.839Z</when>
<when >2025-06-26T07:17:17.549Z</when>
<when >2025-06-26T07:17:19.939Z</when>
<when >2025-06-26T07:17:24.099Z</when>
<when >2025-06-26T07:17:26.879Z</when>
<when >2025-06-26T07:17:39.779Z</when>
<when >2025-06-26T07:17:57.099Z</when>
<when >2025-06-26T07:18:16.929Z</when>
<when >2025-06-26T07:18:25.359Z</when>
<when >2025-06-26T07:18:28.359Z</when>
<when >2025-06-26T07:18:30.989Z</when>
<when >2025-06-26T07:18:33.179Z</when>
<when >2025-06-26T07:18:35.499Z</when>
<when >2025-06-26T07:18:38.559Z</when>
<when >2025-06-26T07:18:40.399Z</when>
<when >2025-06-26T07:18:42.629Z</when>
<when >2025-06-26T07:18:45.249Z</when>
<when >2025-06-26T07:18:49.269Z</when>
<when >2025-06-26T07:18:51.759Z</when>
<when >2025-06-26T07:18:53.809Z</when>
<when >2025-06-26T07:18:56.189Z</when>
<when >2025-06-26T07:18:59.849Z</when>
<when >2025-06-26T07:19:07.269Z</when>
<when >2025-06-26T07:19:15.399Z</when>
<when >2025-06-26T07:19:21.279Z</when>
<when >2025-06-26T07:19:23.239Z</when>
<when >2025-06-26T07:19:24.939Z</when>
<when >2025-06-26T07:19:27.809Z</when>
<when >2025-06-26T07:19:29.779Z</when>
<when >2025-06-26T07:19:33.009Z</when>
<when >2025-06-26T07:19:35.329Z</when>
<when >2025-06-26T07:19:36.468Z</when>
<when >2025-06-26T07:19:39.109Z</when>
<when >2025-06-26T07:19:40.199Z</when>
<when >2025-06-26T07:19:42.159Z</when>
<when >2025-06-26T07:19:44.269Z</when>
<when >2025-06-26T07:19:46.779Z</when>
<when >2025-06-26T07:19:49.509Z</when>
<when >2025-06-26T07:19:57.349Z</when>
<when >2025-06-26T07:20:05.449Z</when>
<when >2025-06-26T07:20:13.189Z</when>
<when >2025-06-26T07:20:20.649Z</when>
<when >2025-06-26T07:20:29.149Z</when>
<when >2025-06-26T07:20:34.779Z</when>
<when >2025-06-26T07:20:42.349Z</when>
<when >2025-06-26T07:20:47.468Z</when>
<when >2025-06-26T07:21:20.509Z</when>
<when >2025-06-26T07:21:23.249Z</when>
<when >2025-06-26T07:21:25.829Z</when>
<when >2025-06-26T07:21:27.179Z</when>
<when >2025-06-26T07:21:29.139Z</when>
<when >2025-06-26T07:21:31.379Z</when>
<when >2025-06-26T07:21:33.939Z</when>
<when >2025-06-26T07:21:36.249Z</when>
<when >2025-06-26T07:21:37.299Z</when>
<when >2025-06-26T07:21:39.089Z</when>
<when >2025-06-26T07:21:40.389Z</when>
<when >2025-06-26T07:21:42.579Z</when>
<when >2025-06-26T07:21:45.458Z</when>
<when >2025-06-26T07:21:48.109Z</when>
<when >2025-06-26T07:21:50.639Z</when>
<when >2025-06-26T07:21:52.669Z</when>
<when >2025-06-26T07:21:54.679Z</when>
<when >2025-06-26T07:21:57.629Z</when>
<when >2025-06-26T07:22:00.449Z</when>
<when >2025-06-26T07:22:03.289Z</when>
<when >2025-06-26T07:22:05.789Z</when>
<when >2025-06-26T07:22:08.429Z</when>
<when >2025-06-26T07:22:11.509Z</when>
<when >2025-06-26T07:22:12.899Z</when>
<when >2025-06-26T07:22:15.458Z</when>
<when >2025-06-26T07:22:17.989Z</when>
<when >2025-06-26T07:22:21.029Z</when>
<when >2025-06-26T07:22:23.039Z</when>
<when >2025-06-26T07:22:25.639Z</when>
<when >2025-06-26T07:22:28.159Z</when>
<when >2025-06-26T07:22:30.359Z</when>
<when >2025-06-26T07:22:32.809Z</when>
<when >2025-06-26T07:22:35.429Z</when>
<when >2025-06-26T07:22:37.819Z</when>
<when >2025-06-26T07:22:40.349Z</when>
<when >2025-06-26T07:22:43.399Z</when>
<when >2025-06-26T07:22:47.389Z</when>
<when >2025-06-26T07:22:55.779Z</when>
<when >2025-06-26T07:23:15.679Z</when>
<when >2025-06-26T07:23:35.549Z</when>
<when >2025-06-26T07:23:47.629Z</when>
<when >2025-06-26T07:23:51.149Z</when>
<when >2025-06-26T07:23:54.029Z</when>
<when >2025-06-26T07:23:56.699Z</when>
<when >2025-06-26T07:23:59.149Z</when>
<when >2025-06-26T07:24:02.419Z</when>
<when >2025-06-26T07:24:04.579Z</when>
<when >2025-06-26T07:24:06.599Z</when>
<when >2025-06-26T07:24:09.179Z</when>
<when >2025-06-26T07:24:11.579Z</when>
<when >2025-06-26T07:24:14.659Z</when>
<when >2025-06-26T07:24:17.049Z</when>
<when >2025-06-26T07:24:18.799Z</when>
<when >2025-06-26T07:24:21.159Z</when>
<when >2025-06-26T07:24:24.109Z</when>
<when >2025-06-26T07:24:27.149Z</when>
<when >2025-06-26T07:24:35.859Z</when>
<when >2025-06-26T07:24:44.439Z</when>
<when >2025-06-26T07:24:47.549Z</when>
<when >2025-06-26T07:24:49.509Z</when>
<when >2025-06-26T07:24:51.999Z</when>
<when >2025-06-26T07:24:54.069Z</when>
<when >2025-06-26T07:24:55.939Z</when>
<when >2025-06-26T07:24:57.899Z</when>
<when >2025-06-26T07:25:00.189Z</when>
<when >2025-06-26T07:25:04.159Z</when>
<when >2025-06-26T07:25:05.199Z</when>
<when >2025-06-26T07:25:06.708Z</when>
<when >2025-06-26T07:25:10.379Z</when>
<when >2025-06-26T07:25:12.199Z</when>
<when >2025-06-26T07:25:14.819Z</when>
<when >2025-06-26T07:25:15.369Z</when>
<when >2025-06-26T07:25:21.589Z</when>
<when >2025-06-26T07:25:24.919Z</when>
<when >2025-06-26T07:25:33.629Z</when>
<when >2025-06-26T07:25:41.769Z</when>
<when >2025-06-26T07:25:48.769Z</when>
<when >2025-06-26T07:25:53.749Z</when>
<when >2025-06-26T07:26:04.109Z</when>
<when >2025-06-26T07:26:07.099Z</when>
<when >2025-06-26T07:26:12.089Z</when>
<when >2025-06-26T07:26:14.079Z</when>
<when >2025-06-26T07:26:53.619Z</when>
<when >2025-06-26T07:26:56.799Z</when>
<when >2025-06-26T07:26:58.749Z</when>
<when >2025-06-26T07:27:00.609Z</when>
<when >2025-06-26T07:27:02.799Z</when>
<when >2025-06-26T07:27:04.669Z</when>
<when >2025-06-26T07:27:06.669Z</when>
<when >2025-06-26T07:27:08.689Z</when>
<when >2025-06-26T07:27:10.769Z</when>
<when >2025-06-26T07:27:12.708Z</when>
<when >2025-06-26T07:27:14.599Z</when>
<when >2025-06-26T07:27:16.499Z</when>
<when >2025-06-26T07:27:18.718Z</when>
<when >2025-06-26T07:27:20.159Z</when>
<when >2025-06-26T07:27:23.049Z</when>
<when >2025-06-26T07:27:25.369Z</when>
<when >2025-06-26T07:27:27.839Z</when>
<when >2025-06-26T07:27:30.329Z</when>
<when >2025-06-26T07:27:32.749Z</when>
<when >2025-06-26T07:27:35.139Z</when>
<when >2025-06-26T07:27:37.989Z</when>
<when >2025-06-26T07:27:40.569Z</when>
<when >2025-06-26T07:27:43.458Z</when>
<when >2025-06-26T07:27:45.349Z</when>
<when >2025-06-26T07:27:47.968Z</when>
<when >2025-06-26T07:27:50.649Z</when>
<when >2025-06-26T07:27:53.929Z</when>
<when >2025-06-26T07:27:56.389Z</when>
<when >2025-06-26T07:27:58.559Z</when>
<when >2025-06-26T07:28:00.708Z</when>
<when >2025-06-26T07:28:03.259Z</when>
<when >2025-06-26T07:28:05.779Z</when>
<when >2025-06-26T07:28:08.309Z</when>
<when >2025-06-26T07:28:10.729Z</when>
<when >2025-06-26T07:28:13.729Z</when>
<when >2025-06-26T07:28:16.979Z</when>
<when >2025-06-26T07:28:25.539Z</when>
<when >2025-06-26T07:28:40.769Z</when>
<when >2025-06-26T07:28:53.968Z</when>
<when >2025-06-26T07:29:07.819Z</when>
<when >2025-06-26T07:29:19.609Z</when>
<when >2025-06-26T07:29:22.189Z</when>
<when >2025-06-26T07:29:25.289Z</when>
<when >2025-06-26T07:29:27.749Z</when>
<when >2025-06-26T07:29:30.468Z</when>
<when >2025-06-26T07:29:32.499Z</when>
<when >2025-06-26T07:29:36.159Z</when>
<when >2025-06-26T07:29:37.689Z</when>
<when >2025-06-26T07:29:40.208Z</when>
<when >2025-06-26T07:29:42.859Z</when>
<when >2025-06-26T07:29:45.549Z</when>
<when >2025-06-26T07:29:47.979Z</when>
<when >2025-06-26T07:29:50.249Z</when>
<when >2025-06-26T07:29:52.749Z</when>
<when >2025-06-26T07:29:55.139Z</when>
<when >2025-06-26T07:29:58.809Z</when>
<when >2025-06-26T07:30:04.759Z</when>
<when >2025-06-26T07:30:13.289Z</when>
<when >2025-06-26T07:30:17.208Z</when>
<when >2025-06-26T07:30:19.849Z</when>
<when >2025-06-26T07:30:22.489Z</when>
<when >2025-06-26T07:30:24.429Z</when>
<when >2025-06-26T07:30:27.049Z</when>
<when >2025-06-26T07:30:28.718Z</when>
<when >2025-06-26T07:30:30.379Z</when>
<when >2025-06-26T07:30:34.879Z</when>
<when >2025-06-26T07:30:37.749Z</when>
<when >2025-06-26T07:30:40.369Z</when>
<when >2025-06-26T07:30:42.579Z</when>
<when >2025-06-26T07:30:46.059Z</when>
<when >2025-06-26T07:30:49.458Z</when>
<when >2025-06-26T07:30:54.929Z</when>
<when >2025-06-26T07:31:02.049Z</when>
<when >2025-06-26T07:31:10.489Z</when>
<when >2025-06-26T07:31:20.659Z</when>
<when >2025-06-26T07:31:27.599Z</when>
<when >2025-06-26T07:31:34.718Z</when>
<when >2025-06-26T07:31:42.409Z</when>
<when >2025-06-26T07:31:46.629Z</when>
<when >2025-06-26T07:32:11.049Z</when>
<when >2025-06-26T07:32:28.199Z</when>
<when >2025-06-26T07:32:30.759Z</when>
<when >2025-06-26T07:32:32.189Z</when>
<when >2025-06-26T07:32:33.259Z</when>
<when >2025-06-26T07:32:34.218Z</when>
<when >2025-06-26T07:32:36.199Z</when>
<when >2025-06-26T07:32:38.539Z</when>
<when >2025-06-26T07:32:41.029Z</when>
<when >2025-06-26T07:32:42.949Z</when>
<when >2025-06-26T07:32:45.149Z</when>
<when >2025-06-26T07:32:47.169Z</when>
<when >2025-06-26T07:32:49.589Z</when>
<when >2025-06-26T07:32:51.189Z</when>
<when >2025-06-26T07:32:53.889Z</when>
<when >2025-06-26T07:32:56.749Z</when>
<when >2025-06-26T07:32:59.729Z</when>
<when >2025-06-26T07:33:02.239Z</when>
<when >2025-06-26T07:33:04.949Z</when>
<when >2025-06-26T07:33:07.569Z</when>
<when >2025-06-26T07:33:09.759Z</when>
<when >2025-06-26T07:33:12.639Z</when>
<when >2025-06-26T07:33:14.949Z</when>
<when >2025-06-26T07:33:17.339Z</when>
<when >2025-06-26T07:33:19.649Z</when>
<when >2025-06-26T07:33:21.679Z</when>
<when >2025-06-26T07:33:24.189Z</when>
<when >2025-06-26T07:33:27.229Z</when>
<when >2025-06-26T07:33:29.689Z</when>
<when >2025-06-26T07:33:32.329Z</when>
<when >2025-06-26T07:33:33.799Z</when>
<when >2025-06-26T07:33:36.359Z</when>
<when >2025-06-26T07:33:38.649Z</when>
<when >2025-06-26T07:33:41.039Z</when>
<when >2025-06-26T07:33:43.519Z</when>
<when >2025-06-26T07:33:46.629Z</when>
<when >2025-06-26T07:33:53.519Z</when>
<when >2025-06-26T07:34:13.049Z</when>
<when >2025-06-26T07:34:30.669Z</when>
<when >2025-06-26T07:34:45.759Z</when>
<when >2025-06-26T07:34:48.309Z</when>
<when >2025-06-26T07:34:52.049Z</when>
<when >2025-06-26T07:34:55.129Z</when>
<when >2025-06-26T07:34:57.509Z</when>
<when >2025-06-26T07:34:59.569Z</when>
<when >2025-06-26T07:35:01.899Z</when>
<when >2025-06-26T07:35:03.789Z</when>
<when >2025-06-26T07:35:05.968Z</when>
<when >2025-06-26T07:35:08.289Z</when>
<when >2025-06-26T07:35:10.789Z</when>
<when >2025-06-26T07:35:14.039Z</when>
<when >2025-06-26T07:35:15.589Z</when>
<when >2025-06-26T07:35:17.769Z</when>
<when >2025-06-26T07:35:19.899Z</when>
<when >2025-06-26T07:35:21.689Z</when>
<when >2025-06-26T07:35:24.468Z</when>
<when >2025-06-26T07:35:33.789Z</when>
<when >2025-06-26T07:35:42.829Z</when>
<when >2025-06-26T07:35:46.759Z</when>
<when >2025-06-26T07:35:48.718Z</when>
<when >2025-06-26T07:35:51.169Z</when>
<when >2025-06-26T07:35:52.889Z</when>
<when >2025-06-26T07:35:54.839Z</when>
<when >2025-06-26T07:35:56.708Z</when>
<when >2025-06-26T07:35:59.899Z</when>
<when >2025-06-26T07:36:01.609Z</when>
<when >2025-06-26T07:36:05.149Z</when>
<when >2025-06-26T07:36:06.139Z</when>
<when >2025-06-26T07:36:08.619Z</when>
<when >2025-06-26T07:36:10.609Z</when>
<when >2025-06-26T07:36:13.419Z</when>
<when >2025-06-26T07:36:20.639Z</when>
<when >2025-06-26T07:36:25.129Z</when>
<when >2025-06-26T07:36:32.449Z</when>
<when >2025-06-26T07:36:38.089Z</when>
<when >2025-06-26T07:36:46.339Z</when>
<when >2025-06-26T07:36:55.269Z</when>
<when >2025-06-26T07:37:04.119Z</when>
<when >2025-06-26T07:37:12.629Z</when>
<when >2025-06-26T07:37:51.349Z</when>
<when >2025-06-26T07:37:53.269Z</when>
<when >2025-06-26T07:37:55.309Z</when>
<when >2025-06-26T07:37:57.189Z</when>
<when >2025-06-26T07:37:59.039Z</when>
<when >2025-06-26T07:38:01.019Z</when>
<when >2025-06-26T07:38:03.159Z</when>
<when >2025-06-26T07:38:05.129Z</when>
<when >2025-06-26T07:38:07.259Z</when>
<when >2025-06-26T07:38:09.529Z</when>
<when >2025-06-26T07:38:11.829Z</when>
<when >2025-06-26T07:38:14.809Z</when>
<when >2025-06-26T07:38:16.609Z</when>
<when >2025-06-26T07:38:19.119Z</when>
<when >2025-06-26T07:38:20.799Z</when>
<when >2025-06-26T07:38:22.629Z</when>
<when >2025-06-26T07:38:24.208Z</when>
<when >2025-06-26T07:38:26.609Z</when>
<when >2025-06-26T07:38:29.089Z</when>
<when >2025-06-26T07:38:31.059Z</when>
<when >2025-06-26T07:38:34.539Z</when>
<when >2025-06-26T07:38:36.659Z</when>
<when >2025-06-26T07:38:39.499Z</when>
<when >2025-06-26T07:38:42.208Z</when>
<when >2025-06-26T07:38:44.849Z</when>
<when >2025-06-26T07:38:47.389Z</when>
<when >2025-06-26T07:38:49.829Z</when>
<when >2025-06-26T07:38:53.399Z</when>
<when >2025-06-26T07:38:55.958Z</when>
<when >2025-06-26T07:38:58.479Z</when>
<when >2025-06-26T07:39:00.869Z</when>
<when >2025-06-26T07:39:03.339Z</when>
<when >2025-06-26T07:39:06.629Z</when>
<when >2025-06-26T07:39:11.149Z</when>
<when >2025-06-26T07:39:17.849Z</when>
<when >2025-06-26T07:39:37.389Z</when>
<when >2025-06-26T07:39:55.909Z</when>
<when >2025-06-26T07:40:06.399Z</when>
<when >2025-06-26T07:40:08.579Z</when>
<when >2025-06-26T07:40:11.879Z</when>
<when >2025-06-26T07:40:13.519Z</when>
<when >2025-06-26T07:40:16.569Z</when>
<when >2025-06-26T07:40:18.259Z</when>
<when >2025-06-26T07:40:20.249Z</when>
<when >2025-06-26T07:40:23.089Z</when>
<when >2025-06-26T07:40:24.958Z</when>
<when >2025-06-26T07:40:26.679Z</when>
<when >2025-06-26T07:40:30.029Z</when>
<when >2025-06-26T07:40:32.159Z</when>
<when >2025-06-26T07:40:33.829Z</when>
<when >2025-06-26T07:40:36.319Z</when>
<when >2025-06-26T07:40:38.499Z</when>
<when >2025-06-26T07:40:43.149Z</when>
<when >2025-06-26T07:40:51.909Z</when>
<when >2025-06-26T07:41:01.208Z</when>
<when >2025-06-26T07:41:03.218Z</when>
<when >2025-06-26T07:41:05.099Z</when>
<when >2025-06-26T07:41:07.059Z</when>
<when >2025-06-26T07:41:09.909Z</when>
<when >2025-06-26T07:41:13.669Z</when>
<when >2025-06-26T07:41:16.899Z</when>
<when >2025-06-26T07:41:21.919Z</when>
<when >2025-06-26T07:41:26.439Z</when>
<when >2025-06-26T07:41:29.129Z</when>
<when >2025-06-26T07:41:47.479Z</when>
<when >2025-06-26T07:41:56.609Z</when>
<when >2025-06-26T07:42:05.419Z</when>
<when >2025-06-26T07:42:14.009Z</when>
<when >2025-06-26T07:42:14.929Z</when>
<when >2025-06-26T07:43:05.489Z</when>
<when >2025-06-26T07:43:06.629Z</when>
<when >2025-06-26T07:43:09.019Z</when>
<when >2025-06-26T07:43:12.739Z</when>
<when >2025-06-26T07:43:14.529Z</when>
<when >2025-06-26T07:43:16.789Z</when>
<when >2025-06-26T07:43:21.309Z</when>
<when >2025-06-26T07:43:23.809Z</when>
<when >2025-06-26T07:43:24.929Z</when>
<when >2025-06-26T07:43:27.529Z</when>
<when >2025-06-26T07:43:30.129Z</when>
<when >2025-06-26T07:43:33.189Z</when>
<when >2025-06-26T07:43:34.509Z</when>
<when >2025-06-26T07:43:36.839Z</when>
<when >2025-06-26T07:43:39.979Z</when>
<when >2025-06-26T07:43:42.419Z</when>
<when >2025-06-26T07:43:43.809Z</when>
<when >2025-06-26T07:43:46.499Z</when>
<when >2025-06-26T07:43:49.009Z</when>
<when >2025-06-26T07:43:52.079Z</when>
<when >2025-06-26T07:43:53.669Z</when>
<when >2025-06-26T07:43:55.609Z</when>
<when >2025-06-26T07:43:57.909Z</when>
<when >2025-06-26T07:44:01.139Z</when>
<when >2025-06-26T07:44:04.049Z</when>
<when >2025-06-26T07:44:06.269Z</when>
<when >2025-06-26T07:44:08.839Z</when>
<when >2025-06-26T07:44:11.479Z</when>
<when >2025-06-26T07:44:14.139Z</when>
<when >2025-06-26T07:44:16.139Z</when>
<when >2025-06-26T07:44:18.669Z</when>
<when >2025-06-26T07:44:21.259Z</when>
<when >2025-06-26T07:44:22.839Z</when>
<when >2025-06-26T07:44:26.279Z</when>
<when >2025-06-26T07:44:30.359Z</when>
<when >2025-06-26T07:44:40.569Z</when>
<when >2025-06-26T07:45:00.289Z</when>
<when >2025-06-26T07:45:19.599Z</when>
<when >2025-06-26T07:45:25.208Z</when>
<when >2025-06-26T07:45:30.968Z</when>
<when >2025-06-26T07:45:33.929Z</when>
<when >2025-06-26T07:45:36.759Z</when>
<when >2025-06-26T07:45:39.249Z</when>
<when >2025-06-26T07:45:41.979Z</when>
<when >2025-06-26T07:45:43.649Z</when>
<when >2025-06-26T07:45:47.169Z</when>
<when >2025-06-26T07:45:49.208Z</when>
<when >2025-06-26T07:45:51.299Z</when>
<when >2025-06-26T07:45:55.599Z</when>
<when >2025-06-26T07:45:57.499Z</when>
<when >2025-06-26T07:46:01.139Z</when>
<when >2025-06-26T07:46:04.009Z</when>
<when >2025-06-26T07:46:11.199Z</when>
<when >2025-06-26T07:46:19.079Z</when>
<when >2025-06-26T07:46:23.229Z</when>
<when >2025-06-26T07:46:25.889Z</when>
<when >2025-06-26T07:46:28.899Z</when>
<when >2025-06-26T07:46:30.989Z</when>
<when >2025-06-26T07:46:33.089Z</when>
<when >2025-06-26T07:46:37.919Z</when>
<when >2025-06-26T07:46:44.689Z</when>
<when >2025-06-26T07:46:45.829Z</when>
<when >2025-06-26T07:46:47.968Z</when>
<when >2025-06-26T07:46:52.149Z</when>
<when >2025-06-26T07:46:56.489Z</when>
<when >2025-06-26T07:47:04.309Z</when>
<when >2025-06-26T07:47:06.729Z</when>
<when >2025-06-26T07:47:12.559Z</when>
<when >2025-06-26T07:47:27.149Z</when>
<when >2025-06-26T07:47:35.919Z</when>
<when >2025-06-26T07:47:41.909Z</when>
<when >2025-06-26T07:47:56.109Z</when>
<when >2025-06-26T07:47:59.718Z</when>
<when >2025-06-26T07:48:02.218Z</when>
<when >2025-06-26T07:48:04.139Z</when>
<when >2025-06-26T07:48:06.079Z</when>
<when >2025-06-26T07:48:07.009Z</when>
<when >2025-06-26T07:48:07.939Z</when>
<when >2025-06-26T07:48:08.939Z</when>
<when >2025-06-26T07:48:11.929Z</when>
<when >2025-06-26T07:48:14.769Z</when>
<when >2025-06-26T07:48:17.519Z</when>
<when >2025-06-26T07:48:19.949Z</when>
<when >2025-06-26T07:48:23.329Z</when>
<when >2025-06-26T07:48:24.359Z</when>
<when >2025-06-26T07:48:26.619Z</when>
<when >2025-06-26T07:48:28.718Z</when>
<when >2025-06-26T07:48:31.289Z</when>
<when >2025-06-26T07:48:32.729Z</when>
<when >2025-06-26T07:48:35.489Z</when>
<when >2025-06-26T07:48:38.039Z</when>
<when >2025-06-26T07:48:40.409Z</when>
<when >2025-06-26T07:48:43.009Z</when>
<when >2025-06-26T07:48:45.609Z</when>
<when >2025-06-26T07:48:48.089Z</when>
<when >2025-06-26T07:48:51.718Z</when>
<when >2025-06-26T07:48:54.259Z</when>
<when >2025-06-26T07:48:56.718Z</when>
<when >2025-06-26T07:48:58.879Z</when>
<when >2025-06-26T07:49:00.949Z</when>
<when >2025-06-26T07:49:03.679Z</when>
<when >2025-06-26T07:49:05.468Z</when>
<when >2025-06-26T07:49:07.519Z</when>
<when >2025-06-26T07:49:09.799Z</when>
<when >2025-06-26T07:49:12.279Z</when>
<when >2025-06-26T07:49:14.419Z</when>
<when >2025-06-26T07:49:16.779Z</when>
<when >2025-06-26T07:49:19.549Z</when>
<when >2025-06-26T07:49:21.689Z</when>
<when >2025-06-26T07:49:23.839Z</when>
<when >2025-06-26T07:49:27.269Z</when>
<when >2025-06-26T07:49:28.809Z</when>
<when >2025-06-26T07:49:33.099Z</when>
<when >2025-06-26T07:49:34.599Z</when>
<when >2025-06-26T07:49:36.949Z</when>
<when >2025-06-26T07:49:39.679Z</when>
<when >2025-06-26T07:49:41.789Z</when>
<when >2025-06-26T07:49:44.489Z</when>
<when >2025-06-26T07:49:48.609Z</when>
<when >2025-06-26T07:49:59.729Z</when>
<when >2025-06-26T07:50:19.629Z</when>
<when >2025-06-26T07:50:39.269Z</when>
<when >2025-06-26T07:50:52.269Z</when>
<when >2025-06-26T07:50:55.809Z</when>
<when >2025-06-26T07:50:58.579Z</when>
<when >2025-06-26T07:51:01.289Z</when>
<when >2025-06-26T07:51:03.179Z</when>
<when >2025-06-26T07:51:04.979Z</when>
<when >2025-06-26T07:51:07.559Z</when>
<when >2025-06-26T07:51:09.489Z</when>
<when >2025-06-26T07:51:12.369Z</when>
<when >2025-06-26T07:51:15.019Z</when>
<when >2025-06-26T07:51:17.409Z</when>
<when >2025-06-26T07:51:19.659Z</when>
<when >2025-06-26T07:51:22.359Z</when>
<when >2025-06-26T07:51:24.799Z</when>
<when >2025-06-26T07:51:27.639Z</when>
<when >2025-06-26T07:51:29.779Z</when>
<when >2025-06-26T07:51:37.519Z</when>
<when >2025-06-26T07:51:44.899Z</when>
<when >2025-06-26T07:51:49.059Z</when>
<when >2025-06-26T07:51:51.229Z</when>
<when >2025-06-26T07:51:53.199Z</when>
<when >2025-06-26T07:51:55.379Z</when>
<when >2025-06-26T07:51:57.289Z</when>
<when >2025-06-26T07:52:00.729Z</when>
<when >2025-06-26T07:52:04.479Z</when>
<when >2025-06-26T07:52:09.589Z</when>
<when >2025-06-26T07:52:11.769Z</when>
<when >2025-06-26T07:52:15.769Z</when>
<when >2025-06-26T07:52:21.049Z</when>
<when >2025-06-26T07:52:21.819Z</when>
<when >2025-06-26T07:52:44.079Z</when>
<when >2025-06-26T08:04:20.589Z</when>
<when >2025-06-26T08:04:22.019Z</when>
<when >2025-06-26T08:04:24.958Z</when>
<when >2025-06-26T08:04:29.199Z</when>
<when >2025-06-26T08:04:31.989Z</when>
<when >2025-06-26T08:04:34.708Z</when>
<when >2025-06-26T08:04:35.149Z</when>
<when >2025-06-26T08:04:38.499Z</when>
<when >2025-06-26T08:04:41.009Z</when>
<when >2025-06-26T08:04:43.249Z</when>
<when >2025-06-26T08:04:45.899Z</when>
<when >2025-06-26T08:04:48.999Z</when>
<when >2025-06-26T08:04:51.649Z</when>
<when >2025-06-26T08:04:53.879Z</when>
<when >2025-06-26T08:04:55.839Z</when>
<when >2025-06-26T08:04:57.899Z</when>
<when >2025-06-26T08:04:59.689Z</when>
<when >2025-06-26T08:05:01.579Z</when>
<when >2025-06-26T08:05:03.708Z</when>
<when >2025-06-26T08:05:06.069Z</when>
<when >2025-06-26T08:05:08.859Z</when>
<when >2025-06-26T08:05:11.089Z</when>
<when >2025-06-26T08:05:13.039Z</when>
<when >2025-06-26T08:05:14.979Z</when>
<when >2025-06-26T08:05:17.379Z</when>
<when >2025-06-26T08:05:21.489Z</when>
<when >2025-06-26T08:05:22.889Z</when>
<when >2025-06-26T08:05:24.939Z</when>
<when >2025-06-26T08:05:28.129Z</when>
<when >2025-06-26T08:05:30.499Z</when>
<when >2025-06-26T08:05:33.839Z</when>
<when >2025-06-26T08:05:35.809Z</when>
<when >2025-06-26T08:05:38.449Z</when>
<when >2025-06-26T08:05:40.649Z</when>
<when >2025-06-26T08:05:45.869Z</when>
<when >2025-06-26T08:05:47.309Z</when>
<when >2025-06-26T08:05:49.539Z</when>
<when >2025-06-26T08:05:52.139Z</when>
<when >2025-06-26T08:05:58.229Z</when>
<when >2025-06-26T08:06:05.559Z</when>
<when >2025-06-26T08:06:08.419Z</when>
<when >2025-06-26T08:06:09.809Z</when>
<when >2025-06-26T08:06:11.779Z</when>
<when >2025-06-26T08:06:12.889Z</when>
<when >2025-06-26T08:06:15.289Z</when>
<when >2025-06-26T08:06:17.739Z</when>
<when >2025-06-26T08:06:20.029Z</when>
<when >2025-06-26T08:06:22.549Z</when>
<when >2025-06-26T08:06:24.569Z</when>
<when >2025-06-26T08:06:26.789Z</when>
<when >2025-06-26T08:06:30.579Z</when>
<when >2025-06-26T08:06:33.739Z</when>
<when >2025-06-26T08:06:36.319Z</when>
<when >2025-06-26T08:06:42.639Z</when>
<when >2025-06-26T08:06:47.718Z</when>
<when >2025-06-26T08:06:54.549Z</when>
<when >2025-06-26T08:07:02.789Z</when>
<when >2025-06-26T08:07:06.069Z</when>
<when >2025-06-26T08:07:13.718Z</when>
<when >2025-06-26T08:07:22.569Z</when>
<when >2025-06-26T08:07:48.319Z</when>
<when >2025-06-26T08:08:07.989Z</when>
<when >2025-06-26T08:08:10.059Z</when>
<when >2025-06-26T08:08:16.208Z</when>
<when >2025-06-26T08:08:21.439Z</when>
<when >2025-06-26T08:08:23.968Z</when>
<when >2025-06-26T08:08:25.989Z</when>
<when >2025-06-26T08:08:28.708Z</when>
<when >2025-06-26T08:08:31.489Z</when>
<when >2025-06-26T08:08:33.689Z</when>
<when >2025-06-26T08:08:35.539Z</when>
<when >2025-06-26T08:08:39.619Z</when>
<when >2025-06-26T08:08:41.669Z</when>
<when >2025-06-26T08:08:43.639Z</when>
<when >2025-06-26T08:08:46.749Z</when>
<when >2025-06-26T08:08:48.809Z</when>
<when >2025-06-26T08:08:51.579Z</when>
<when >2025-06-26T08:08:54.199Z</when>
<when >2025-06-26T08:08:56.839Z</when>
<when >2025-06-26T08:08:58.979Z</when>
<when >2025-06-26T08:09:01.589Z</when>
<when >2025-06-26T08:09:04.208Z</when>
<when >2025-06-26T08:09:06.629Z</when>
<when >2025-06-26T08:09:08.779Z</when>
<when >2025-06-26T08:09:12.279Z</when>
<when >2025-06-26T08:09:14.999Z</when>
<when >2025-06-26T08:09:16.909Z</when>
<when >2025-06-26T08:09:19.509Z</when>
<when >2025-06-26T08:09:21.979Z</when>
<when >2025-06-26T08:09:25.059Z</when>
<when >2025-06-26T08:09:26.409Z</when>
<when >2025-06-26T08:09:40.429Z</when>
<when >2025-06-26T08:09:54.599Z</when>
<when >2025-06-26T08:10:14.458Z</when>
<when >2025-06-26T08:10:27.989Z</when>
<when >2025-06-26T08:10:33.839Z</when>
<when >2025-06-26T08:10:37.429Z</when>
<when >2025-06-26T08:10:39.279Z</when>
<when >2025-06-26T08:10:42.349Z</when>
<when >2025-06-26T08:10:43.859Z</when>
<when >2025-06-26T08:10:47.419Z</when>
<when >2025-06-26T08:10:48.879Z</when>
<when >2025-06-26T08:10:51.229Z</when>
<when >2025-06-26T08:10:53.129Z</when>
<when >2025-06-26T08:10:55.489Z</when>
<when >2025-06-26T08:10:58.089Z</when>
<when >2025-06-26T08:10:59.429Z</when>
<when >2025-06-26T08:11:02.059Z</when>
<when >2025-06-26T08:11:03.958Z</when>
<when >2025-06-26T08:11:06.239Z</when>
<when >2025-06-26T08:11:12.919Z</when>
<when >2025-06-26T08:11:20.509Z</when>
<when >2025-06-26T08:11:23.069Z</when>
<when >2025-06-26T08:11:25.739Z</when>
<when >2025-06-26T08:11:27.718Z</when>
<when >2025-06-26T08:11:30.159Z</when>
<when >2025-06-26T08:11:32.419Z</when>
<when >2025-06-26T08:11:34.889Z</when>
<when >2025-06-26T08:11:37.769Z</when>
<when >2025-06-26T08:11:40.339Z</when>
<when >2025-06-26T08:11:43.729Z</when>
<when >2025-06-26T08:11:48.479Z</when>
<when >2025-06-26T08:11:50.419Z</when>
<when >2025-06-26T08:11:50.949Z</when>
<when >2025-06-26T08:11:56.779Z</when>
<when >2025-06-26T08:11:57.639Z</when>
<when >2025-06-26T08:13:31.999Z</when>
<when >2025-06-26T08:13:34.589Z</when>
<when >2025-06-26T08:13:35.958Z</when>
<when >2025-06-26T08:13:37.899Z</when>
<when >2025-06-26T08:13:41.989Z</when>
<when >2025-06-26T08:13:44.869Z</when>
<when >2025-06-26T08:13:47.269Z</when>
<when >2025-06-26T08:13:50.239Z</when>
<when >2025-06-26T08:13:52.679Z</when>
<when >2025-06-26T08:13:55.609Z</when>
<when >2025-06-26T08:13:57.749Z</when>
<when >2025-06-26T08:13:59.729Z</when>
<when >2025-06-26T08:14:01.489Z</when>
<when >2025-06-26T08:14:04.049Z</when>
<when >2025-06-26T08:14:06.699Z</when>
<when >2025-06-26T08:14:09.129Z</when>
<when >2025-06-26T08:14:10.629Z</when>
<when >2025-06-26T08:14:13.039Z</when>
<when >2025-06-26T08:14:15.479Z</when>
<when >2025-06-26T08:14:17.519Z</when>
<when >2025-06-26T08:14:20.259Z</when>
<when >2025-06-26T08:14:21.939Z</when>
<when >2025-06-26T08:14:24.139Z</when>
<when >2025-06-26T08:14:26.579Z</when>
<when >2025-06-26T08:14:28.839Z</when>
<when >2025-06-26T08:14:31.569Z</when>
<when >2025-06-26T08:14:33.708Z</when>
<when >2025-06-26T08:14:35.699Z</when>
<when >2025-06-26T08:14:38.499Z</when>
<when >2025-06-26T08:14:45.999Z</when>
<when >2025-06-26T08:14:57.279Z</when>
<when >2025-06-26T08:15:16.809Z</when>
<when >2025-06-26T08:15:28.949Z</when>
<when >2025-06-26T08:15:36.929Z</when>
<when >2025-06-26T08:15:40.739Z</when>
<when >2025-06-26T08:15:43.609Z</when>
<when >2025-06-26T08:15:46.479Z</when>
<when >2025-06-26T08:15:49.089Z</when>
<when >2025-06-26T08:15:51.539Z</when>
<when >2025-06-26T08:15:52.968Z</when>
<when >2025-06-26T08:15:55.159Z</when>
<when >2025-06-26T08:15:56.739Z</when>
<when >2025-06-26T08:15:58.429Z</when>
<when >2025-06-26T08:16:01.599Z</when>
<when >2025-06-26T08:16:02.839Z</when>
<when >2025-06-26T08:16:04.809Z</when>
<when >2025-06-26T08:16:07.189Z</when>
<when >2025-06-26T08:16:09.539Z</when>
<when >2025-06-26T08:16:11.249Z</when>
<when >2025-06-26T08:16:12.649Z</when>
<when >2025-06-26T08:16:15.489Z</when>
<when >2025-06-26T08:16:25.309Z</when>
<when >2025-06-26T08:16:29.019Z</when>
<when >2025-06-26T08:16:31.289Z</when>
<when >2025-06-26T08:16:34.109Z</when>
<when >2025-06-26T08:16:35.349Z</when>
<when >2025-06-26T08:16:36.679Z</when>
<when >2025-06-26T08:16:38.419Z</when>
<when >2025-06-26T08:16:40.629Z</when>
<when >2025-06-26T08:16:44.579Z</when>
<when >2025-06-26T08:16:47.599Z</when>
<when >2025-06-26T08:16:50.649Z</when>
<when >2025-06-26T08:16:55.889Z</when>
<when >2025-06-26T08:16:57.879Z</when>
<when >2025-06-26T08:17:01.419Z</when>
<when >2025-06-26T08:17:04.729Z</when>
<when >2025-06-26T08:17:07.739Z</when>
<when >2025-06-26T08:17:15.349Z</when>
<when >2025-06-26T08:17:21.939Z</when>
<when >2025-06-26T08:17:28.389Z</when>
<when >2025-06-26T08:17:32.359Z</when>
<when >2025-06-26T08:17:36.958Z</when>
<when >2025-06-26T08:17:48.239Z</when>
<when >2025-06-26T08:18:11.829Z</when>
<when >2025-06-26T08:18:32.579Z</when>
<when >2025-06-26T08:18:34.449Z</when>
<when >2025-06-26T08:18:38.649Z</when>
<when >2025-06-26T08:18:41.809Z</when>
<when >2025-06-26T08:18:44.849Z</when>
<when >2025-06-26T08:18:47.559Z</when>
<when >2025-06-26T08:18:50.659Z</when>
<when >2025-06-26T08:18:52.859Z</when>
<when >2025-06-26T08:18:55.039Z</when>
<when >2025-06-26T08:18:57.519Z</when>
<when >2025-06-26T08:19:00.479Z</when>
<when >2025-06-26T08:19:02.129Z</when>
<when >2025-06-26T08:19:04.689Z</when>
<when >2025-06-26T08:19:07.208Z</when>
<when >2025-06-26T08:19:10.729Z</when>
<when >2025-06-26T08:19:13.359Z</when>
<when >2025-06-26T08:19:15.749Z</when>
<when >2025-06-26T08:19:18.129Z</when>
<when >2025-06-26T08:19:21.239Z</when>
<when >2025-06-26T08:19:23.799Z</when>
<when >2025-06-26T08:19:26.289Z</when>
<when >2025-06-26T08:19:28.769Z</when>
<when >2025-06-26T08:19:30.439Z</when>
<when >2025-06-26T08:19:33.329Z</when>
<when >2025-06-26T08:19:35.519Z</when>
<when >2025-06-26T08:19:38.539Z</when>
<when >2025-06-26T08:19:41.049Z</when>
<when >2025-06-26T08:19:44.199Z</when>
<when >2025-06-26T08:19:48.629Z</when>
<when >2025-06-26T08:20:01.179Z</when>
<when >2025-06-26T08:20:14.309Z</when>
<when >2025-06-26T08:20:33.968Z</when>
<when >2025-06-26T08:20:45.319Z</when>
<when >2025-06-26T08:20:47.239Z</when>
<when >2025-06-26T08:20:49.889Z</when>
<when >2025-06-26T08:20:51.468Z</when>
<when >2025-06-26T08:20:54.039Z</when>
<when >2025-06-26T08:20:56.499Z</when>
<when >2025-06-26T08:20:59.419Z</when>
<when >2025-06-26T08:21:01.669Z</when>
<when >2025-06-26T08:21:04.819Z</when>
<when >2025-06-26T08:21:06.169Z</when>
<when >2025-06-26T08:21:08.569Z</when>
<when >2025-06-26T08:21:10.009Z</when>
<when >2025-06-26T08:21:11.979Z</when>
<when >2025-06-26T08:21:14.349Z</when>
<when >2025-06-26T08:21:16.639Z</when>
<when >2025-06-26T08:21:21.199Z</when>
<when >2025-06-26T08:21:31.279Z</when>
<when >2025-06-26T08:21:35.509Z</when>
<when >2025-06-26T08:21:38.349Z</when>
<when >2025-06-26T08:21:40.129Z</when>
<when >2025-06-26T08:21:42.609Z</when>
<when >2025-06-26T08:21:44.629Z</when>
<when >2025-06-26T08:21:48.179Z</when>
<when >2025-06-26T08:21:50.189Z</when>
<when >2025-06-26T08:21:52.968Z</when>
<when >2025-06-26T08:21:54.789Z</when>
<when >2025-06-26T08:21:59.099Z</when>
<when >2025-06-26T08:22:00.909Z</when>
<when >2025-06-26T08:22:03.939Z</when>
<when >2025-06-26T08:22:05.979Z</when>
<when >2025-06-26T08:22:12.239Z</when>
<when >2025-06-26T08:22:16.849Z</when>
<when >2025-06-26T08:22:27.129Z</when>
<when >2025-06-26T08:22:52.569Z</when>
<when >2025-06-26T08:22:57.529Z</when>
<when >2025-06-26T08:23:36.759Z</when>
<when >2025-06-26T08:23:37.468Z</when>
<when >2025-06-26T08:23:40.549Z</when>
<when >2025-06-26T08:23:43.509Z</when>
<when >2025-06-26T08:23:54.249Z</when>
<when >2025-06-26T08:23:57.529Z</when>
<when >2025-06-26T08:24:00.849Z</when>
<when >2025-06-26T08:24:03.809Z</when>
<when >2025-06-26T08:24:06.299Z</when>
<when >2025-06-26T08:24:08.749Z</when>
<when >2025-06-26T08:24:11.509Z</when>
<when >2025-06-26T08:24:14.159Z</when>
<when >2025-06-26T08:24:16.889Z</when>
<when >2025-06-26T08:24:19.629Z</when>
<when >2025-06-26T08:24:22.289Z</when>
<when >2025-06-26T08:24:25.249Z</when>
<when >2025-06-26T08:24:27.609Z</when>
<when >2025-06-26T08:24:30.119Z</when>
<when >2025-06-26T08:24:32.339Z</when>
<when >2025-06-26T08:24:35.099Z</when>
<when >2025-06-26T08:24:37.919Z</when>
<when >2025-06-26T08:24:39.839Z</when>
<when >2025-06-26T08:24:42.489Z</when>
<when >2025-06-26T08:24:44.699Z</when>
<when >2025-06-26T08:24:46.718Z</when>
<when >2025-06-26T08:24:49.419Z</when>
<when >2025-06-26T08:24:52.409Z</when>
<when >2025-06-26T08:24:58.449Z</when>
<when >2025-06-26T08:25:11.819Z</when>
<when >2025-06-26T08:25:30.849Z</when>
<when >2025-06-26T08:25:45.289Z</when>
<when >2025-06-26T08:25:53.679Z</when>
<when >2025-06-26T08:25:56.449Z</when>
<when >2025-06-26T08:25:57.879Z</when>
<when >2025-06-26T08:26:00.369Z</when>
<when >2025-06-26T08:26:03.559Z</when>
<when >2025-06-26T08:26:05.319Z</when>
<when >2025-06-26T08:26:07.989Z</when>
<when >2025-06-26T08:26:12.089Z</when>
<when >2025-06-26T08:26:13.539Z</when>
<when >2025-06-26T08:26:15.349Z</when>
<when >2025-06-26T08:26:16.889Z</when>
<when >2025-06-26T08:26:19.279Z</when>
<when >2025-06-26T08:26:21.889Z</when>
<when >2025-06-26T08:26:24.089Z</when>
<when >2025-06-26T08:26:26.909Z</when>
<when >2025-06-26T08:26:29.549Z</when>
<when >2025-06-26T08:26:38.299Z</when>
<when >2025-06-26T08:26:45.929Z</when>
<when >2025-06-26T08:26:48.559Z</when>
<when >2025-06-26T08:26:50.099Z</when>
<when >2025-06-26T08:26:52.049Z</when>
<when >2025-06-26T08:26:54.049Z</when>
<when >2025-06-26T08:26:56.619Z</when>
<when >2025-06-26T08:27:00.789Z</when>
<when >2025-06-26T08:27:04.339Z</when>
<when >2025-06-26T08:27:06.958Z</when>
<when >2025-06-26T08:27:10.589Z</when>
<when >2025-06-26T08:27:12.549Z</when>
<when >2025-06-26T08:27:15.429Z</when>
<when >2025-06-26T08:27:17.669Z</when>
<when >2025-06-26T08:27:24.409Z</when>
<when >2025-06-26T08:27:31.089Z</when>
<when >2025-06-26T08:27:38.519Z</when>
<when >2025-06-26T08:27:44.869Z</when>
<when >2025-06-26T08:27:52.199Z</when>
<when >2025-06-26T08:27:54.619Z</when>
<when >2025-06-26T08:28:29.539Z</when>
<when >2025-06-26T08:28:50.619Z</when>
<when >2025-06-26T08:28:52.589Z</when>
<when >2025-06-26T08:28:56.699Z</when>
<when >2025-06-26T08:28:59.649Z</when>
<when >2025-06-26T08:29:01.218Z</when>
<when >2025-06-26T08:29:03.399Z</when>
<when >2025-06-26T08:29:07.479Z</when>
<when >2025-06-26T08:29:09.329Z</when>
<when >2025-06-26T08:29:12.039Z</when>
<when >2025-06-26T08:29:13.269Z</when>
<when >2025-06-26T08:29:16.359Z</when>
<when >2025-06-26T08:29:18.339Z</when>
<when >2025-06-26T08:29:20.769Z</when>
<when >2025-06-26T08:29:23.139Z</when>
<when >2025-06-26T08:29:25.839Z</when>
<when >2025-06-26T08:29:27.968Z</when>
<when >2025-06-26T08:29:29.999Z</when>
<when >2025-06-26T08:29:33.329Z</when>
<when >2025-06-26T08:29:35.479Z</when>
<when >2025-06-26T08:29:38.339Z</when>
<when >2025-06-26T08:29:40.699Z</when>
<when >2025-06-26T08:29:43.049Z</when>
<when >2025-06-26T08:29:46.489Z</when>
<when >2025-06-26T08:29:48.809Z</when>
<when >2025-06-26T08:29:51.589Z</when>
<when >2025-06-26T08:29:57.749Z</when>
<when >2025-06-26T08:30:10.619Z</when>
<when >2025-06-26T08:30:18.689Z</when>
<when >2025-06-26T08:30:30.599Z</when>
<when >2025-06-26T08:30:48.849Z</when>
<when >2025-06-26T08:30:52.589Z</when>
<when >2025-06-26T08:30:54.489Z</when>
<when >2025-06-26T08:30:56.349Z</when>
<when >2025-06-26T08:30:58.939Z</when>
<when >2025-06-26T08:31:03.468Z</when>
<when >2025-06-26T08:31:05.958Z</when>
<when >2025-06-26T08:31:08.689Z</when>
<when >2025-06-26T08:31:11.339Z</when>
<when >2025-06-26T08:31:12.889Z</when>
<when >2025-06-26T08:31:15.319Z</when>
<when >2025-06-26T08:31:18.249Z</when>
<when >2025-06-26T08:31:20.199Z</when>
<when >2025-06-26T08:31:22.009Z</when>
<when >2025-06-26T08:31:25.749Z</when>
<when >2025-06-26T08:31:34.509Z</when>
<when >2025-06-26T08:31:38.819Z</when>
<when >2025-06-26T08:31:41.309Z</when>
<when >2025-06-26T08:31:43.939Z</when>
<when >2025-06-26T08:31:45.159Z</when>
<when >2025-06-26T08:31:47.159Z</when>
<when >2025-06-26T08:31:49.099Z</when>
<when >2025-06-26T08:31:51.619Z</when>
<when >2025-06-26T08:31:54.679Z</when>
<when >2025-06-26T08:31:56.079Z</when>
<when >2025-06-26T08:31:57.909Z</when>
<when >2025-06-26T08:31:59.369Z</when>
<when >2025-06-26T08:32:00.468Z</when>
<when >2025-06-26T08:32:03.218Z</when>
<when >2025-06-26T08:32:04.499Z</when>
<when >2025-06-26T08:32:07.389Z</when>
<when >2025-06-26T08:32:20.958Z</when>
<when >2025-06-26T08:32:29.799Z</when>
<when >2025-06-26T08:33:18.299Z</when>
<when >2025-06-26T08:33:20.679Z</when>
<when >2025-06-26T08:33:23.089Z</when>
<when >2025-06-26T08:33:25.049Z</when>
<when >2025-06-26T08:33:25.619Z</when>
<when >2025-06-26T08:33:26.699Z</when>
<when >2025-06-26T08:33:28.139Z</when>
<when >2025-06-26T08:33:30.729Z</when>
<when >2025-06-26T08:33:33.989Z</when>
<when >2025-06-26T08:33:36.119Z</when>
<when >2025-06-26T08:33:39.589Z</when>
<when >2025-06-26T08:33:40.899Z</when>
<when >2025-06-26T08:33:42.639Z</when>
<when >2025-06-26T08:33:44.279Z</when>
<when >2025-06-26T08:33:45.319Z</when>
<when >2025-06-26T08:33:48.439Z</when>
<when >2025-06-26T08:33:50.889Z</when>
<when >2025-06-26T08:33:52.789Z</when>
<when >2025-06-26T08:33:55.718Z</when>
<when >2025-06-26T08:33:58.259Z</when>
<when >2025-06-26T08:34:00.669Z</when>
<when >2025-06-26T08:34:01.919Z</when>
<when >2025-06-26T08:34:04.269Z</when>
<when >2025-06-26T08:34:06.839Z</when>
<when >2025-06-26T08:34:09.399Z</when>
<when >2025-06-26T08:34:12.009Z</when>
<when >2025-06-26T08:34:14.099Z</when>
<when >2025-06-26T08:34:16.169Z</when>
<when >2025-06-26T08:34:18.749Z</when>
<when >2025-06-26T08:34:21.229Z</when>
<when >2025-06-26T08:34:24.689Z</when>
<when >2025-06-26T08:34:27.279Z</when>
<when >2025-06-26T08:34:29.279Z</when>
<when >2025-06-26T08:34:31.399Z</when>
<when >2025-06-26T08:34:33.949Z</when>
<when >2025-06-26T08:34:35.769Z</when>
<when >2025-06-26T08:34:38.799Z</when>
<when >2025-06-26T08:34:41.239Z</when>
<when >2025-06-26T08:34:43.289Z</when>
<when >2025-06-26T08:34:45.929Z</when>
<when >2025-06-26T08:34:48.359Z</when>
<when >2025-06-26T08:34:51.489Z</when>
<when >2025-06-26T08:34:53.349Z</when>
<when >2025-06-26T08:34:57.029Z</when>
<when >2025-06-26T08:35:10.159Z</when>
<when >2025-06-26T08:35:29.839Z</when>
<when >2025-06-26T08:35:49.839Z</when>
<when >2025-06-26T08:36:01.819Z</when>
<when >2025-06-26T08:36:05.729Z</when>
<when >2025-06-26T08:36:07.958Z</when>
<when >2025-06-26T08:36:10.279Z</when>
<when >2025-06-26T08:36:12.749Z</when>
<when >2025-06-26T08:36:15.389Z</when>
<when >2025-06-26T08:36:17.079Z</when>
<when >2025-06-26T08:36:19.739Z</when>
<when >2025-06-26T08:36:22.129Z</when>
<when >2025-06-26T08:36:24.759Z</when>
<when >2025-06-26T08:36:26.669Z</when>
<when >2025-06-26T08:36:28.609Z</when>
<when >2025-06-26T08:36:30.789Z</when>
<when >2025-06-26T08:36:33.369Z</when>
<when >2025-06-26T08:36:36.559Z</when>
<when >2025-06-26T08:36:40.449Z</when>
<when >2025-06-26T08:36:47.499Z</when>
<when >2025-06-26T08:36:54.609Z</when>
<when >2025-06-26T08:36:58.449Z</when>
<when >2025-06-26T08:37:00.609Z</when>
<when >2025-06-26T08:37:02.889Z</when>
<when >2025-06-26T08:37:04.809Z</when>
<when >2025-06-26T08:37:06.809Z</when>
<when >2025-06-26T08:37:09.399Z</when>
<when >2025-06-26T08:37:12.159Z</when>
<when >2025-06-26T08:37:15.359Z</when>
<when >2025-06-26T08:37:19.369Z</when>
<when >2025-06-26T08:37:21.879Z</when>
<when >2025-06-26T08:37:24.599Z</when>
<when >2025-06-26T08:37:27.749Z</when>
<when >2025-06-26T08:37:31.599Z</when>
<when >2025-06-26T08:37:37.909Z</when>
<when >2025-06-26T08:37:46.689Z</when>
<when >2025-06-26T08:37:50.029Z</when>
<when >2025-06-26T08:37:58.718Z</when>
<when >2025-06-26T08:38:04.479Z</when>
<when >2025-06-26T08:38:05.909Z</when>
<when >2025-06-26T08:38:43.239Z</when>
<when >2025-06-26T08:46:34.909Z</when>
<when >2025-06-26T08:46:36.659Z</when>
<when >2025-06-26T08:46:37.919Z</when>
<when >2025-06-26T08:46:39.889Z</when>
<when >2025-06-26T08:46:41.909Z</when>
<when >2025-06-26T08:46:43.879Z</when>
<when >2025-06-26T08:46:45.789Z</when>
<when >2025-06-26T08:46:48.669Z</when>
<when >2025-06-26T08:46:51.949Z</when>
<when >2025-06-26T08:46:53.859Z</when>
<when >2025-06-26T08:46:57.699Z</when>
<when >2025-06-26T08:47:01.249Z</when>
<when >2025-06-26T08:47:03.869Z</when>
<when >2025-06-26T08:47:06.708Z</when>
<when >2025-06-26T08:47:09.329Z</when>
<when >2025-06-26T08:47:11.849Z</when>
<when >2025-06-26T08:47:14.359Z</when>
<when >2025-06-26T08:47:16.399Z</when>
<when >2025-06-26T08:47:18.909Z</when>
<when >2025-06-26T08:47:21.639Z</when>
<when >2025-06-26T08:47:23.968Z</when>
<when >2025-06-26T08:47:25.879Z</when>
<when >2025-06-26T08:47:27.639Z</when>
<when >2025-06-26T08:47:30.239Z</when>
<when >2025-06-26T08:47:34.029Z</when>
<when >2025-06-26T08:47:38.649Z</when>
<when >2025-06-26T08:47:42.589Z</when>
<when >2025-06-26T08:47:45.019Z</when>
<when >2025-06-26T08:47:46.639Z</when>
<when >2025-06-26T08:47:48.989Z</when>
<when >2025-06-26T08:47:50.889Z</when>
<when >2025-06-26T08:47:52.999Z</when>
<when >2025-06-26T08:47:54.839Z</when>
<when >2025-06-26T08:47:57.029Z</when>
<when >2025-06-26T08:48:00.089Z</when>
<when >2025-06-26T08:48:02.279Z</when>
<when >2025-06-26T08:48:03.839Z</when>
<when >2025-06-26T08:48:05.958Z</when>
<when >2025-06-26T08:48:08.159Z</when>
<when >2025-06-26T08:48:10.139Z</when>
<when >2025-06-26T08:48:12.119Z</when>
<when >2025-06-26T08:48:18.419Z</when>
<when >2025-06-26T08:48:24.319Z</when>
<when >2025-06-26T08:48:27.159Z</when>
<when >2025-06-26T08:48:29.119Z</when>
<when >2025-06-26T08:48:31.259Z</when>
<when >2025-06-26T08:48:33.929Z</when>
<when >2025-06-26T08:48:36.769Z</when>
<when >2025-06-26T08:48:41.299Z</when>
<when >2025-06-26T08:48:43.919Z</when>
<when >2025-06-26T08:48:47.718Z</when>
<when >2025-06-26T08:48:51.729Z</when>
<when >2025-06-26T08:48:53.708Z</when>
<when >2025-06-26T08:48:56.739Z</when>
<when >2025-06-26T08:49:00.749Z</when>
<when >2025-06-26T08:49:04.919Z</when>
<when >2025-06-26T08:49:11.919Z</when>
<when >2025-06-26T08:49:18.749Z</when>
<when >2025-06-26T08:49:23.779Z</when>
<when >2025-06-26T08:49:32.739Z</when>
<when >2025-06-26T08:50:03.059Z</when>
<when >2025-06-26T08:50:25.039Z</when>
<when >2025-06-26T08:50:28.789Z</when>
<when >2025-06-26T08:50:35.699Z</when>
<when >2025-06-26T08:50:37.129Z</when>
<when >2025-06-26T08:50:39.239Z</when>
<when >2025-06-26T08:50:42.129Z</when>
<when >2025-06-26T08:50:45.059Z</when>
<when >2025-06-26T08:50:47.699Z</when>
<when >2025-06-26T08:50:50.239Z</when>
<when >2025-06-26T08:50:52.609Z</when>
<when >2025-06-26T08:50:55.299Z</when>
<when >2025-06-26T08:50:56.779Z</when>
<when >2025-06-26T08:50:58.599Z</when>
<when >2025-06-26T08:51:00.829Z</when>
<when >2025-06-26T08:51:01.958Z</when>
<when >2025-06-26T08:51:04.059Z</when>
<when >2025-06-26T08:51:08.139Z</when>
<when >2025-06-26T08:51:09.279Z</when>
<when >2025-06-26T08:51:09.899Z</when>
<when >2025-06-26T08:51:11.349Z</when>
<when >2025-06-26T08:51:13.889Z</when>
<when >2025-06-26T08:51:16.379Z</when>
<when >2025-06-26T08:51:18.708Z</when>
<when >2025-06-26T08:51:20.718Z</when>
<when >2025-06-26T08:51:22.699Z</when>
<when >2025-06-26T08:51:25.479Z</when>
<when >2025-06-26T08:51:28.169Z</when>
<when >2025-06-26T08:51:29.749Z</when>
<when >2025-06-26T08:51:30.639Z</when>
<when >2025-06-26T08:51:32.769Z</when>
<when >2025-06-26T08:51:34.629Z</when>
<when >2025-06-26T08:51:36.829Z</when>
<when >2025-06-26T08:51:39.389Z</when>
<when >2025-06-26T08:51:41.849Z</when>
<when >2025-06-26T08:51:44.419Z</when>
<when >2025-06-26T08:51:46.259Z</when>
<when >2025-06-26T08:51:48.319Z</when>
<when >2025-06-26T08:51:50.299Z</when>
<when >2025-06-26T08:51:52.239Z</when>
<when >2025-06-26T08:51:53.899Z</when>
<when >2025-06-26T08:51:55.409Z</when>
<when >2025-06-26T08:51:56.979Z</when>
<when >2025-06-26T08:51:58.509Z</when>
<when >2025-06-26T08:51:59.819Z</when>
<when >2025-06-26T08:52:02.019Z</when>
<when >2025-06-26T08:52:03.659Z</when>
<when >2025-06-26T08:52:04.789Z</when>
<when >2025-06-26T08:52:06.349Z</when>
<when >2025-06-26T08:52:07.869Z</when>
<when >2025-06-26T08:52:09.599Z</when>
<when >2025-06-26T08:52:10.968Z</when>
<when >2025-06-26T08:52:12.458Z</when>
<when >2025-06-26T08:52:14.379Z</when>
<when >2025-06-26T08:52:15.789Z</when>
<when >2025-06-26T08:52:17.689Z</when>
<when >2025-06-26T08:52:19.169Z</when>
<when >2025-06-26T08:52:21.069Z</when>
<when >2025-06-26T08:52:22.569Z</when>
<when >2025-06-26T08:52:24.029Z</when>
<when >2025-06-26T08:52:25.769Z</when>
<when >2025-06-26T08:52:27.319Z</when>
<when >2025-06-26T08:52:29.379Z</when>
<when >2025-06-26T08:52:30.729Z</when>
<when >2025-06-26T08:52:33.049Z</when>
<when >2025-06-26T08:52:34.479Z</when>
<when >2025-06-26T08:52:35.979Z</when>
<when >2025-06-26T08:52:37.919Z</when>
<when >2025-06-26T08:52:39.468Z</when>
<when >2025-06-26T08:52:41.639Z</when>
<when >2025-06-26T08:52:43.869Z</when>
<when >2025-06-26T08:52:45.149Z</when>
<when >2025-06-26T08:52:47.139Z</when>
<when >2025-06-26T08:52:49.149Z</when>
<when >2025-06-26T08:52:51.109Z</when>
<when >2025-06-26T08:52:53.029Z</when>
<when >2025-06-26T08:52:55.019Z</when>
<when >2025-06-26T08:52:58.708Z</when>
<when >2025-06-26T08:53:01.659Z</when>
<when >2025-06-26T08:53:04.919Z</when>
<when >2025-06-26T08:53:08.059Z</when>
<when >2025-06-26T08:53:10.879Z</when>
<when >2025-06-26T08:53:13.919Z</when>
<when >2025-06-26T08:53:16.499Z</when>
<when >2025-06-26T08:53:19.059Z</when>
<when >2025-06-26T08:53:22.099Z</when>
<when >2025-06-26T08:53:25.689Z</when>
<when >2025-06-26T08:53:29.009Z</when>
<when >2025-06-26T08:53:33.279Z</when>
<when >2025-06-26T08:53:36.958Z</when>
<when >2025-06-26T08:53:40.899Z</when>
<when >2025-06-26T08:53:44.789Z</when>
<when >2025-06-26T08:53:48.218Z</when>
<when >2025-06-26T08:53:51.399Z</when>
<when >2025-06-26T08:53:54.849Z</when>
<when >2025-06-26T08:53:58.279Z</when>
<when >2025-06-26T08:54:01.319Z</when>
<when >2025-06-26T08:54:04.749Z</when>
<when >2025-06-26T08:54:08.109Z</when>
<when >2025-06-26T08:54:11.349Z</when>
<when >2025-06-26T08:54:15.049Z</when>
<when >2025-06-26T08:54:17.699Z</when>
<when >2025-06-26T08:54:21.819Z</when>
<when >2025-06-26T08:54:27.669Z</when>
<when >2025-06-26T08:54:32.979Z</when>
<when >2025-06-26T08:54:38.939Z</when>
<when >2025-06-26T08:54:43.779Z</when>
<when >2025-06-26T08:54:49.129Z</when>
<when >2025-06-26T08:54:54.089Z</when>
<when >2025-06-26T08:54:59.269Z</when>
<when >2025-06-26T08:55:04.718Z</when>
<when >2025-06-26T08:55:12.389Z</when>
<when >2025-06-26T08:55:20.039Z</when>
<when >2025-06-26T08:55:34.859Z</when>
<when >2025-06-26T08:55:54.769Z</when>
<when >2025-06-26T08:56:14.739Z</when>
<when >2025-06-26T08:56:34.519Z</when>
<when >2025-06-26T08:56:54.109Z</when>
<when >2025-06-26T08:57:01.869Z</when>
<when >2025-06-26T08:57:05.769Z</when>
<when >2025-06-26T08:57:08.789Z</when>
<when >2025-06-26T08:57:12.819Z</when>
<when >2025-06-26T08:57:18.968Z</when>
<when >2025-06-26T08:57:28.309Z</when>
<when >2025-06-26T08:57:33.069Z</when>
<when >2025-06-26T08:57:37.279Z</when>
<when >2025-06-26T08:57:41.189Z</when>
<when >2025-06-26T08:57:44.229Z</when>
<when >2025-06-26T08:57:47.499Z</when>
<when >2025-06-26T08:57:51.109Z</when>
<when >2025-06-26T08:57:52.739Z</when>
<when >2025-06-26T08:57:54.509Z</when>
<when >2025-06-26T08:57:57.389Z</when>
<when >2025-06-26T08:58:04.929Z</when>
<when >2025-06-26T08:58:12.819Z</when>
<when >2025-06-26T08:58:21.359Z</when>
<when >2025-06-26T08:58:28.649Z</when>
<when >2025-06-26T08:58:34.989Z</when>
<when >2025-06-26T08:58:41.489Z</when>
<when >2025-06-26T08:58:48.929Z</when>
<when >2025-06-26T08:58:56.259Z</when>
<when >2025-06-26T08:59:03.489Z</when>
<when >2025-06-26T08:59:11.099Z</when>
<when >2025-06-26T08:59:16.909Z</when>
<when >2025-06-26T08:59:21.439Z</when>
<when >2025-06-26T08:59:28.129Z</when>
<when >2025-06-26T08:59:34.099Z</when>
<when >2025-06-26T08:59:39.809Z</when>
<when >2025-06-26T08:59:45.349Z</when>
<when >2025-06-26T08:59:51.989Z</when>
<when >2025-06-26T08:59:57.079Z</when>
<when >2025-06-26T09:00:00.239Z</when>
<when >2025-06-26T09:00:04.029Z</when>
<when >2025-06-26T09:00:07.259Z</when>
<when >2025-06-26T09:00:11.359Z</when>
<when >2025-06-26T09:00:17.999Z</when>
<when >2025-06-26T09:00:25.299Z</when>
<when >2025-06-26T09:00:32.289Z</when>
<when >2025-06-26T09:00:39.449Z</when>
<when >2025-06-26T09:00:46.259Z</when>
<when >2025-06-26T09:00:49.099Z</when>
<when >2025-06-26T09:00:52.159Z</when>
<when >2025-06-26T09:00:56.119Z</when>
<when >2025-06-26T09:00:59.569Z</when>
<when >2025-06-26T09:01:03.679Z</when>
<when >2025-06-26T09:01:07.359Z</when>
<when >2025-06-26T09:01:08.929Z</when>
<when >2025-06-26T09:01:11.659Z</when>
<when >2025-06-26T09:01:17.679Z</when>
<when >2025-06-26T09:01:22.919Z</when>
<when >2025-06-26T09:01:27.059Z</when>
<when >2025-06-26T09:01:30.669Z</when>
<when >2025-06-26T09:01:33.549Z</when>
<when >2025-06-26T09:01:36.468Z</when>
<when >2025-06-26T09:01:40.879Z</when>
<when >2025-06-26T09:01:45.468Z</when>
<when >2025-06-26T09:01:49.769Z</when>
<when >2025-06-26T09:01:52.419Z</when>
<when >2025-06-26T09:01:54.779Z</when>
<when >2025-06-26T09:01:57.259Z</when>
<when >2025-06-26T09:01:59.379Z</when>
<when >2025-06-26T09:02:01.729Z</when>
<when >2025-06-26T09:02:03.869Z</when>
<when >2025-06-26T09:02:06.218Z</when>
<when >2025-06-26T09:02:08.679Z</when>
<when >2025-06-26T09:02:10.968Z</when>
<when >2025-06-26T09:02:13.439Z</when>
<when >2025-06-26T09:02:15.979Z</when>
<when >2025-06-26T09:02:18.309Z</when>
<when >2025-06-26T09:02:20.639Z</when>
<when >2025-06-26T09:02:22.399Z</when>
<when >2025-06-26T09:02:24.429Z</when>
<when >2025-06-26T09:02:26.519Z</when>
<when >2025-06-26T09:02:29.859Z</when>
<when >2025-06-26T09:02:37.019Z</when>
<when >2025-06-26T09:02:41.749Z</when>
<when >2025-06-26T09:02:47.399Z</when>
<when >2025-06-26T09:02:52.699Z</when>
<when >2025-06-26T09:02:59.269Z</when>
<when >2025-06-26T09:03:04.859Z</when>
<when >2025-06-26T09:03:10.489Z</when>
<when >2025-06-26T09:03:15.489Z</when>
<when >2025-06-26T09:03:20.659Z</when>
<when >2025-06-26T09:03:25.789Z</when>
<when >2025-06-26T09:03:31.958Z</when>
<when >2025-06-26T09:03:37.349Z</when>
<when >2025-06-26T09:03:42.979Z</when>
<when >2025-06-26T09:03:48.839Z</when>
<when >2025-06-26T09:03:54.059Z</when>
<when >2025-06-26T09:03:59.339Z</when>
<when >2025-06-26T09:04:05.479Z</when>
<when >2025-06-26T09:04:10.359Z</when>
<when >2025-06-26T09:04:15.769Z</when>
<when >2025-06-26T09:04:21.519Z</when>
<when >2025-06-26T09:04:26.549Z</when>
<when >2025-06-26T09:04:32.269Z</when>
<when >2025-06-26T09:04:37.989Z</when>
<when >2025-06-26T09:04:43.569Z</when>
<when >2025-06-26T09:04:49.559Z</when>
<when >2025-06-26T09:04:54.669Z</when>
<when >2025-06-26T09:04:57.769Z</when>
<when >2025-06-26T09:05:01.689Z</when>
<when >2025-06-26T09:05:03.909Z</when>
<when >2025-06-26T09:05:04.989Z</when>
<when >2025-06-26T09:05:06.589Z</when>
<when >2025-06-26T09:05:10.349Z</when>
<when >2025-06-26T09:05:11.389Z</when>
<when >2025-06-26T09:05:16.539Z</when>
<when >2025-06-26T09:05:21.259Z</when>
<when >2025-06-26T09:05:25.458Z</when>
<when >2025-06-26T09:05:31.039Z</when>
<when >2025-06-26T09:05:37.869Z</when>
<when >2025-06-26T09:05:43.409Z</when>
<when >2025-06-26T09:05:51.159Z</when>
<when >2025-06-26T09:05:57.199Z</when>
<when >2025-06-26T09:06:01.708Z</when>
<when >2025-06-26T09:06:08.079Z</when>
<when >2025-06-26T09:06:14.489Z</when>
<when >2025-06-26T09:06:22.229Z</when>
<when >2025-06-26T09:06:27.599Z</when>
<when >2025-06-26T09:06:34.749Z</when>
<when >2025-06-26T09:06:39.989Z</when>
<when >2025-06-26T09:06:47.339Z</when>
<when >2025-06-26T09:06:52.449Z</when>
<when >2025-06-26T09:06:56.739Z</when>
<when >2025-06-26T09:07:03.699Z</when>
<when >2025-06-26T09:07:11.299Z</when>
<when >2025-06-26T09:07:19.589Z</when>
<when >2025-06-26T09:07:25.739Z</when>
<when >2025-06-26T09:07:34.129Z</when>
<when >2025-06-26T09:07:42.659Z</when>
<when >2025-06-26T09:07:49.949Z</when>
<when >2025-06-26T09:07:57.319Z</when>
<when >2025-06-26T09:08:03.989Z</when>
<when >2025-06-26T09:08:14.019Z</when>
<when >2025-06-26T09:08:15.819Z</when>
<when >2025-06-26T09:08:17.499Z</when>
<when >2025-06-26T09:08:19.239Z</when>
<when >2025-06-26T09:08:22.019Z</when>
<when >2025-06-26T09:08:23.059Z</when>
<when >2025-06-26T09:08:25.019Z</when>
<when >2025-06-26T09:08:27.539Z</when>
<when >2025-06-26T09:08:28.549Z</when>
<when >2025-06-26T09:08:28.549Z</when>
<gx:coord >17.49777 47.369276 222</gx:coord>
<gx:coord >17.497238 47.370392 252</gx:coord>
<gx:coord >17.496432 47.371837 275</gx:coord>
<gx:coord >17.495796 47.373138 306</gx:coord>
<gx:coord >17.495023 47.374956 336</gx:coord>
<gx:coord >17.494629 47.376114 351</gx:coord>
<gx:coord >17.494178 47.377749 382</gx:coord>
<gx:coord >17.49408 47.379318 397</gx:coord>
<gx:coord >17.494217 47.380966 427</gx:coord>
<gx:coord >17.494812 47.383288 458</gx:coord>
<gx:coord >17.495446 47.384638 481</gx:coord>
<gx:coord >17.496346 47.38623 496</gx:coord>
<gx:coord >17.497719 47.388016 519</gx:coord>
<gx:coord >17.499504 47.389755 549</gx:coord>
<gx:coord >17.501291 47.391156 565</gx:coord>
<gx:coord >17.503624 47.392639 595</gx:coord>
<gx:coord >17.505959 47.393875 610</gx:coord>
<gx:coord >17.508774 47.395065 626</gx:coord>
<gx:coord >17.51049 47.39566 626</gx:coord>
<gx:coord >17.51358 47.396576 633</gx:coord>
<gx:coord >17.515869 47.397068 633</gx:coord>
<gx:coord >17.519623 47.397675 641</gx:coord>
<gx:coord >17.522438 47.397903 641</gx:coord>
<gx:coord >17.52587 47.397906 648</gx:coord>
<gx:coord >17.52903 47.39772 641</gx:coord>
<gx:coord >17.532257 47.397263 648</gx:coord>
<gx:coord >17.535484 47.396576 648</gx:coord>
<gx:coord >17.537888 47.395889 641</gx:coord>
<gx:coord >17.540307 47.394973 633</gx:coord>
<gx:coord >17.541997 47.394135 633</gx:coord>
<gx:coord >17.544673 47.392645 641</gx:coord>
<gx:coord >17.546539 47.391266 641</gx:coord>
<gx:coord >17.54911 47.388875 648</gx:coord>
<gx:coord >17.5508 47.386919 648</gx:coord>
<gx:coord >17.552582 47.384399 656</gx:coord>
<gx:coord >17.554916 47.380417 648</gx:coord>
<gx:coord >17.558556 47.373734 633</gx:coord>
<gx:coord >17.568054 47.3568 633</gx:coord>
<gx:coord >17.577232 47.339767 641</gx:coord>
<gx:coord >17.581078 47.332718 648</gx:coord>
<gx:coord >17.582863 47.329376 648</gx:coord>
<gx:coord >17.584442 47.326218 641</gx:coord>
<gx:coord >17.585238 47.324307 633</gx:coord>
<gx:coord >17.585953 47.321869 626</gx:coord>
<gx:coord >17.586153 47.319465 618</gx:coord>
<gx:coord >17.585953 47.317474 618</gx:coord>
<gx:coord >17.585472 47.315552 603</gx:coord>
<gx:coord >17.584675 47.313646 595</gx:coord>
<gx:coord >17.583618 47.311924 587</gx:coord>
<gx:coord >17.582039 47.309921 580</gx:coord>
<gx:coord >17.580666 47.308594 572</gx:coord>
<gx:coord >17.578759 47.307129 565</gx:coord>
<gx:coord >17.576614 47.305801 557</gx:coord>
<gx:coord >17.574829 47.304932 557</gx:coord>
<gx:coord >17.572083 47.303833 549</gx:coord>
<gx:coord >17.568581 47.302689 549</gx:coord>
<gx:coord >17.56066 47.300425 549</gx:coord>
<gx:coord >17.554673 47.298703 549</gx:coord>
<gx:coord >17.550307 47.297679 542</gx:coord>
<gx:coord >17.547844 47.297333 542</gx:coord>
<gx:coord >17.545509 47.29715 534</gx:coord>
<gx:coord >17.543124 47.297167 534</gx:coord>
<gx:coord >17.540428 47.297516 527</gx:coord>
<gx:coord >17.538506 47.297974 519</gx:coord>
<gx:coord >17.536583 47.298569 511</gx:coord>
<gx:coord >17.534798 47.299347 511</gx:coord>
<gx:coord >17.532463 47.300766 504</gx:coord>
<gx:coord >17.531151 47.301869 504</gx:coord>
<gx:coord >17.530678 47.30246 496</gx:coord>
<gx:coord >17.529785 47.303558 496</gx:coord>
<gx:coord >17.529391 47.30415 488</gx:coord>
<gx:coord >17.528827 47.305406 481</gx:coord>
<gx:coord >17.528343 47.306992 473</gx:coord>
<gx:coord >17.527931 47.309555 458</gx:coord>
<gx:coord >17.527278 47.312203 435</gx:coord>
<gx:coord >17.526627 47.31395 427</gx:coord>
<gx:coord >17.525803 47.315552 412</gx:coord>
<gx:coord >17.523399 47.319901 374</gx:coord>
<gx:coord >17.520653 47.325073 351</gx:coord>
<gx:coord >17.518686 47.329008 321</gx:coord>
<gx:coord >17.516292 47.333384 290</gx:coord>
<gx:coord >17.514742 47.33655 267</gx:coord>
<gx:coord >17.512688 47.34082 245</gx:coord>
<gx:coord >17.510147 47.345627 214</gx:coord>
<gx:coord >17.5077 47.350516 184</gx:coord>
<gx:coord >17.506714 47.352264 176</gx:coord>
<gx:coord >17.49615 47.372442 191</gx:coord>
<gx:coord >17.495178 47.374283 229</gx:coord>
<gx:coord >17.494601 47.375374 245</gx:coord>
<gx:coord >17.493826 47.376864 290</gx:coord>
<gx:coord >17.492706 47.379044 351</gx:coord>
<gx:coord >17.491608 47.381882 412</gx:coord>
<gx:coord >17.491196 47.38385 435</gx:coord>
<gx:coord >17.491127 47.38591 466</gx:coord>
<gx:coord >17.491402 47.387833 504</gx:coord>
<gx:coord >17.491995 47.389852 527</gx:coord>
<gx:coord >17.493051 47.39204 549</gx:coord>
<gx:coord >17.494037 47.39367 572</gx:coord>
<gx:coord >17.495728 47.395671 595</gx:coord>
<gx:coord >17.49784 47.397766 610</gx:coord>
<gx:coord >17.500094 47.399535 626</gx:coord>
<gx:coord >17.502629 47.401118 641</gx:coord>
<gx:coord >17.505272 47.40239 648</gx:coord>
<gx:coord >17.508636 47.403717 656</gx:coord>
<gx:coord >17.511589 47.404587 656</gx:coord>
<gx:coord >17.514816 47.405273 656</gx:coord>
<gx:coord >17.517771 47.40568 656</gx:coord>
<gx:coord >17.521133 47.405869 656</gx:coord>
<gx:coord >17.524672 47.40582 664</gx:coord>
<gx:coord >17.528 47.405457 664</gx:coord>
<gx:coord >17.531363 47.404889 656</gx:coord>
<gx:coord >17.534321 47.404144 656</gx:coord>
<gx:coord >17.536574 47.403399 656</gx:coord>
<gx:coord >17.539109 47.402328 656</gx:coord>
<gx:coord >17.541801 47.40097 656</gx:coord>
<gx:coord >17.543687 47.399768 664</gx:coord>
<gx:coord >17.545853 47.398132 664</gx:coord>
<gx:coord >17.547842 47.396323 664</gx:coord>
<gx:coord >17.549767 47.393967 656</gx:coord>
<gx:coord >17.551716 47.391016 656</gx:coord>
<gx:coord >17.554367 47.386047 633</gx:coord>
<gx:coord >17.559929 47.375748 626</gx:coord>
<gx:coord >17.566864 47.363022 626</gx:coord>
<gx:coord >17.57579 47.34613 633</gx:coord>
<gx:coord >17.581627 47.335464 648</gx:coord>
<gx:coord >17.583412 47.332169 648</gx:coord>
<gx:coord >17.584648 47.32933 641</gx:coord>
<gx:coord >17.585335 47.326859 633</gx:coord>
<gx:coord >17.585541 47.324799 633</gx:coord>
<gx:coord >17.585403 47.323151 626</gx:coord>
<gx:coord >17.585027 47.321514 626</gx:coord>
<gx:coord >17.584442 47.319992 618</gx:coord>
<gx:coord >17.583689 47.318488 618</gx:coord>
<gx:coord >17.582588 47.317017 610</gx:coord>
<gx:coord >17.581294 47.315601 595</gx:coord>
<gx:coord >17.579322 47.313972 595</gx:coord>
<gx:coord >17.577702 47.312948 587</gx:coord>
<gx:coord >17.57579 47.311981 580</gx:coord>
<gx:coord >17.573799 47.311203 580</gx:coord>
<gx:coord >17.570984 47.310333 580</gx:coord>
<gx:coord >17.568031 47.309555 580</gx:coord>
<gx:coord >17.561927 47.308246 557</gx:coord>
<gx:coord >17.553062 47.306534 534</gx:coord>
<gx:coord >17.548943 47.305847 519</gx:coord>
<gx:coord >17.546786 47.305686 511</gx:coord>
<gx:coord >17.543758 47.305686 504</gx:coord>
<gx:coord >17.541574 47.305872 496</gx:coord>
<gx:coord >17.538506 47.306442 488</gx:coord>
<gx:coord >17.536926 47.306854 481</gx:coord>
<gx:coord >17.535347 47.307404 473</gx:coord>
<gx:coord >17.532806 47.308594 458</gx:coord>
<gx:coord >17.531292 47.309503 450</gx:coord>
<gx:coord >17.529179 47.311179 435</gx:coord>
<gx:coord >17.527519 47.31308 412</gx:coord>
<gx:coord >17.526644 47.314391 405</gx:coord>
<gx:coord >17.525185 47.316879 405</gx:coord>
<gx:coord >17.523545 47.319791 382</gx:coord>
<gx:coord >17.521221 47.323888 344</gx:coord>
<gx:coord >17.519417 47.327454 328</gx:coord>
<gx:coord >17.517357 47.331619 290</gx:coord>
<gx:coord >17.514954 47.33641 267</gx:coord>
<gx:coord >17.512619 47.340958 237</gx:coord>
<gx:coord >17.51001 47.345947 214</gx:coord>
<gx:coord >17.508756 47.348281 199</gx:coord>
<gx:coord >17.508757 47.348282 260</gx:coord>
<gx:coord >17.496414 47.371902 191</gx:coord>
<gx:coord >17.49559 47.373413 214</gx:coord>
<gx:coord >17.494882 47.374769 260</gx:coord>
<gx:coord >17.494037 47.376259 290</gx:coord>
<gx:coord >17.493256 47.37767 328</gx:coord>
<gx:coord >17.4925 47.379318 359</gx:coord>
<gx:coord >17.491882 47.382568 420</gx:coord>
<gx:coord >17.491925 47.384173 450</gx:coord>
<gx:coord >17.492226 47.385818 473</gx:coord>
<gx:coord >17.492706 47.387192 504</gx:coord>
<gx:coord >17.493544 47.388968 527</gx:coord>
<gx:coord >17.494766 47.390808 557</gx:coord>
<gx:coord >17.496221 47.392645 580</gx:coord>
<gx:coord >17.497277 47.393716 595</gx:coord>
<gx:coord >17.498756 47.395066 603</gx:coord>
<gx:coord >17.500053 47.396072 610</gx:coord>
<gx:coord >17.50284 47.397906 618</gx:coord>
<gx:coord >17.505446 47.399302 618</gx:coord>
<gx:coord >17.508156 47.400421 618</gx:coord>
<gx:coord >17.511292 47.40149 626</gx:coord>
<gx:coord >17.513968 47.402142 633</gx:coord>
<gx:coord >17.517278 47.402747 641</gx:coord>
<gx:coord >17.520517 47.403073 641</gx:coord>
<gx:coord >17.524038 47.403166 648</gx:coord>
<gx:coord >17.526644 47.40312 656</gx:coord>
<gx:coord >17.530678 47.402756 656</gx:coord>
<gx:coord >17.533898 47.402235 656</gx:coord>
<gx:coord >17.536446 47.401611 656</gx:coord>
<gx:coord >17.539884 47.400559 664</gx:coord>
<gx:coord >17.542842 47.399349 664</gx:coord>
<gx:coord >17.545715 47.397903 664</gx:coord>
<gx:coord >17.548256 47.396255 664</gx:coord>
<gx:coord >17.550797 47.394287 671</gx:coord>
<gx:coord >17.552631 47.392413 671</gx:coord>
<gx:coord >17.555166 47.389061 664</gx:coord>
<gx:coord >17.556504 47.386826 664</gx:coord>
<gx:coord >17.56235 47.3757 641</gx:coord>
<gx:coord >17.570378 47.360897 648</gx:coord>
<gx:coord >17.579224 47.343933 641</gx:coord>
<gx:coord >17.582932 47.336746 648</gx:coord>
<gx:coord >17.58397 47.334222 648</gx:coord>
<gx:coord >17.584579 47.331985 648</gx:coord>
<gx:coord >17.584745 47.330312 641</gx:coord>
<gx:coord >17.584579 47.328186 633</gx:coord>
<gx:coord >17.5839 47.32575 626</gx:coord>
<gx:coord >17.583275 47.324387 626</gx:coord>
<gx:coord >17.582245 47.322739 618</gx:coord>
<gx:coord >17.580801 47.321095 618</gx:coord>
<gx:coord >17.577988 47.318619 595</gx:coord>
<gx:coord >17.575942 47.31737 595</gx:coord>
<gx:coord >17.574211 47.316513 595</gx:coord>
<gx:coord >17.572014 47.315643 580</gx:coord>
<gx:coord >17.568375 47.314499 572</gx:coord>
<gx:coord >17.561028 47.312439 549</gx:coord>
<gx:coord >17.552994 47.310333 519</gx:coord>
<gx:coord >17.547067 47.308944 504</gx:coord>
<gx:coord >17.545029 47.30864 496</gx:coord>
<gx:coord >17.543243 47.308548 496</gx:coord>
<gx:coord >17.540222 47.30864 481</gx:coord>
<gx:coord >17.538264 47.308898 481</gx:coord>
<gx:coord >17.535347 47.309509 466</gx:coord>
<gx:coord >17.532912 47.310341 458</gx:coord>
<gx:coord >17.531926 47.31076 450</gx:coord>
<gx:coord >17.529854 47.311935 450</gx:coord>
<gx:coord >17.529099 47.312439 443</gx:coord>
<gx:coord >17.527841 47.31346 443</gx:coord>
<gx:coord >17.526695 47.314499 427</gx:coord>
<gx:coord >17.525528 47.315918 427</gx:coord>
<gx:coord >17.524531 47.31765 412</gx:coord>
<gx:coord >17.522163 47.322281 374</gx:coord>
<gx:coord >17.51976 47.326996 344</gx:coord>
<gx:coord >17.517418 47.331383 313</gx:coord>
<gx:coord >17.515297 47.335648 283</gx:coord>
<gx:coord >17.512841 47.340414 245</gx:coord>
<gx:coord >17.511177 47.343613 229</gx:coord>
<gx:coord >17.508967 47.347862 199</gx:coord>
<gx:coord >17.507469 47.3508 184</gx:coord>
<gx:coord >17.497375 47.370117 168</gx:coord>
<gx:coord >17.496277 47.372131 191</gx:coord>
<gx:coord >17.495235 47.374118 245</gx:coord>
<gx:coord >17.494742 47.375142 267</gx:coord>
<gx:coord >17.493896 47.376631 290</gx:coord>
<gx:coord >17.493122 47.378261 321</gx:coord>
<gx:coord >17.492558 47.380262 359</gx:coord>
<gx:coord >17.492347 47.382171 389</gx:coord>
<gx:coord >17.492363 47.38298 420</gx:coord>
<gx:coord >17.4925 47.384171 450</gx:coord>
<gx:coord >17.492775 47.385361 458</gx:coord>
<gx:coord >17.493256 47.387146 496</gx:coord>
<gx:coord >17.494286 47.389343 519</gx:coord>
<gx:coord >17.495516 47.391156 542</gx:coord>
<gx:coord >17.497206 47.393204 572</gx:coord>
<gx:coord >17.498685 47.394601 587</gx:coord>
<gx:coord >17.500305 47.395951 610</gx:coord>
<gx:coord >17.503143 47.397858 626</gx:coord>
<gx:coord >17.505821 47.399323 641</gx:coord>
<gx:coord >17.509186 47.400742 648</gx:coord>
<gx:coord >17.512207 47.401723 656</gx:coord>
<gx:coord >17.515587 47.402561 656</gx:coord>
<gx:coord >17.519417 47.403122 656</gx:coord>
<gx:coord >17.521292 47.403259 656</gx:coord>
<gx:coord >17.524602 47.403352 648</gx:coord>
<gx:coord >17.527912 47.40312 664</gx:coord>
<gx:coord >17.531785 47.402561 664</gx:coord>
<gx:coord >17.53425 47.402002 671</gx:coord>
<gx:coord >17.537407 47.401062 679</gx:coord>
<gx:coord >17.540359 47.399872 687</gx:coord>
<gx:coord >17.542625 47.398819 687</gx:coord>
<gx:coord >17.545097 47.3974 679</gx:coord>
<gx:coord >17.54749 47.395625 679</gx:coord>
<gx:coord >17.549561 47.393784 679</gx:coord>
<gx:coord >17.551293 47.391901 679</gx:coord>
<gx:coord >17.552994 47.389297 679</gx:coord>
<gx:coord >17.554779 47.385864 671</gx:coord>
<gx:coord >17.558547 47.378587 656</gx:coord>
<gx:coord >17.567702 47.361874 648</gx:coord>
<gx:coord >17.576928 47.344743 641</gx:coord>
<gx:coord >17.582421 47.334641 648</gx:coord>
<gx:coord >17.5839 47.331615 648</gx:coord>
<gx:coord >17.584854 47.329193 648</gx:coord>
<gx:coord >17.585335 47.327179 648</gx:coord>
<gx:coord >17.585472 47.324936 633</gx:coord>
<gx:coord >17.585197 47.322464 633</gx:coord>
<gx:coord >17.584675 47.320722 626</gx:coord>
<gx:coord >17.583961 47.319168 618</gx:coord>
<gx:coord >17.582863 47.317429 610</gx:coord>
<gx:coord >17.581558 47.315735 603</gx:coord>
<gx:coord >17.579604 47.313926 595</gx:coord>
<gx:coord >17.577843 47.312622 580</gx:coord>
<gx:coord >17.576546 47.311844 587</gx:coord>
<gx:coord >17.574392 47.31076 572</gx:coord>
<gx:coord >17.571716 47.309689 565</gx:coord>
<gx:coord >17.568688 47.308758 557</gx:coord>
<gx:coord >17.559998 47.306442 534</gx:coord>
<gx:coord >17.551434 47.304289 511</gx:coord>
<gx:coord >17.548265 47.303731 504</gx:coord>
<gx:coord >17.546265 47.303604 488</gx:coord>
<gx:coord >17.543724 47.303604 481</gx:coord>
<gx:coord >17.541458 47.303787 473</gx:coord>
<gx:coord >17.539604 47.304108 466</gx:coord>
<gx:coord >17.537819 47.30452 466</gx:coord>
<gx:coord >17.53587 47.30522 458</gx:coord>
<gx:coord >17.53256 47.306803 450</gx:coord>
<gx:coord >17.531845 47.307312 450</gx:coord>
<gx:coord >17.530815 47.308136 443</gx:coord>
<gx:coord >17.528827 47.310248 435</gx:coord>
<gx:coord >17.528 47.311478 435</gx:coord>
<gx:coord >17.527137 47.313041 427</gx:coord>
<gx:coord >17.527039 47.313354 427</gx:coord>
<gx:coord >17.525116 47.317337 397</gx:coord>
<gx:coord >17.524038 47.319232 374</gx:coord>
<gx:coord >17.521271 47.324066 351</gx:coord>
<gx:coord >17.518757 47.328962 321</gx:coord>
<gx:coord >17.516573 47.332919 298</gx:coord>
<gx:coord >17.51516 47.335739 275</gx:coord>
<gx:coord >17.512207 47.341644 237</gx:coord>
<gx:coord >17.511432 47.343393 222</gx:coord>
<gx:coord >17.509872 47.346222 206</gx:coord>
<gx:coord >17.509249 47.34735 199</gx:coord>
<gx:coord >17.496925 47.370952 199</gx:coord>
<gx:coord >17.495587 47.373512 237</gx:coord>
<gx:coord >17.494812 47.374956 275</gx:coord>
<gx:coord >17.494178 47.376445 306</gx:coord>
<gx:coord >17.493544 47.378168 328</gx:coord>
<gx:coord >17.493122 47.379657 366</gx:coord>
<gx:coord >17.492911 47.381333 405</gx:coord>
<gx:coord >17.492911 47.382963 435</gx:coord>
<gx:coord >17.493118 47.384674 458</gx:coord>
<gx:coord >17.493599 47.386276 473</gx:coord>
<gx:coord >17.494148 47.387833 496</gx:coord>
<gx:coord >17.494972 47.389343 527</gx:coord>
<gx:coord >17.496221 47.391063 549</gx:coord>
<gx:coord >17.496895 47.391907 565</gx:coord>
<gx:coord >17.499249 47.394275 587</gx:coord>
<gx:coord >17.50115 47.395811 603</gx:coord>
<gx:coord >17.503545 47.397347 626</gx:coord>
<gx:coord >17.50589 47.398544 633</gx:coord>
<gx:coord >17.508636 47.399689 641</gx:coord>
<gx:coord >17.51152 47.40065 648</gx:coord>
<gx:coord >17.515094 47.401537 656</gx:coord>
<gx:coord >17.518616 47.402095 656</gx:coord>
<gx:coord >17.522348 47.402328 656</gx:coord>
<gx:coord >17.52491 47.402252 656</gx:coord>
<gx:coord >17.528412 47.401932 648</gx:coord>
<gx:coord >17.531785 47.401397 648</gx:coord>
<gx:coord >17.53587 47.40042 648</gx:coord>
<gx:coord >17.538828 47.399489 648</gx:coord>
<gx:coord >17.541252 47.398499 648</gx:coord>
<gx:coord >17.543546 47.397347 648</gx:coord>
<gx:coord >17.545729 47.39609 648</gx:coord>
<gx:coord >17.548325 47.39415 641</gx:coord>
<gx:coord >17.550385 47.392319 648</gx:coord>
<gx:coord >17.551997 47.390457 648</gx:coord>
<gx:coord >17.553547 47.388223 648</gx:coord>
<gx:coord >17.555166 47.385197 641</gx:coord>
<gx:coord >17.558899 47.377945 626</gx:coord>
<gx:coord >17.565941 47.364947 633</gx:coord>
<gx:coord >17.571998 47.353867 633</gx:coord>
<gx:coord >17.578606 47.341873 633</gx:coord>
<gx:coord >17.5839 47.331848 648</gx:coord>
<gx:coord >17.584923 47.329788 648</gx:coord>
<gx:coord >17.585884 47.327179 633</gx:coord>
<gx:coord >17.586365 47.325098 633</gx:coord>
<gx:coord >17.586502 47.322876 618</gx:coord>
<gx:coord >17.586365 47.321281 618</gx:coord>
<gx:coord >17.58559 47.318348 610</gx:coord>
<gx:coord >17.584991 47.317154 610</gx:coord>
<gx:coord >17.583961 47.315369 603</gx:coord>
<gx:coord >17.582588 47.313583 595</gx:coord>
<gx:coord >17.580942 47.31197 580</gx:coord>
<gx:coord >17.579086 47.310516 572</gx:coord>
<gx:coord >17.577301 47.309464 565</gx:coord>
<gx:coord >17.575097 47.308386 557</gx:coord>
<gx:coord >17.573112 47.307587 549</gx:coord>
<gx:coord >17.569251 47.306477 542</gx:coord>
<gx:coord >17.563336 47.305034 534</gx:coord>
<gx:coord >17.554814 47.303125 511</gx:coord>
<gx:coord >17.550659 47.302322 504</gx:coord>
<gx:coord >17.547983 47.302055 496</gx:coord>
<gx:coord >17.545303 47.302002 481</gx:coord>
<gx:coord >17.543312 47.302139 473</gx:coord>
<gx:coord >17.540518 47.302613 466</gx:coord>
<gx:coord >17.538986 47.303009 458</gx:coord>
<gx:coord >17.537631 47.303451 458</gx:coord>
<gx:coord >17.533974 47.305298 450</gx:coord>
<gx:coord >17.532067 47.306803 435</gx:coord>
<gx:coord >17.530678 47.308228 443</gx:coord>
<gx:coord >17.529672 47.309643 427</gx:coord>
<gx:coord >17.528412 47.311844 435</gx:coord>
<gx:coord >17.527313 47.313904 420</gx:coord>
<gx:coord >17.525377 47.317231 389</gx:coord>
<gx:coord >17.522982 47.321327 366</gx:coord>
<gx:coord >17.520376 47.326122 336</gx:coord>
<gx:coord >17.517348 47.331895 306</gx:coord>
<gx:coord >17.515306 47.335852 283</gx:coord>
<gx:coord >17.513168 47.339905 245</gx:coord>
<gx:coord >17.510939 47.344371 214</gx:coord>
<gx:coord >17.509666 47.346725 199</gx:coord>
<gx:coord >17.509666 47.346725 199</gx:coord>
<gx:coord >17.49662 47.371582 214</gx:coord>
<gx:coord >17.495657 47.373466 260</gx:coord>
<gx:coord >17.495094 47.374537 283</gx:coord>
<gx:coord >17.494698 47.375381 306</gx:coord>
<gx:coord >17.494389 47.376119 328</gx:coord>
<gx:coord >17.493756 47.377656 366</gx:coord>
<gx:coord >17.493263 47.379471 397</gx:coord>
<gx:coord >17.493122 47.38138 427</gx:coord>
<gx:coord >17.493256 47.38298 450</gx:coord>
<gx:coord >17.493599 47.384674 481</gx:coord>
<gx:coord >17.494178 47.386314 504</gx:coord>
<gx:coord >17.49511 47.388199 534</gx:coord>
<gx:coord >17.495939 47.389433 549</gx:coord>
<gx:coord >17.497513 47.391312 580</gx:coord>
<gx:coord >17.499641 47.393372 610</gx:coord>
<gx:coord >17.502418 47.395345 626</gx:coord>
<gx:coord >17.504953 47.396789 641</gx:coord>
<gx:coord >17.50795 47.398087 648</gx:coord>
<gx:coord >17.51104 47.399231 664</gx:coord>
<gx:coord >17.513545 47.399908 664</gx:coord>
<gx:coord >17.516926 47.400606 664</gx:coord>
<gx:coord >17.520309 47.401016 664</gx:coord>
<gx:coord >17.523399 47.401154 664</gx:coord>
<gx:coord >17.526489 47.401062 664</gx:coord>
<gx:coord >17.529099 47.400787 671</gx:coord>
<gx:coord >17.532326 47.400238 671</gx:coord>
<gx:coord >17.536034 47.399323 671</gx:coord>
<gx:coord >17.538898 47.398278 671</gx:coord>
<gx:coord >17.541856 47.396975 671</gx:coord>
<gx:coord >17.5429 47.396393 671</gx:coord>
<gx:coord >17.545853 47.394562 671</gx:coord>
<gx:coord >17.547844 47.39296 671</gx:coord>
<gx:coord >17.549532 47.391249 671</gx:coord>
<gx:coord >17.55114 47.389206 671</gx:coord>
<gx:coord >17.552788 47.386597 664</gx:coord>
<gx:coord >17.55573 47.380821 664</gx:coord>
<gx:coord >17.564667 47.364029 656</gx:coord>
<gx:coord >17.572632 47.348933 641</gx:coord>
<gx:coord >17.57943 47.336105 656</gx:coord>
<gx:coord >17.580528 47.333954 648</gx:coord>
<gx:coord >17.58197 47.331024 648</gx:coord>
<gx:coord >17.582863 47.328506 648</gx:coord>
<gx:coord >17.583125 47.326495 648</gx:coord>
<gx:coord >17.583055 47.325005 648</gx:coord>
<gx:coord >17.582773 47.323189 648</gx:coord>
<gx:coord >17.582245 47.32164 633</gx:coord>
<gx:coord >17.581505 47.320117 633</gx:coord>
<gx:coord >17.580379 47.318488 626</gx:coord>
<gx:coord >17.578829 47.316812 618</gx:coord>
<gx:coord >17.576787 47.315136 610</gx:coord>
<gx:coord >17.57559 47.314298 610</gx:coord>
<gx:coord >17.573547 47.313274 603</gx:coord>
<gx:coord >17.571808 47.312531 595</gx:coord>
<gx:coord >17.570167 47.311924 595</gx:coord>
<gx:coord >17.56728 47.311132 580</gx:coord>
<gx:coord >17.558054 47.309038 565</gx:coord>
<gx:coord >17.549039 47.306989 519</gx:coord>
<gx:coord >17.545097 47.306305 519</gx:coord>
<gx:coord >17.542969 47.306122 504</gx:coord>
<gx:coord >17.540359 47.306122 488</gx:coord>
<gx:coord >17.538687 47.306291 488</gx:coord>
<gx:coord >17.536652 47.306625 481</gx:coord>
<gx:coord >17.534866 47.307083 473</gx:coord>
<gx:coord >17.532188 47.308136 466</gx:coord>
<gx:coord >17.530678 47.308868 458</gx:coord>
<gx:coord >17.528343 47.310654 450</gx:coord>
<gx:coord >17.527794 47.311203 450</gx:coord>
<gx:coord >17.526695 47.312668 443</gx:coord>
<gx:coord >17.526077 47.313858 435</gx:coord>
<gx:coord >17.525391 47.315598 420</gx:coord>
<gx:coord >17.523674 47.320038 382</gx:coord>
<gx:coord >17.522207 47.322631 359</gx:coord>
<gx:coord >17.519897 47.326721 336</gx:coord>
<gx:coord >17.518181 47.329971 313</gx:coord>
<gx:coord >17.515728 47.334595 275</gx:coord>
<gx:coord >17.513193 47.339715 245</gx:coord>
<gx:coord >17.510628 47.344757 214</gx:coord>
<gx:coord >17.508018 47.349701 191</gx:coord>
<gx:coord >17.495939 47.372814 199</gx:coord>
<gx:coord >17.495178 47.374283 237</gx:coord>
<gx:coord >17.494492 47.375839 267</gx:coord>
<gx:coord >17.493896 47.377237 298</gx:coord>
<gx:coord >17.493544 47.378633 328</gx:coord>
<gx:coord >17.493324 47.380188 351</gx:coord>
<gx:coord >17.493404 47.381799 389</gx:coord>
<gx:coord >17.493756 47.383381 427</gx:coord>
<gx:coord >17.494249 47.384918 450</gx:coord>
<gx:coord >17.495041 47.386642 473</gx:coord>
<gx:coord >17.496291 47.388409 504</gx:coord>
<gx:coord >17.497981 47.390271 534</gx:coord>
<gx:coord >17.499504 47.391632 557</gx:coord>
<gx:coord >17.501701 47.393143 595</gx:coord>
<gx:coord >17.503006 47.393967 603</gx:coord>
<gx:coord >17.504997 47.39502 610</gx:coord>
<gx:coord >17.506714 47.395798 618</gx:coord>
<gx:coord >17.509598 47.396942 626</gx:coord>
<gx:coord >17.51263 47.397813 633</gx:coord>
<gx:coord >17.51516 47.398407 648</gx:coord>
<gx:coord >17.519691 47.399094 648</gx:coord>
<gx:coord >17.522575 47.399323 656</gx:coord>
<gx:coord >17.526421 47.399368 656</gx:coord>
<gx:coord >17.529922 47.399094 656</gx:coord>
<gx:coord >17.533356 47.398636 656</gx:coord>
<gx:coord >17.536514 47.397949 656</gx:coord>
<gx:coord >17.539602 47.396975 656</gx:coord>
<gx:coord >17.543449 47.395432 656</gx:coord>
<gx:coord >17.546059 47.393967 656</gx:coord>
<gx:coord >17.548393 47.392456 656</gx:coord>
<gx:coord >17.550522 47.390717 656</gx:coord>
<gx:coord >17.552279 47.388921 656</gx:coord>
<gx:coord >17.554436 47.38623 656</gx:coord>
<gx:coord >17.556716 47.382637 656</gx:coord>
<gx:coord >17.559955 47.376818 656</gx:coord>
<gx:coord >17.568688 47.360012 648</gx:coord>
<gx:coord >17.577164 47.344208 648</gx:coord>
<gx:coord >17.58197 47.335373 648</gx:coord>
<gx:coord >17.582863 47.333588 648</gx:coord>
<gx:coord >17.583824 47.330841 641</gx:coord>
<gx:coord >17.584099 47.329514 641</gx:coord>
<gx:coord >17.584111 47.3271 633</gx:coord>
<gx:coord >17.5839 47.325657 633</gx:coord>
<gx:coord >17.583481 47.324112 618</gx:coord>
<gx:coord >17.582382 47.32196 610</gx:coord>
<gx:coord >17.581352 47.320541 610</gx:coord>
<gx:coord >17.580449 47.319465 603</gx:coord>
<gx:coord >17.578194 47.317566 595</gx:coord>
<gx:coord >17.576576 47.316532 587</gx:coord>
<gx:coord >17.575172 47.315735 587</gx:coord>
<gx:coord >17.572632 47.314717 580</gx:coord>
<gx:coord >17.570572 47.314041 572</gx:coord>
<gx:coord >17.566153 47.312901 565</gx:coord>
<gx:coord >17.55735 47.310667 534</gx:coord>
<gx:coord >17.548335 47.308293 519</gx:coord>
<gx:coord >17.546152 47.307967 504</gx:coord>
<gx:coord >17.54425 47.307827 496</gx:coord>
<gx:coord >17.542067 47.307827 488</gx:coord>
<gx:coord >17.539192 47.308044 473</gx:coord>
<gx:coord >17.535553 47.308823 458</gx:coord>
<gx:coord >17.532532 47.309921 450</gx:coord>
<gx:coord >17.528898 47.31211 435</gx:coord>
<gx:coord >17.526421 47.314636 420</gx:coord>
<gx:coord >17.525447 47.316207 405</gx:coord>
<gx:coord >17.519883 47.326821 336</gx:coord>
<gx:coord >17.517278 47.331941 306</gx:coord>
<gx:coord >17.514679 47.336929 267</gx:coord>
<gx:coord >17.512138 47.341827 237</gx:coord>
<gx:coord >17.511864 47.342422 229</gx:coord>
<gx:coord >17.496573 47.37165 214</gx:coord>
<gx:coord >17.495798 47.373 229</gx:coord>
<gx:coord >17.495023 47.374583 267</gx:coord>
<gx:coord >17.49353 47.377533 328</gx:coord>
<gx:coord >17.492981 47.379052 366</gx:coord>
<gx:coord >17.492629 47.380588 397</gx:coord>
<gx:coord >17.492775 47.384262 458</gx:coord>
<gx:coord >17.493324 47.38623 488</gx:coord>
<gx:coord >17.493805 47.387146 511</gx:coord>
<gx:coord >17.494835 47.389069 534</gx:coord>
<gx:coord >17.496414 47.391129 572</gx:coord>
<gx:coord >17.498263 47.393018 587</gx:coord>
<gx:coord >17.499435 47.394058 603</gx:coord>
<gx:coord >17.501633 47.39566 626</gx:coord>
<gx:coord >17.504585 47.397446 641</gx:coord>
<gx:coord >17.507348 47.398744 656</gx:coord>
<gx:coord >17.50898 47.399368 664</gx:coord>
<gx:coord >17.51207 47.400421 664</gx:coord>
<gx:coord >17.515366 47.401199 664</gx:coord>
<gx:coord >17.519142 47.401794 664</gx:coord>
<gx:coord >17.521133 47.401978 671</gx:coord>
<gx:coord >17.523757 47.402095 671</gx:coord>
<gx:coord >17.526901 47.402023 671</gx:coord>
<gx:coord >17.531021 47.401657 679</gx:coord>
<gx:coord >17.534321 47.401118 671</gx:coord>
<gx:coord >17.537613 47.400284 671</gx:coord>
<gx:coord >17.540703 47.399231 664</gx:coord>
<gx:coord >17.543265 47.398139 664</gx:coord>
<gx:coord >17.546222 47.396556 664</gx:coord>
<gx:coord >17.548119 47.395294 664</gx:coord>
<gx:coord >17.550385 47.393555 664</gx:coord>
<gx:coord >17.55217 47.391769 664</gx:coord>
<gx:coord >17.553265 47.390504 664</gx:coord>
<gx:coord >17.555191 47.38765 664</gx:coord>
<gx:coord >17.557068 47.384266 656</gx:coord>
<gx:coord >17.56144 47.375519 641</gx:coord>
<gx:coord >17.57016 47.35849 648</gx:coord>
<gx:coord >17.5789 47.341997 648</gx:coord>
<gx:coord >17.581215 47.337387 648</gx:coord>
<gx:coord >17.583477 47.33264 648</gx:coord>
<gx:coord >17.584322 47.330219 648</gx:coord>
<gx:coord >17.584815 47.327705 633</gx:coord>
<gx:coord >17.584815 47.325703 626</gx:coord>
<gx:coord >17.584393 47.323562 618</gx:coord>
<gx:coord >17.58403 47.322327 610</gx:coord>
<gx:coord >17.582562 47.319651 595</gx:coord>
<gx:coord >17.58149 47.318253 587</gx:coord>
<gx:coord >17.580167 47.316905 580</gx:coord>
<gx:coord >17.577069 47.314624 565</gx:coord>
<gx:coord >17.575378 47.313675 557</gx:coord>
<gx:coord >17.572083 47.312302 534</gx:coord>
<gx:coord >17.569533 47.311458 527</gx:coord>
<gx:coord >17.56242 47.30941 527</gx:coord>
<gx:coord >17.554573 47.30722 488</gx:coord>
<gx:coord >17.550589 47.306151 481</gx:coord>
<gx:coord >17.547772 47.305639 466</gx:coord>
<gx:coord >17.544685 47.305435 458</gx:coord>
<gx:coord >17.542625 47.305481 450</gx:coord>
<gx:coord >17.540588 47.305686 443</gx:coord>
<gx:coord >17.53594 47.306943 435</gx:coord>
<gx:coord >17.531021 47.310013 435</gx:coord>
<gx:coord >17.530377 47.310667 435</gx:coord>
<gx:coord >17.52932 47.311924 427</gx:coord>
<gx:coord >17.527382 47.314499 412</gx:coord>
<gx:coord >17.525597 47.317108 389</gx:coord>
<gx:coord >17.522841 47.321653 359</gx:coord>
<gx:coord >17.521926 47.323189 359</gx:coord>
<gx:coord >17.520517 47.32575 328</gx:coord>
<gx:coord >17.515778 47.334869 275</gx:coord>
<gx:coord >17.513855 47.338669 245</gx:coord>
<gx:coord >17.511432 47.343347 222</gx:coord>
<gx:coord >17.506996 47.351633 229</gx:coord>
<gx:coord >17.505798 47.354007 275</gx:coord>
<gx:coord >17.504953 47.355636 321</gx:coord>
<gx:coord >17.504319 47.356893 336</gx:coord>
<gx:coord >17.503624 47.358307 382</gx:coord>
<gx:coord >17.503281 47.358994 389</gx:coord>
<gx:coord >17.502937 47.359589 412</gx:coord>
<gx:coord >17.502629 47.360245 412</gx:coord>
<gx:coord >17.501495 47.362473 450</gx:coord>
<gx:coord >17.500516 47.364528 488</gx:coord>
<gx:coord >17.49953 47.366483 519</gx:coord>
<gx:coord >17.498545 47.368392 549</gx:coord>
<gx:coord >17.497169 47.371078 565</gx:coord>
<gx:coord >17.496784 47.371883 580</gx:coord>
<gx:coord >17.495798 47.373699 587</gx:coord>
<gx:coord >17.494882 47.375374 610</gx:coord>
<gx:coord >17.493805 47.377396 626</gx:coord>
<gx:coord >17.493122 47.37868 641</gx:coord>
<gx:coord >17.49202 47.381195 656</gx:coord>
<gx:coord >17.491333 47.383575 656</gx:coord>
<gx:coord >17.491079 47.385802 664</gx:coord>
<gx:coord >17.491127 47.38797 664</gx:coord>
<gx:coord >17.491502 47.390271 664</gx:coord>
<gx:coord >17.492347 47.392552 664</gx:coord>
<gx:coord >17.494011 47.395523 671</gx:coord>
<gx:coord >17.495657 47.397533 679</gx:coord>
<gx:coord >17.497513 47.399368 679</gx:coord>
<gx:coord >17.499435 47.400879 679</gx:coord>
<gx:coord >17.501015 47.401978 671</gx:coord>
<gx:coord >17.503967 47.403539 671</gx:coord>
<gx:coord >17.506027 47.404449 671</gx:coord>
<gx:coord >17.508568 47.405319 671</gx:coord>
<gx:coord >17.511452 47.406097 671</gx:coord>
<gx:coord >17.514461 47.406658 671</gx:coord>
<gx:coord >17.517207 47.406983 671</gx:coord>
<gx:coord >17.520517 47.40717 671</gx:coord>
<gx:coord >17.524155 47.407059 671</gx:coord>
<gx:coord >17.526855 47.406797 671</gx:coord>
<gx:coord >17.529579 47.406372 664</gx:coord>
<gx:coord >17.533968 47.405261 664</gx:coord>
<gx:coord >17.535799 47.404656 664</gx:coord>
<gx:coord >17.540307 47.402608 656</gx:coord>
<gx:coord >17.541801 47.401794 656</gx:coord>
<gx:coord >17.544067 47.400192 656</gx:coord>
<gx:coord >17.546293 47.398278 656</gx:coord>
<gx:coord >17.547772 47.396695 656</gx:coord>
<gx:coord >17.549286 47.394653 656</gx:coord>
<gx:coord >17.551434 47.391063 648</gx:coord>
<gx:coord >17.556504 47.381612 648</gx:coord>
<gx:coord >17.565628 47.364761 656</gx:coord>
<gx:coord >17.574392 47.348048 648</gx:coord>
<gx:coord >17.580116 47.336975 648</gx:coord>
<gx:coord >17.58149 47.334045 648</gx:coord>
<gx:coord >17.582382 47.331802 648</gx:coord>
<gx:coord >17.582794 47.329651 641</gx:coord>
<gx:coord >17.582914 47.328124 641</gx:coord>
<gx:coord >17.582773 47.326541 633</gx:coord>
<gx:coord >17.582314 47.324615 626</gx:coord>
<gx:coord >17.581696 47.323105 626</gx:coord>
<gx:coord >17.580322 47.320953 610</gx:coord>
<gx:coord >17.578829 47.319279 603</gx:coord>
<gx:coord >17.577139 47.317882 595</gx:coord>
<gx:coord >17.57559 47.316812 595</gx:coord>
<gx:coord >17.573195 47.315555 580</gx:coord>
<gx:coord >17.570984 47.314636 572</gx:coord>
<gx:coord >17.568195 47.313739 565</gx:coord>
<gx:coord >17.565971 47.313171 549</gx:coord>
<gx:coord >17.558487 47.31134 511</gx:coord>
<gx:coord >17.55114 47.309555 488</gx:coord>
<gx:coord >17.547138 47.308805 466</gx:coord>
<gx:coord >17.544884 47.308619 466</gx:coord>
<gx:coord >17.5429 47.308594 458</gx:coord>
<gx:coord >17.540771 47.308731 458</gx:coord>
<gx:coord >17.538687 47.309084 450</gx:coord>
<gx:coord >17.535553 47.30983 450</gx:coord>
<gx:coord >17.532188 47.311249 435</gx:coord>
<gx:coord >17.528618 47.313675 420</gx:coord>
<gx:coord >17.527278 47.314903 412</gx:coord>
<gx:coord >17.525236 47.317231 397</gx:coord>
<gx:coord >17.523123 47.320489 382</gx:coord>
<gx:coord >17.522781 47.321091 374</gx:coord>
<gx:coord >17.522781 47.321091 450</gx:coord>
<gx:coord >17.512277 47.348979 420</gx:coord>
<gx:coord >17.513686 47.348235 435</gx:coord>
<gx:coord >17.516573 47.346838 458</gx:coord>
<gx:coord >17.521339 47.345352 504</gx:coord>
<gx:coord >17.524743 47.344697 557</gx:coord>
<gx:coord >17.527982 47.344231 580</gx:coord>
<gx:coord >17.528755 47.344162 587</gx:coord>
<gx:coord >17.533335 47.343905 610</gx:coord>
<gx:coord >17.536574 47.343998 626</gx:coord>
<gx:coord >17.539673 47.344231 648</gx:coord>
<gx:coord >17.542912 47.344557 664</gx:coord>
<gx:coord >17.547067 47.344929 664</gx:coord>
<gx:coord >17.550377 47.345069 671</gx:coord>
<gx:coord >17.553194 47.344929 671</gx:coord>
<gx:coord >17.556015 47.344574 671</gx:coord>
<gx:coord >17.558617 47.344091 671</gx:coord>
<gx:coord >17.560753 47.343613 671</gx:coord>
<gx:coord >17.563087 47.342834 671</gx:coord>
<gx:coord >17.565353 47.341873 671</gx:coord>
<gx:coord >17.567913 47.340553 664</gx:coord>
<gx:coord >17.570519 47.338784 664</gx:coord>
<gx:coord >17.572209 47.337388 664</gx:coord>
<gx:coord >17.573593 47.335922 664</gx:coord>
<gx:coord >17.574815 47.334269 664</gx:coord>
<gx:coord >17.576083 47.332453 656</gx:coord>
<gx:coord >17.577491 47.329195 648</gx:coord>
<gx:coord >17.577632 47.328124 648</gx:coord>
<gx:coord >17.577782 47.326538 648</gx:coord>
<gx:coord >17.577438 47.323929 648</gx:coord>
<gx:coord >17.576787 47.322072 641</gx:coord>
<gx:coord >17.57559 47.319884 641</gx:coord>
<gx:coord >17.574533 47.318627 633</gx:coord>
<gx:coord >17.572838 47.316925 626</gx:coord>
<gx:coord >17.571396 47.315826 618</gx:coord>
<gx:coord >17.567068 47.3136 603</gx:coord>
<gx:coord >17.565765 47.313126 603</gx:coord>
<gx:coord >17.563758 47.312576 595</gx:coord>
<gx:coord >17.561012 47.31197 587</gx:coord>
<gx:coord >17.555026 47.3109 580</gx:coord>
<gx:coord >17.547569 47.309692 549</gx:coord>
<gx:coord >17.544884 47.30941 542</gx:coord>
<gx:coord >17.543335 47.309317 534</gx:coord>
<gx:coord >17.541115 47.309418 527</gx:coord>
<gx:coord >17.539955 47.30955 519</gx:coord>
<gx:coord >17.537819 47.309875 511</gx:coord>
<gx:coord >17.535306 47.310434 504</gx:coord>
<gx:coord >17.533194 47.311132 496</gx:coord>
<gx:coord >17.531227 47.312027 488</gx:coord>
<gx:coord >17.52951 47.312897 481</gx:coord>
<gx:coord >17.527931 47.314041 466</gx:coord>
<gx:coord >17.525871 47.31601 458</gx:coord>
<gx:coord >17.524743 47.317557 443</gx:coord>
<gx:coord >17.524223 47.318481 435</gx:coord>
<gx:coord >17.522026 47.322922 405</gx:coord>
<gx:coord >17.520376 47.325936 374</gx:coord>
<gx:coord >17.518404 47.3298 336</gx:coord>
<gx:coord >17.516464 47.333633 306</gx:coord>
<gx:coord >17.51516 47.336014 290</gx:coord>
<gx:coord >17.513031 47.340134 260</gx:coord>
<gx:coord >17.510765 47.344666 229</gx:coord>
<gx:coord >17.510765 47.344666 542</gx:coord>
<gx:coord >17.495934 47.372772 10996</gx:coord>
<gx:coord >17.49511 47.374329 245</gx:coord>
<gx:coord >17.492981 47.379052 336</gx:coord>
<gx:coord >17.492363 47.383026 397</gx:coord>
<gx:coord >17.492629 47.385476 427</gx:coord>
<gx:coord >17.493051 47.387013 450</gx:coord>
<gx:coord >17.493967 47.389294 481</gx:coord>
<gx:coord >17.495516 47.391621 519</gx:coord>
<gx:coord >17.496689 47.393051 534</gx:coord>
<gx:coord >17.498268 47.394562 549</gx:coord>
<gx:coord >17.501839 47.397217 587</gx:coord>
<gx:coord >17.503967 47.398453 603</gx:coord>
<gx:coord >17.50608 47.399489 618</gx:coord>
<gx:coord >17.509598 47.400787 633</gx:coord>
<gx:coord >17.51207 47.401474 656</gx:coord>
<gx:coord >17.515658 47.402235 664</gx:coord>
<gx:coord >17.519038 47.402654 664</gx:coord>
<gx:coord >17.522419 47.402747 664</gx:coord>
<gx:coord >17.525116 47.402664 664</gx:coord>
<gx:coord >17.528481 47.402298 671</gx:coord>
<gx:coord >17.531502 47.401749 671</gx:coord>
<gx:coord >17.534743 47.400932 664</gx:coord>
<gx:coord >17.537132 47.400055 671</gx:coord>
<gx:coord >17.541152 47.398139 664</gx:coord>
<gx:coord >17.543546 47.396556 664</gx:coord>
<gx:coord >17.545307 47.395159 671</gx:coord>
<gx:coord >17.547138 47.393344 671</gx:coord>
<gx:coord >17.548668 47.391449 664</gx:coord>
<gx:coord >17.550166 47.388875 664</gx:coord>
<gx:coord >17.550659 47.387741 664</gx:coord>
<gx:coord >17.556152 47.375519 664</gx:coord>
<gx:coord >17.561786 47.363364 656</gx:coord>
<gx:coord >17.57016 47.346359 648</gx:coord>
<gx:coord >17.575928 47.335052 648</gx:coord>
<gx:coord >17.578056 47.330475 648</gx:coord>
<gx:coord >17.579018 47.327316 641</gx:coord>
<gx:coord >17.579111 47.325703 641</gx:coord>
<gx:coord >17.57888 47.323196 633</gx:coord>
<gx:coord >17.578618 47.322026 618</gx:coord>
<gx:coord >17.577491 47.319372 618</gx:coord>
<gx:coord >17.576716 47.318255 610</gx:coord>
<gx:coord >17.57566 47.316858 603</gx:coord>
<gx:coord >17.574463 47.315648 603</gx:coord>
<gx:coord >17.572701 47.314224 587</gx:coord>
<gx:coord >17.570871 47.313041 587</gx:coord>
<gx:coord >17.569611 47.312393 580</gx:coord>
<gx:coord >17.567491 47.311551 580</gx:coord>
<gx:coord >17.565941 47.311039 580</gx:coord>
<gx:coord >17.563477 47.310341 572</gx:coord>
<gx:coord >17.556839 47.308777 549</gx:coord>
<gx:coord >17.549492 47.307083 519</gx:coord>
<gx:coord >17.54702 47.306671 511</gx:coord>
<gx:coord >17.544321 47.306477 504</gx:coord>
<gx:coord >17.542351 47.306488 504</gx:coord>
<gx:coord >17.53981 47.306717 496</gx:coord>
<gx:coord >17.537888 47.307083 488</gx:coord>
<gx:coord >17.535347 47.307724 481</gx:coord>
<gx:coord >17.532701 47.308665 473</gx:coord>
<gx:coord >17.530609 47.309555 466</gx:coord>
<gx:coord >17.528 47.311203 450</gx:coord>
<gx:coord >17.525588 47.313879 435</gx:coord>
<gx:coord >17.525459 47.314133 435</gx:coord>
<gx:coord >17.524884 47.315322 427</gx:coord>
<gx:coord >17.523605 47.318802 412</gx:coord>
<gx:coord >17.523399 47.319397 412</gx:coord>
<gx:coord >17.495164 47.375002 313</gx:coord>
<gx:coord >17.494601 47.376957 344</gx:coord>
<gx:coord >17.49456 47.377945 366</gx:coord>
<gx:coord >17.494629 47.379501 405</gx:coord>
<gx:coord >17.495446 47.382404 450</gx:coord>
<gx:coord >17.49662 47.384628 488</gx:coord>
<gx:coord >17.497925 47.386414 527</gx:coord>
<gx:coord >17.499916 47.388428 549</gx:coord>
<gx:coord >17.501907 47.389938 580</gx:coord>
<gx:coord >17.504585 47.391495 603</gx:coord>
<gx:coord >17.506783 47.392548 618</gx:coord>
<gx:coord >17.509117 47.393417 633</gx:coord>
<gx:coord >17.51108 47.394088 641</gx:coord>
<gx:coord >17.51432 47.39488 648</gx:coord>
<gx:coord >17.517632 47.395477 664</gx:coord>
<gx:coord >17.52101 47.395764 664</gx:coord>
<gx:coord >17.523125 47.395798 671</gx:coord>
<gx:coord >17.526222 47.395671 671</gx:coord>
<gx:coord >17.529179 47.395345 671</gx:coord>
<gx:coord >17.531926 47.394833 671</gx:coord>
<gx:coord >17.535141 47.393967 671</gx:coord>
<gx:coord >17.537338 47.393188 679</gx:coord>
<gx:coord >17.539602 47.39218 679</gx:coord>
<gx:coord >17.542208 47.390783 679</gx:coord>
<gx:coord >17.544391 47.389387 671</gx:coord>
<gx:coord >17.546608 47.38765 671</gx:coord>
<gx:coord >17.54805 47.386276 671</gx:coord>
<gx:coord >17.549744 47.384266 664</gx:coord>
<gx:coord >17.55114 47.382156 664</gx:coord>
<gx:coord >17.554642 47.375793 656</gx:coord>
<gx:coord >17.559586 47.366135 641</gx:coord>
<gx:coord >17.567702 47.349538 633</gx:coord>
<gx:coord >17.572843 47.33925 626</gx:coord>
<gx:coord >17.576364 47.332546 626</gx:coord>
<gx:coord >17.57785 47.329376 618</gx:coord>
<gx:coord >17.578548 47.327193 618</gx:coord>
<gx:coord >17.578829 47.324772 603</gx:coord>
<gx:coord >17.578618 47.322724 595</gx:coord>
<gx:coord >17.578125 47.320724 595</gx:coord>
<gx:coord >17.577632 47.319558 587</gx:coord>
<gx:coord >17.57682 47.318069 587</gx:coord>
<gx:coord >17.576012 47.316951 587</gx:coord>
<gx:coord >17.575104 47.315918 580</gx:coord>
<gx:coord >17.572984 47.314019 572</gx:coord>
<gx:coord >17.57222 47.313446 565</gx:coord>
<gx:coord >17.570709 47.312485 565</gx:coord>
<gx:coord >17.568547 47.311412 557</gx:coord>
<gx:coord >17.566364 47.310574 542</gx:coord>
<gx:coord >17.564955 47.310155 534</gx:coord>
<gx:coord >17.563568 47.309784 534</gx:coord>
<gx:coord >17.560753 47.30928 527</gx:coord>
<gx:coord >17.550934 47.307678 519</gx:coord>
<gx:coord >17.547279 47.307269 511</gx:coord>
<gx:coord >17.545097 47.30722 504</gx:coord>
<gx:coord >17.542351 47.307404 496</gx:coord>
<gx:coord >17.54084 47.307632 488</gx:coord>
<gx:coord >17.539536 47.307907 488</gx:coord>
<gx:coord >17.538025 47.308365 481</gx:coord>
<gx:coord >17.536102 47.309097 481</gx:coord>
<gx:coord >17.532875 47.310699 473</gx:coord>
<gx:coord >17.530588 47.312157 466</gx:coord>
<gx:coord >17.528549 47.313675 458</gx:coord>
<gx:coord >17.525597 47.316605 435</gx:coord>
<gx:coord >17.524704 47.317749 427</gx:coord>
<gx:coord >17.523468 47.319809 420</gx:coord>
<gx:coord >17.52256 47.32156 412</gx:coord>
<gx:coord >17.521644 47.323702 382</gx:coord>
<gx:coord >17.51939 47.328171 351</gx:coord>
<gx:coord >17.517494 47.331711 321</gx:coord>
<gx:coord >17.51564 47.335281 290</gx:coord>
<gx:coord >17.51439 47.337481 267</gx:coord>
<gx:coord >17.512841 47.340553 245</gx:coord>
<gx:coord >17.509531 47.346885 199</gx:coord>
<gx:coord >17.509531 47.346886 199</gx:coord>
<gx:coord >17.495316 47.374054 298</gx:coord>
<gx:coord >17.494601 47.375607 328</gx:coord>
<gx:coord >17.493736 47.37886 389</gx:coord>
<gx:coord >17.493805 47.381424 435</gx:coord>
<gx:coord >17.494389 47.3838 466</gx:coord>
<gx:coord >17.495247 47.386002 504</gx:coord>
<gx:coord >17.496925 47.388409 534</gx:coord>
<gx:coord >17.498405 47.389893 557</gx:coord>
<gx:coord >17.500191 47.391357 587</gx:coord>
<gx:coord >17.502594 47.39296 603</gx:coord>
<gx:coord >17.505615 47.39447 626</gx:coord>
<gx:coord >17.507401 47.395203 633</gx:coord>
<gx:coord >17.510422 47.396255 648</gx:coord>
<gx:coord >17.513404 47.396975 664</gx:coord>
<gx:coord >17.518052 47.397673 664</gx:coord>
<gx:coord >17.521545 47.397858 664</gx:coord>
<gx:coord >17.524813 47.397766 664</gx:coord>
<gx:coord >17.527348 47.397533 671</gx:coord>
<gx:coord >17.53157 47.396805 671</gx:coord>
<gx:coord >17.534729 47.395889 671</gx:coord>
<gx:coord >17.537476 47.394928 679</gx:coord>
<gx:coord >17.540291 47.393692 671</gx:coord>
<gx:coord >17.541926 47.392785 671</gx:coord>
<gx:coord >17.544391 47.391156 671</gx:coord>
<gx:coord >17.546504 47.38948 671</gx:coord>
<gx:coord >17.548737 47.387238 671</gx:coord>
<gx:coord >17.550237 47.385337 671</gx:coord>
<gx:coord >17.551786 47.382683 671</gx:coord>
<gx:coord >17.553818 47.378998 671</gx:coord>
<gx:coord >17.559603 47.368299 656</gx:coord>
<gx:coord >17.565448 47.357173 648</gx:coord>
<gx:coord >17.57373 47.340546 641</gx:coord>
<gx:coord >17.578537 47.331024 633</gx:coord>
<gx:coord >17.579086 47.329285 633</gx:coord>
<gx:coord >17.57943 47.327271 626</gx:coord>
<gx:coord >17.579393 47.325936 618</gx:coord>
<gx:coord >17.57897 47.323795 610</gx:coord>
<gx:coord >17.578331 47.32196 610</gx:coord>
<gx:coord >17.577139 47.319745 603</gx:coord>
<gx:coord >17.576083 47.318301 603</gx:coord>
<gx:coord >17.574181 47.3163 595</gx:coord>
<gx:coord >17.573195 47.315555 587</gx:coord>
<gx:coord >17.571364 47.314298 580</gx:coord>
<gx:coord >17.57016 47.313629 580</gx:coord>
<gx:coord >17.568406 47.312855 572</gx:coord>
<gx:coord >17.566294 47.312157 565</gx:coord>
<gx:coord >17.564181 47.311644 557</gx:coord>
<gx:coord >17.559603 47.310713 542</gx:coord>
<gx:coord >17.549462 47.309038 519</gx:coord>
<gx:coord >17.545372 47.308365 519</gx:coord>
<gx:coord >17.54249 47.30806 511</gx:coord>
<gx:coord >17.540703 47.308044 504</gx:coord>
<gx:coord >17.538231 47.308228 488</gx:coord>
<gx:coord >17.53624 47.308548 481</gx:coord>
<gx:coord >17.532912 47.309503 473</gx:coord>
<gx:coord >17.531151 47.310201 473</gx:coord>
<gx:coord >17.528961 47.31134 458</gx:coord>
<gx:coord >17.527725 47.312164 458</gx:coord>
<gx:coord >17.525459 47.314682 443</gx:coord>
<gx:coord >17.52491 47.315689 435</gx:coord>
<gx:coord >17.52432 47.317045 427</gx:coord>
<gx:coord >17.523674 47.318848 420</gx:coord>
<gx:coord >17.522278 47.322398 389</gx:coord>
<gx:coord >17.521339 47.324295 374</gx:coord>
<gx:coord >17.517841 47.330964 321</gx:coord>
<gx:coord >17.510422 47.345261 214</gx:coord>
<gx:coord >17.509048 47.347916 199</gx:coord>
<gx:coord >17.496758 47.371445 229</gx:coord>
<gx:coord >17.496361 47.372162 237</gx:coord>
<gx:coord >17.495659 47.373734 267</gx:coord>
<gx:coord >17.494904 47.375336 298</gx:coord>
<gx:coord >17.495375 47.38515 488</gx:coord>
<gx:coord >17.496964 47.387604 519</gx:coord>
<gx:coord >17.499038 47.389945 557</gx:coord>
<gx:coord >17.501362 47.391854 580</gx:coord>
<gx:coord >17.503756 47.39339 603</gx:coord>
<gx:coord >17.506362 47.394787 618</gx:coord>
<gx:coord >17.50946 47.39609 633</gx:coord>
<gx:coord >17.512619 47.397079 648</gx:coord>
<gx:coord >17.51594 47.397859 664</gx:coord>
<gx:coord >17.519813 47.398418 671</gx:coord>
<gx:coord >17.523193 47.39859 671</gx:coord>
<gx:coord >17.527067 47.398511 671</gx:coord>
<gx:coord >17.530306 47.398232 671</gx:coord>
<gx:coord >17.533335 47.39772 664</gx:coord>
<gx:coord >17.535828 47.397125 664</gx:coord>
<gx:coord >17.539391 47.395951 664</gx:coord>
<gx:coord >17.542557 47.394562 664</gx:coord>
<gx:coord >17.544532 47.393483 664</gx:coord>
<gx:coord >17.54702 47.391861 664</gx:coord>
<gx:coord >17.548828 47.390457 656</gx:coord>
<gx:coord >17.550377 47.388921 656</gx:coord>
<gx:coord >17.552101 47.386826 648</gx:coord>
<gx:coord >17.553687 47.384359 648</gx:coord>
<gx:coord >17.556434 47.379331 648</gx:coord>
<gx:coord >17.562126 47.368011 633</gx:coord>
<gx:coord >17.570097 47.351866 626</gx:coord>
<gx:coord >17.576083 47.339576 648</gx:coord>
<gx:coord >17.579498 47.332672 648</gx:coord>
<gx:coord >17.580322 47.330429 641</gx:coord>
<gx:coord >17.580666 47.329102 641</gx:coord>
<gx:coord >17.580872 47.327087 633</gx:coord>
<gx:coord >17.580731 47.324726 626</gx:coord>
<gx:coord >17.580322 47.323151 618</gx:coord>
<gx:coord >17.579361 47.321091 618</gx:coord>
<gx:coord >17.577301 47.318298 610</gx:coord>
<gx:coord >17.576546 47.317429 610</gx:coord>
<gx:coord >17.575238 47.3163 603</gx:coord>
<gx:coord >17.574181 47.315555 603</gx:coord>
<gx:coord >17.572209 47.314345 595</gx:coord>
<gx:coord >17.570091 47.313354 587</gx:coord>
<gx:coord >17.568169 47.312622 580</gx:coord>
<gx:coord >17.565378 47.311924 572</gx:coord>
<gx:coord >17.562607 47.311386 572</gx:coord>
<gx:coord >17.554092 47.310104 542</gx:coord>
<gx:coord >17.546539 47.308777 527</gx:coord>
<gx:coord >17.54393 47.30864 527</gx:coord>
<gx:coord >17.542419 47.308665 519</gx:coord>
<gx:coord >17.540448 47.308851 504</gx:coord>
<gx:coord >17.538476 47.309177 496</gx:coord>
<gx:coord >17.536102 47.30983 488</gx:coord>
<gx:coord >17.532326 47.311295 473</gx:coord>
<gx:coord >17.529672 47.312715 458</gx:coord>
<gx:coord >17.527912 47.313972 450</gx:coord>
<gx:coord >17.525658 47.315974 435</gx:coord>
<gx:coord >17.524813 47.317184 435</gx:coord>
<gx:coord >17.523757 47.318907 427</gx:coord>
<gx:coord >17.523056 47.320358 412</gx:coord>
<gx:coord >17.521151 47.324446 374</gx:coord>
<gx:coord >17.519279 47.328278 344</gx:coord>
<gx:coord >17.516945 47.332535 313</gx:coord>
<gx:coord >17.515165 47.336084 283</gx:coord>
<gx:coord >17.513168 47.339859 260</gx:coord>
<gx:coord >17.512619 47.341003 252</gx:coord>
<gx:coord >17.512619 47.341003 321</gx:coord>
<gx:coord >17.495235 47.375421 328</gx:coord>
<gx:coord >17.49511 47.376984 366</gx:coord>
<gx:coord >17.495247 47.378494 405</gx:coord>
<gx:coord >17.496713 47.382357 481</gx:coord>
<gx:coord >17.497347 47.383335 496</gx:coord>
<gx:coord >17.498545 47.384778 511</gx:coord>
<gx:coord >17.501701 47.387466 572</gx:coord>
<gx:coord >17.503333 47.388502 587</gx:coord>
<gx:coord >17.506027 47.389893 603</gx:coord>
<gx:coord >17.507207 47.390364 618</gx:coord>
<gx:coord >17.510765 47.391586 641</gx:coord>
<gx:coord >17.513334 47.392273 648</gx:coord>
<gx:coord >17.516602 47.392822 656</gx:coord>
<gx:coord >17.519813 47.393111 664</gx:coord>
<gx:coord >17.523331 47.393188 664</gx:coord>
<gx:coord >17.526222 47.393064 671</gx:coord>
<gx:coord >17.528687 47.392776 671</gx:coord>
<gx:coord >17.532532 47.391998 671</gx:coord>
<gx:coord >17.535553 47.391129 671</gx:coord>
<gx:coord >17.538574 47.389893 671</gx:coord>
<gx:coord >17.541011 47.388642 664</gx:coord>
<gx:coord >17.543243 47.387192 664</gx:coord>
<gx:coord >17.546082 47.384731 664</gx:coord>
<gx:coord >17.547707 47.382889 664</gx:coord>
<gx:coord >17.54918 47.380775 664</gx:coord>
<gx:coord >17.55217 47.375381 671</gx:coord>
<gx:coord >17.557772 47.364528 656</gx:coord>
<gx:coord >17.561028 47.357941 648</gx:coord>
<gx:coord >17.566153 47.347769 656</gx:coord>
<gx:coord >17.574252 47.33236 664</gx:coord>
<gx:coord >17.575653 47.329285 664</gx:coord>
<gx:coord >17.576083 47.327752 664</gx:coord>
<gx:coord >17.576271 47.326218 656</gx:coord>
<gx:coord >17.576202 47.324203 656</gx:coord>
<gx:coord >17.575241 47.320587 648</gx:coord>
<gx:coord >17.574348 47.318848 641</gx:coord>
<gx:coord >17.573125 47.316905 633</gx:coord>
<gx:coord >17.571646 47.315229 618</gx:coord>
<gx:coord >17.57066 47.314298 618</gx:coord>
<gx:coord >17.56897 47.312994 610</gx:coord>
<gx:coord >17.566575 47.311551 603</gx:coord>
<gx:coord >17.564941 47.310791 595</gx:coord>
<gx:coord >17.563195 47.310155 587</gx:coord>
<gx:coord >17.559814 47.309131 580</gx:coord>
<gx:coord >17.551346 47.307037 557</gx:coord>
<gx:coord >17.547157 47.306122 549</gx:coord>
<gx:coord >17.544743 47.305779 534</gx:coord>
<gx:coord >17.542007 47.305664 527</gx:coord>
<gx:coord >17.54084 47.30571 527</gx:coord>
<gx:coord >17.538898 47.305919 511</gx:coord>
<gx:coord >17.536926 47.306259 504</gx:coord>
<gx:coord >17.534798 47.306854 496</gx:coord>
<gx:coord >17.53212 47.307953 481</gx:coord>
<gx:coord >17.530884 47.308594 481</gx:coord>
<gx:coord >17.529716 47.309326 473</gx:coord>
<gx:coord >17.528616 47.310201 466</gx:coord>
<gx:coord >17.527982 47.31076 458</gx:coord>
<gx:coord >17.527067 47.311831 458</gx:coord>
<gx:coord >17.526283 47.31308 450</gx:coord>
<gx:coord >17.525447 47.314763 443</gx:coord>
<gx:coord >17.522095 47.322327 374</gx:coord>
<gx:coord >17.51939 47.328031 344</gx:coord>
<gx:coord >17.51939 47.32803 412</gx:coord>
<gx:coord >17.504311 47.357895 443</gx:coord>
<gx:coord >17.503545 47.359593 473</gx:coord>
<gx:coord >17.502911 47.36099 504</gx:coord>
<gx:coord >17.502731 47.361374 511</gx:coord>
<gx:coord >17.502388 47.362152 527</gx:coord>
<gx:coord >17.501855 47.363178 542</gx:coord>
<gx:coord >17.501015 47.365265 565</gx:coord>
<gx:coord >17.499953 47.3676 595</gx:coord>
<gx:coord >17.499249 47.369183 618</gx:coord>
<gx:coord >17.497981 47.37193 633</gx:coord>
<gx:coord >17.497444 47.373184 641</gx:coord>
<gx:coord >17.496758 47.374695 648</gx:coord>
<gx:coord >17.496208 47.375931 656</gx:coord>
<gx:coord >17.495796 47.376892 664</gx:coord>
<gx:coord >17.494835 47.379776 664</gx:coord>
<gx:coord >17.49456 47.381836 664</gx:coord>
<gx:coord >17.49453 47.383661 664</gx:coord>
<gx:coord >17.494953 47.386175 664</gx:coord>
<gx:coord >17.495728 47.388316 664</gx:coord>
<gx:coord >17.496854 47.390457 664</gx:coord>
<gx:coord >17.497444 47.391312 664</gx:coord>
<gx:coord >17.498955 47.393188 664</gx:coord>
<gx:coord >17.500946 47.395065 671</gx:coord>
<gx:coord >17.503193 47.396835 664</gx:coord>
<gx:coord >17.505728 47.398278 664</gx:coord>
<gx:coord >17.508122 47.399442 664</gx:coord>
<gx:coord >17.510422 47.40033 664</gx:coord>
<gx:coord >17.513545 47.401211 664</gx:coord>
<gx:coord >17.516739 47.401886 664</gx:coord>
<gx:coord >17.521292 47.402375 656</gx:coord>
<gx:coord >17.524461 47.402468 656</gx:coord>
<gx:coord >17.527176 47.402344 656</gx:coord>
<gx:coord >17.529854 47.402023 648</gx:coord>
<gx:coord >17.532875 47.401382 648</gx:coord>
<gx:coord >17.535347 47.400742 648</gx:coord>
<gx:coord >17.53878 47.399414 648</gx:coord>
<gx:coord >17.541389 47.398178 648</gx:coord>
<gx:coord >17.543312 47.397079 648</gx:coord>
<gx:coord >17.545647 47.39534 648</gx:coord>
<gx:coord >17.547638 47.393463 648</gx:coord>
<gx:coord >17.549561 47.391129 648</gx:coord>
<gx:coord >17.550589 47.38948 648</gx:coord>
<gx:coord >17.552307 47.386368 648</gx:coord>
<gx:coord >17.558195 47.375328 633</gx:coord>
<gx:coord >17.566521 47.358902 633</gx:coord>
<gx:coord >17.575097 47.342183 626</gx:coord>
<gx:coord >17.580449 47.33236 633</gx:coord>
<gx:coord >17.581833 47.32933 633</gx:coord>
<gx:coord >17.582382 47.327271 626</gx:coord>
<gx:coord >17.582588 47.325439 618</gx:coord>
<gx:coord >17.582491 47.323562 610</gx:coord>
<gx:coord >17.581998 47.321327 610</gx:coord>
<gx:coord >17.581576 47.320117 610</gx:coord>
<gx:coord >17.58066 47.318395 603</gx:coord>
<gx:coord >17.579534 47.316858 603</gx:coord>
<gx:coord >17.577843 47.315089 595</gx:coord>
<gx:coord >17.576576 47.314065 587</gx:coord>
<gx:coord >17.575172 47.313126 580</gx:coord>
<gx:coord >17.573524 47.31221 572</gx:coord>
<gx:coord >17.571223 47.311272 572</gx:coord>
<gx:coord >17.568237 47.310242 565</gx:coord>
<gx:coord >17.564667 47.309235 565</gx:coord>
<gx:coord >17.557983 47.307688 557</gx:coord>
<gx:coord >17.550934 47.306076 549</gx:coord>
<gx:coord >17.547157 47.305664 527</gx:coord>
<gx:coord >17.545025 47.305686 519</gx:coord>
<gx:coord >17.542983 47.305919 511</gx:coord>
<gx:coord >17.540941 47.306338 511</gx:coord>
<gx:coord >17.53918 47.30685 504</gx:coord>
<gx:coord >17.536785 47.307688 504</gx:coord>
<gx:coord >17.534592 47.30864 496</gx:coord>
<gx:coord >17.532188 47.310013 488</gx:coord>
<gx:coord >17.52932 47.312063 466</gx:coord>
<gx:coord >17.527841 47.313413 458</gx:coord>
<gx:coord >17.526362 47.315043 450</gx:coord>
<gx:coord >17.525095 47.316812 435</gx:coord>
<gx:coord >17.523827 47.319139 420</gx:coord>
<gx:coord >17.521926 47.322817 382</gx:coord>
<gx:coord >17.519672 47.327519 351</gx:coord>
<gx:coord >17.518475 47.329846 328</gx:coord>
<gx:coord >17.516362 47.333803 298</gx:coord>
<gx:coord >17.514542 47.337296 267</gx:coord>
<gx:coord >17.513992 47.338303 260</gx:coord>
<gx:coord >17.513992 47.338303 321</gx:coord>
<gx:coord >17.507489 47.354798 382</gx:coord>
<gx:coord >17.508756 47.354054 405</gx:coord>
<gx:coord >17.510024 47.353495 427</gx:coord>
<gx:coord >17.511795 47.352859 450</gx:coord>
<gx:coord >17.513897 47.352378 481</gx:coord>
<gx:coord >17.515915 47.352127 496</gx:coord>
<gx:coord >17.518052 47.352052 519</gx:coord>
<gx:coord >17.521202 47.352173 527</gx:coord>
<gx:coord >17.525185 47.352905 534</gx:coord>
<gx:coord >17.527451 47.353409 542</gx:coord>
<gx:coord >17.531502 47.354279 557</gx:coord>
<gx:coord >17.536583 47.355194 572</gx:coord>
<gx:coord >17.539602 47.355543 580</gx:coord>
<gx:coord >17.543518 47.355698 587</gx:coord>
<gx:coord >17.546814 47.355606 595</gx:coord>
<gx:coord >17.550237 47.355264 610</gx:coord>
<gx:coord >17.553335 47.354705 618</gx:coord>
<gx:coord >17.5558 47.3541 618</gx:coord>
<gx:coord >17.558829 47.353169 626</gx:coord>
<gx:coord >17.56192 47.351944 626</gx:coord>
<gx:coord >17.564392 47.350609 626</gx:coord>
<gx:coord >17.566246 47.349426 633</gx:coord>
<gx:coord >17.567757 47.348236 633</gx:coord>
<gx:coord >17.569611 47.346313 633</gx:coord>
<gx:coord >17.571857 47.343626 641</gx:coord>
<gx:coord >17.574463 47.339809 648</gx:coord>
<gx:coord >17.576505 47.336503 641</gx:coord>
<gx:coord >17.577438 47.334503 641</gx:coord>
<gx:coord >17.57785 47.333221 633</gx:coord>
<gx:coord >17.577988 47.331345 626</gx:coord>
<gx:coord >17.577782 47.329697 618</gx:coord>
<gx:coord >17.57735 47.328217 626</gx:coord>
<gx:coord >17.576576 47.326588 618</gx:coord>
<gx:coord >17.575449 47.325052 610</gx:coord>
<gx:coord >17.573524 47.323196 595</gx:coord>
<gx:coord >17.571877 47.322052 587</gx:coord>
<gx:coord >17.570503 47.321274 580</gx:coord>
<gx:coord >17.568375 47.320404 572</gx:coord>
<gx:coord >17.566364 47.319745 565</gx:coord>
<gx:coord >17.564251 47.319232 557</gx:coord>
<gx:coord >17.562279 47.318814 549</gx:coord>
<gx:coord >17.556152 47.317696 527</gx:coord>
<gx:coord >17.550247 47.316605 496</gx:coord>
<gx:coord >17.547208 47.31616 488</gx:coord>
<gx:coord >17.545303 47.31601 481</gx:coord>
<gx:coord >17.543106 47.315964 473</gx:coord>
<gx:coord >17.540588 47.316067 466</gx:coord>
<gx:coord >17.537819 47.316376 450</gx:coord>
<gx:coord >17.533335 47.31737 443</gx:coord>
<gx:coord >17.530952 47.318115 427</gx:coord>
<gx:coord >17.527771 47.319372 405</gx:coord>
<gx:coord >17.524704 47.321091 389</gx:coord>
<gx:coord >17.523399 47.322098 382</gx:coord>
<gx:coord >17.52182 47.323654 366</gx:coord>
<gx:coord >17.520236 47.326029 351</gx:coord>
<gx:coord >17.519073 47.328552 321</gx:coord>
<gx:coord >17.517066 47.33264 290</gx:coord>
<gx:coord >17.514954 47.33669 260</gx:coord>
<gx:coord >17.513443 47.339493 245</gx:coord>
<gx:coord >17.510799 47.344464 222</gx:coord>
<gx:coord >17.510799 47.344463 222</gx:coord>
<gx:coord >17.49453 47.375654 222</gx:coord>
<gx:coord >17.493544 47.377842 306</gx:coord>
<gx:coord >17.4925 47.383804 443</gx:coord>
<gx:coord >17.492638 47.384949 458</gx:coord>
<gx:coord >17.492981 47.386687 481</gx:coord>
<gx:coord >17.493736 47.388885 511</gx:coord>
<gx:coord >17.494882 47.391249 549</gx:coord>
<gx:coord >17.49615 47.393111 565</gx:coord>
<gx:coord >17.497787 47.394974 595</gx:coord>
<gx:coord >17.499641 47.396713 610</gx:coord>
<gx:coord >17.501976 47.398544 626</gx:coord>
<gx:coord >17.503418 47.399506 633</gx:coord>
<gx:coord >17.505478 47.400742 648</gx:coord>
<gx:coord >17.507841 47.401909 656</gx:coord>
<gx:coord >17.509117 47.402481 656</gx:coord>
<gx:coord >17.511855 47.403678 664</gx:coord>
<gx:coord >17.517348 47.405494 664</gx:coord>
<gx:coord >17.518897 47.405866 671</gx:coord>
<gx:coord >17.519743 47.406052 664</gx:coord>
<gx:coord >17.521714 47.406425 679</gx:coord>
<gx:coord >17.525306 47.406937 694</gx:coord>
<gx:coord >17.528898 47.407263 717</gx:coord>
<gx:coord >17.53212 47.407333 725</gx:coord>
<gx:coord >17.535306 47.407216 732</gx:coord>
<gx:coord >17.538231 47.406921 747</gx:coord>
<gx:coord >17.54256 47.406146 763</gx:coord>
<gx:coord >17.546402 47.405273 778</gx:coord>
<gx:coord >17.548758 47.404702 793</gx:coord>
<gx:coord >17.550237 47.404377 801</gx:coord>
<gx:coord >17.553474 47.403671 816</gx:coord>
<gx:coord >17.556504 47.403166 831</gx:coord>
<gx:coord >17.560026 47.402561 854</gx:coord>
<gx:coord >17.564533 47.401956 892</gx:coord>
<gx:coord >17.568787 47.401474 915</gx:coord>
<gx:coord >17.573407 47.401025 953</gx:coord>
<gx:coord >17.576683 47.400787 976</gx:coord>
<gx:coord >17.58046 47.400558 1007</gx:coord>
<gx:coord >17.58403 47.400375 1037</gx:coord>
<gx:coord >17.587669 47.400146 1075</gx:coord>
<gx:coord >17.59052 47.400001 1098</gx:coord>
<gx:coord >17.593196 47.399861 1136</gx:coord>
<gx:coord >17.596013 47.399721 1167</gx:coord>
<gx:coord >17.598999 47.399551 1182</gx:coord>
<gx:coord >17.601608 47.399414 1235</gx:coord>
<gx:coord >17.605385 47.399231 1266</gx:coord>
<gx:coord >17.608337 47.399048 1289</gx:coord>
<gx:coord >17.610661 47.39893 1311</gx:coord>
<gx:coord >17.613762 47.398773 1349</gx:coord>
<gx:coord >17.616577 47.398604 1388</gx:coord>
<gx:coord >17.619676 47.398464 1403</gx:coord>
<gx:coord >17.622414 47.398315 1441</gx:coord>
<gx:coord >17.625298 47.398132 1464</gx:coord>
<gx:coord >17.628731 47.397949 1502</gx:coord>
<gx:coord >17.631546 47.397766 1525</gx:coord>
<gx:coord >17.635169 47.39758 1563</gx:coord>
<gx:coord >17.638 47.3974 1601</gx:coord>
<gx:coord >17.641571 47.397217 1631</gx:coord>
<gx:coord >17.644536 47.397068 1654</gx:coord>
<gx:coord >17.647212 47.396928 1700</gx:coord>
<gx:coord >17.650566 47.396713 1715</gx:coord>
<gx:coord >17.65348 47.396556 1761</gx:coord>
<gx:coord >17.657635 47.396323 1791</gx:coord>
<gx:coord >17.660385 47.396164 1822</gx:coord>
<gx:coord >17.664466 47.395904 1852</gx:coord>
<gx:coord >17.667458 47.395752 1883</gx:coord>
<gx:coord >17.670593 47.395578 1913</gx:coord>
<gx:coord >17.674324 47.39534 1936</gx:coord>
<gx:coord >17.677483 47.395157 1967</gx:coord>
<gx:coord >17.681602 47.394928 2012</gx:coord>
<gx:coord >17.685876 47.394647 2051</gx:coord>
<gx:coord >17.688812 47.39447 2066</gx:coord>
<gx:coord >17.692707 47.394275 2096</gx:coord>
<gx:coord >17.696709 47.394012 2127</gx:coord>
<gx:coord >17.700806 47.393809 2172</gx:coord>
<gx:coord >17.704674 47.393555 2211</gx:coord>
<gx:coord >17.708588 47.393326 2226</gx:coord>
<gx:coord >17.716088 47.392878 2294</gx:coord>
<gx:coord >17.722356 47.392506 2348</gx:coord>
<gx:coord >17.728981 47.392136 2409</gx:coord>
<gx:coord >17.735573 47.391769 2485</gx:coord>
<gx:coord >17.741478 47.391403 2546</gx:coord>
<gx:coord >17.747795 47.391037 2607</gx:coord>
<gx:coord >17.753151 47.390717 2652</gx:coord>
<gx:coord >17.758575 47.390442 2721</gx:coord>
<gx:coord >17.764752 47.390038 2797</gx:coord>
<gx:coord >17.772146 47.389619 2843</gx:coord>
<gx:coord >17.778969 47.389252 2919</gx:coord>
<gx:coord >17.787499 47.388782 2973</gx:coord>
<gx:coord >17.795739 47.388316 3049</gx:coord>
<gx:coord >17.804049 47.38785 3102</gx:coord>
<gx:coord >17.8125 47.387385 3178</gx:coord>
<gx:coord >17.819824 47.387013 3239</gx:coord>
<gx:coord >17.826622 47.386642 3300</gx:coord>
<gx:coord >17.833969 47.38623 3354</gx:coord>
<gx:coord >17.841385 47.385818 3430</gx:coord>
<gx:coord >17.847853 47.385476 3498</gx:coord>
<gx:coord >17.855255 47.385178 3552</gx:coord>
<gx:coord >17.862602 47.385086 3613</gx:coord>
<gx:coord >17.869606 47.385315 3681</gx:coord>
<gx:coord >17.877502 47.385942 3735</gx:coord>
<gx:coord >17.882996 47.386688 3773</gx:coord>
<gx:coord >17.891447 47.388176 3818</gx:coord>
<gx:coord >17.903732 47.390717 3887</gx:coord>
<gx:coord >17.914617 47.393111 3933</gx:coord>
<gx:coord >17.927927 47.39609 3971</gx:coord>
<gx:coord >17.938561 47.398464 4001</gx:coord>
<gx:coord >17.950815 47.401164 4024</gx:coord>
<gx:coord >17.96244 47.403717 4039</gx:coord>
<gx:coord >17.9748 47.406372 4062</gx:coord>
<gx:coord >17.988121 47.40921 4077</gx:coord>
<gx:coord >18.007553 47.413239 4100</gx:coord>
<gx:coord >18.027297 47.417318 4138</gx:coord>
<gx:coord >18.066536 47.425186 4184</gx:coord>
<gx:coord >18.119695 47.435706 4192</gx:coord>
<gx:coord >18.172554 47.446152 4192</gx:coord>
<gx:coord >18.224839 47.456655 4184</gx:coord>
<gx:coord >18.277024 47.467082 4184</gx:coord>
<gx:coord >18.297659 47.471226 4184</gx:coord>
<gx:coord >18.308098 47.473297 4169</gx:coord>
<gx:coord >18.316063 47.474899 4154</gx:coord>
<gx:coord >18.326674 47.476998 4116</gx:coord>
<gx:coord >18.342802 47.48021 4055</gx:coord>
<gx:coord >18.367081 47.485062 3917</gx:coord>
<gx:coord >18.378548 47.487305 3880</gx:coord>
<gx:coord >18.389877 47.489548 3804</gx:coord>
<gx:coord >18.400269 47.491662 3736</gx:coord>
<gx:coord >18.408211 47.49321 3682</gx:coord>
<gx:coord >18.416656 47.494904 3614</gx:coord>
<gx:coord >18.425858 47.49678 3553</gx:coord>
<gx:coord >18.429918 47.497621 3530</gx:coord>
<gx:coord >18.434578 47.49852 3507</gx:coord>
<gx:coord >18.441994 47.500031 3469</gx:coord>
<gx:coord >18.46067 47.50383 3408</gx:coord>
<gx:coord >18.480515 47.507812 3355</gx:coord>
<gx:coord >18.501258 47.511866 3294</gx:coord>
<gx:coord >18.518967 47.51532 3248</gx:coord>
<gx:coord >18.534147 47.51829 3195</gx:coord>
<gx:coord >18.549591 47.521271 3149</gx:coord>
<gx:coord >18.566895 47.524612 3095</gx:coord>
<gx:coord >18.583649 47.527908 3034</gx:coord>
<gx:coord >18.599854 47.531092 2974</gx:coord>
<gx:coord >18.61702 47.534454 2928</gx:coord>
<gx:coord >18.629855 47.537004 2897</gx:coord>
<gx:coord >18.640066 47.539006 2874</gx:coord>
<gx:coord >18.654433 47.541845 2844</gx:coord>
<gx:coord >18.667007 47.544388 2821</gx:coord>
<gx:coord >18.679082 47.54678 2791</gx:coord>
<gx:coord >18.690422 47.549011 2760</gx:coord>
<gx:coord >18.703949 47.551712 2730</gx:coord>
<gx:coord >18.714365 47.554042 2699</gx:coord>
<gx:coord >18.720421 47.555718 2669</gx:coord>
<gx:coord >18.727158 47.558075 2646</gx:coord>
<gx:coord >18.732857 47.560501 2615</gx:coord>
<gx:coord >18.739586 47.563843 2593</gx:coord>
<gx:coord >18.74968 47.569565 2547</gx:coord>
<gx:coord >18.760597 47.576019 2486</gx:coord>
<gx:coord >18.770828 47.582108 2425</gx:coord>
<gx:coord >18.781609 47.588516 2364</gx:coord>
<gx:coord >18.791634 47.594513 2295</gx:coord>
<gx:coord >18.795822 47.596985 2272</gx:coord>
<gx:coord >18.800424 47.599756 2234</gx:coord>
<gx:coord >18.80634 47.603248 2204</gx:coord>
<gx:coord >18.811411 47.60632 2173</gx:coord>
<gx:coord >18.817256 47.609858 2143</gx:coord>
<gx:coord >18.822876 47.613281 2105</gx:coord>
<gx:coord >18.825073 47.614606 2105</gx:coord>
<gx:coord >18.829158 47.617074 2074</gx:coord>
<gx:coord >18.837845 47.622482 2059</gx:coord>
<gx:coord >18.844986 47.626923 2044</gx:coord>
<gx:coord >18.850919 47.63062 2021</gx:coord>
<gx:coord >18.855708 47.6336 2013</gx:coord>
<gx:coord >18.859511 47.635974 1998</gx:coord>
<gx:coord >18.863525 47.638395 1991</gx:coord>
<gx:coord >18.869293 47.641983 1975</gx:coord>
<gx:coord >18.875061 47.645508 1945</gx:coord>
<gx:coord >18.880829 47.648666 1922</gx:coord>
<gx:coord >18.884537 47.650269 1907</gx:coord>
<gx:coord >18.888176 47.651459 1899</gx:coord>
<gx:coord >18.891884 47.65242 1876</gx:coord>
<gx:coord >18.895358 47.653012 1869</gx:coord>
<gx:coord >18.899161 47.653384 1861</gx:coord>
<gx:coord >18.9024 47.653478 1846</gx:coord>
<gx:coord >18.906485 47.653338 1838</gx:coord>
<gx:coord >18.910288 47.652919 1823</gx:coord>
<gx:coord >18.913879 47.652221 1815</gx:coord>
<gx:coord >18.917427 47.651276 1808</gx:coord>
<gx:coord >18.920929 47.649994 1800</gx:coord>
<gx:coord >18.92395 47.64859 1785</gx:coord>
<gx:coord >18.926697 47.646973 1785</gx:coord>
<gx:coord >18.928528 47.64561 1777</gx:coord>
<gx:coord >18.930429 47.643981 1770</gx:coord>
<gx:coord >18.932053 47.642258 1762</gx:coord>
<gx:coord >18.934303 47.639186 1747</gx:coord>
<gx:coord >18.938669 47.632762 1739</gx:coord>
<gx:coord >18.942078 47.628616 1709</gx:coord>
<gx:coord >18.946335 47.624039 1686</gx:coord>
<gx:coord >18.950712 47.619774 1655</gx:coord>
<gx:coord >18.956291 47.6147 1625</gx:coord>
<gx:coord >18.961276 47.610556 1594</gx:coord>
<gx:coord >18.966454 47.606461 1564</gx:coord>
<gx:coord >18.971329 47.602844 1526</gx:coord>
<gx:coord >18.97641 47.599228 1495</gx:coord>
<gx:coord >18.981488 47.595846 1465</gx:coord>
<gx:coord >18.987808 47.591812 1427</gx:coord>
<gx:coord >18.993389 47.588351 1396</gx:coord>
<gx:coord >18.999376 47.58472 1366</gx:coord>
<gx:coord >19.005503 47.580996 1335</gx:coord>
<gx:coord >19.01088 47.577713 1305</gx:coord>
<gx:coord >19.016489 47.574339 1267</gx:coord>
<gx:coord >19.022896 47.57048 1236</gx:coord>
<gx:coord >19.027908 47.567413 1206</gx:coord>
<gx:coord >19.033607 47.563934 1175</gx:coord>
<gx:coord >19.039581 47.560272 1137</gx:coord>
<gx:coord >19.0448 47.557114 1107</gx:coord>
<gx:coord >19.050575 47.55353 1076</gx:coord>
<gx:coord >19.056404 47.549927 1046</gx:coord>
<gx:coord >19.061984 47.546454 1015</gx:coord>
<gx:coord >19.068111 47.542683 985</gx:coord>
<gx:coord >19.073364 47.53949 947</gx:coord>
<gx:coord >19.076562 47.537562 931</gx:coord>
<gx:coord >19.080435 47.535142 924</gx:coord>
<gx:coord >19.082497 47.533859 916</gx:coord>
<gx:coord >19.083595 47.533218 909</gx:coord>
<gx:coord >19.085106 47.532257 901</gx:coord>
<gx:coord >19.088816 47.530021 863</gx:coord>
<gx:coord >19.089872 47.529323 863</gx:coord>
<gx:coord >19.094856 47.526215 832</gx:coord>
<gx:coord >19.099238 47.52355 802</gx:coord>
<gx:coord >19.103253 47.521083 779</gx:coord>
<gx:coord >19.108323 47.518011 764</gx:coord>
<gx:coord >19.11422 47.514404 733</gx:coord>
<gx:coord >19.119095 47.511383 695</gx:coord>
<gx:coord >19.125718 47.507257 665</gx:coord>
<gx:coord >19.130699 47.504242 642</gx:coord>
<gx:coord >19.134338 47.502045 619</gx:coord>
<gx:coord >19.13931 47.498971 596</gx:coord>
<gx:coord >19.14417 47.495991 566</gx:coord>
<gx:coord >19.149945 47.492453 528</gx:coord>
<gx:coord >19.153908 47.490005 512</gx:coord>
<gx:coord >19.15892 47.486847 482</gx:coord>
<gx:coord >19.162628 47.484604 467</gx:coord>
<gx:coord >19.167778 47.4814 428</gx:coord>
<gx:coord >19.171424 47.479139 413</gx:coord>
<gx:coord >19.174453 47.477277 406</gx:coord>
<gx:coord >19.179453 47.474205 375</gx:coord>
<gx:coord >19.185087 47.47076 345</gx:coord>
<gx:coord >19.190987 47.467117 314</gx:coord>
<gx:coord >19.195298 47.464429 284</gx:coord>
<gx:coord >19.201003 47.460984 253</gx:coord>
<gx:coord >19.207271 47.457074 230</gx:coord>
<gx:coord >19.212479 47.453842 200</gx:coord>
<gx:coord >19.217764 47.450603 169</gx:coord>
<gx:coord >19.222483 47.44767 147</gx:coord>
<gx:coord >19.229595 47.443294 139</gx:coord>
<gx:coord >19.230793 47.442549 139</gx:coord>
<gx:coord >19.231842 47.441895 139</gx:coord>
<gx:coord >19.232941 47.441208 139</gx:coord>
<gx:coord >19.234666 47.440129 139</gx:coord>
<gx:coord >19.235275 47.439789 139</gx:coord>
<gx:coord >19.236374 47.439102 139</gx:coord>
<gx:coord >19.237765 47.43822 139</gx:coord>
<gx:coord >19.238297 47.437912 139</gx:coord>
<gx:coord >19.238297 47.437912 139</gx:coord>
</gx:Track>
</Placemark>
<Placemark ><name >HA-LVJ</name>
<Style ><LineStyle ><color >ff1c1ae3</color>
<width >4</width>
</LineStyle>
<IconStyle ><Icon ><href >http://maps.google.com/mapfiles/kml/shapes/airports.png</href>
</Icon>
</IconStyle>
</Style>
<gx:Track ><extrude >0</extrude>
<when >2025-06-26T09:08:28.889Z</when>
<when >2025-06-26T09:08:28.889Z</when>
<gx:coord >19.238363 47.437848 0</gx:coord>
<gx:coord >19.238363 47.437848 0</gx:coord>
</gx:Track>
</Placemark>
<Placemark ><name >HA-LVJ</name>
<Style ><LineStyle ><color >ff1c1ae3</color>
<width >4</width>
</LineStyle>
<IconStyle ><Icon ><href >http://maps.google.com/mapfiles/kml/shapes/airports.png</href>
</Icon>
</IconStyle>
</Style>
<gx:Track ><altitudeMode >absolute</altitudeMode>
<extrude >1</extrude>
<when >2025-06-26T09:08:29.049Z</when>
<when >2025-06-26T09:08:29.049Z</when>
<gx:coord >19.238434 47.43782 139</gx:coord>
<gx:coord >19.238434 47.43782 139</gx:coord>
</gx:Track>
</Placemark>
<Placemark ><name >HA-LVJ</name>
<Style ><LineStyle ><color >ff1c1ae3</color>
<width >4</width>
</LineStyle>
<IconStyle ><Icon ><href >http://maps.google.com/mapfiles/kml/shapes/airports.png</href>
</Icon>
</IconStyle>
</Style>
<gx:Track ><extrude >0</extrude>
<when >2025-06-26T09:08:29.199Z</when>
<when >2025-06-26T09:08:30.439Z</when>
<when >2025-06-26T09:08:31.629Z</when>
<when >2025-06-26T09:08:33.259Z</when>
<when >2025-06-26T09:08:33.799Z</when>
<when >2025-06-26T09:08:34.458Z</when>
<when >2025-06-26T09:08:36.409Z</when>
<when >2025-06-26T09:08:37.089Z</when>
<when >2025-06-26T09:08:38.619Z</when>
<when >2025-06-26T09:08:39.529Z</when>
<when >2025-06-26T09:08:40.589Z</when>
<when >2025-06-26T09:08:42.199Z</when>
<when >2025-06-26T09:08:43.179Z</when>
<when >2025-06-26T09:08:44.399Z</when>
<when >2025-06-26T09:08:45.569Z</when>
<when >2025-06-26T09:08:47.549Z</when>
<when >2025-06-26T09:08:49.129Z</when>
<when >2025-06-26T09:08:50.708Z</when>
<when >2025-06-26T09:08:52.439Z</when>
<when >2025-06-26T09:08:54.429Z</when>
<when >2025-06-26T09:08:56.369Z</when>
<when >2025-06-26T09:08:58.769Z</when>
<when >2025-06-26T09:09:00.679Z</when>
<when >2025-06-26T09:09:01.669Z</when>
<when >2025-06-26T09:09:03.669Z</when>
<when >2025-06-26T09:09:04.249Z</when>
<when >2025-06-26T09:09:05.149Z</when>
<when >2025-06-26T09:09:06.009Z</when>
<when >2025-06-26T09:09:07.149Z</when>
<when >2025-06-26T09:09:08.708Z</when>
<when >2025-06-26T09:09:09.559Z</when>
<when >2025-06-26T09:09:11.129Z</when>
<when >2025-06-26T09:09:12.259Z</when>
<when >2025-06-26T09:09:13.509Z</when>
<when >2025-06-26T09:09:14.919Z</when>
<when >2025-06-26T09:09:18.479Z</when>
<when >2025-06-26T09:09:22.519Z</when>
<when >2025-06-26T09:09:26.169Z</when>
<when >2025-06-26T09:09:30.159Z</when>
<when >2025-06-26T09:09:34.239Z</when>
<when >2025-06-26T09:09:38.289Z</when>
<when >2025-06-26T09:09:42.239Z</when>
<when >2025-06-26T09:09:46.339Z</when>
<when >2025-06-26T09:09:50.859Z</when>
<when >2025-06-26T09:09:54.799Z</when>
<when >2025-06-26T09:09:58.449Z</when>
<when >2025-06-26T09:10:01.599Z</when>
<when >2025-06-26T09:10:07.129Z</when>
<when >2025-06-26T09:10:09.259Z</when>
<when >2025-06-26T09:10:11.179Z</when>
<when >2025-06-26T09:10:14.049Z</when>
<when >2025-06-26T09:10:15.419Z</when>
<when >2025-06-26T09:10:18.319Z</when>
<when >2025-06-26T09:10:20.629Z</when>
<when >2025-06-26T09:10:23.458Z</when>
<when >2025-06-26T09:10:28.369Z</when>
<when >2025-06-26T09:10:38.009Z</when>
<when >2025-06-26T09:10:39.429Z</when>
<when >2025-06-26T09:10:46.409Z</when>
<when >2025-06-26T09:10:48.259Z</when>
<when >2025-06-26T09:10:49.839Z</when>
<when >2025-06-26T09:10:51.159Z</when>
<when >2025-06-26T09:10:52.809Z</when>
<when >2025-06-26T09:10:53.968Z</when>
<when >2025-06-26T09:10:55.299Z</when>
<when >2025-06-26T09:10:56.718Z</when>
<when >2025-06-26T09:10:59.379Z</when>
<when >2025-06-26T09:11:06.369Z</when>
<when >2025-06-26T09:11:11.859Z</when>
<when >2025-06-26T09:11:30.919Z</when>
<when >2025-06-26T09:12:47.889Z</when>
<when >2025-06-26T09:14:07.869Z</when>
<when >2025-06-26T09:15:25.779Z</when>
<when >2025-06-26T09:16:44.509Z</when>
<when >2025-06-26T09:17:59.579Z</when>
<when >2025-06-26T09:18:09.718Z</when>
<when >2025-06-26T09:18:25.029Z</when>
<when >2025-06-26T09:19:41.849Z</when>
<when >2025-06-26T09:21:01.389Z</when>
<when >2025-06-26T09:22:21.329Z</when>
<when >2025-06-26T09:23:36.489Z</when>
<when >2025-06-26T09:24:56.169Z</when>
<when >2025-06-26T09:26:11.208Z</when>
<when >2025-06-26T09:27:22.109Z</when>
<when >2025-06-26T09:27:37.199Z</when>
<when >2025-06-26T09:28:57.019Z</when>
<when >2025-06-26T09:30:16.919Z</when>
<when >2025-06-26T09:30:41.399Z</when>
<when >2025-06-26T12:00:01.729Z</when>
<when >2025-06-26T12:00:08.569Z</when>
<when >2025-06-26T12:00:14.329Z</when>
<when >2025-06-26T12:00:20.468Z</when>
<when >2025-06-26T12:00:23.718Z</when>
<when >2025-06-26T12:00:26.839Z</when>
<when >2025-06-26T12:00:33.659Z</when>
<when >2025-06-26T12:00:40.369Z</when>
<when >2025-06-26T12:00:51.729Z</when>
<when >2025-06-26T12:00:58.468Z</when>
<when >2025-06-26T12:01:03.849Z</when>
<when >2025-06-26T12:01:09.968Z</when>
<when >2025-06-26T12:01:19.718Z</when>
<when >2025-06-26T12:01:24.099Z</when>
<when >2025-06-26T12:01:31.659Z</when>
<when >2025-06-26T12:01:42.979Z</when>
<when >2025-06-26T12:01:47.649Z</when>
<when >2025-06-26T12:02:07.509Z</when>
<when >2025-06-26T12:03:22.199Z</when>
<when >2025-06-26T12:03:37.769Z</when>
<when >2025-06-26T12:04:07.819Z</when>
<when >2025-06-26T12:04:48.249Z</when>
<when >2025-06-26T12:04:58.289Z</when>
<when >2025-06-26T12:05:17.939Z</when>
<when >2025-06-26T12:05:58.789Z</when>
<when >2025-06-26T12:06:19.089Z</when>
<when >2025-06-26T12:06:53.069Z</when>
<when >2025-06-26T12:07:00.458Z</when>
<when >2025-06-26T12:07:04.539Z</when>
<when >2025-06-26T12:07:06.069Z</when>
<when >2025-06-26T12:07:08.389Z</when>
<when >2025-06-26T12:07:09.319Z</when>
<when >2025-06-26T12:07:13.559Z</when>
<when >2025-06-26T12:07:18.419Z</when>
<when >2025-06-26T12:07:20.669Z</when>
<when >2025-06-26T12:07:22.849Z</when>
<when >2025-06-26T12:07:25.939Z</when>
<when >2025-06-26T12:07:28.749Z</when>
<when >2025-06-26T12:07:35.169Z</when>
<when >2025-06-26T12:07:39.349Z</when>
<when >2025-06-26T12:07:43.639Z</when>
<when >2025-06-26T12:07:46.059Z</when>
<when >2025-06-26T12:07:49.299Z</when>
<when >2025-06-26T12:07:52.718Z</when>
<when >2025-06-26T12:07:59.708Z</when>
<when >2025-06-26T12:08:03.679Z</when>
<when >2025-06-26T12:08:07.049Z</when>
<when >2025-06-26T12:08:08.269Z</when>
<when >2025-06-26T12:08:09.279Z</when>
<when >2025-06-26T12:08:11.149Z</when>
<when >2025-06-26T12:08:12.439Z</when>
<when >2025-06-26T12:08:13.359Z</when>
<when >2025-06-26T12:08:15.208Z</when>
<when >2025-06-26T12:08:19.119Z</when>
<when >2025-06-26T12:08:25.529Z</when>
<when >2025-06-26T12:08:30.749Z</when>
<when >2025-06-26T12:08:38.729Z</when>
<when >2025-06-26T12:08:46.319Z</when>
<when >2025-06-26T12:08:53.159Z</when>
<when >2025-06-26T12:09:00.099Z</when>
<when >2025-06-26T12:09:06.569Z</when>
<when >2025-06-26T12:09:11.899Z</when>
<when >2025-06-26T12:09:16.639Z</when>
<when >2025-06-26T12:09:18.169Z</when>
<when >2025-06-26T12:09:22.059Z</when>
<when >2025-06-26T12:09:47.759Z</when>
<when >2025-06-26T12:10:12.439Z</when>
<when >2025-06-26T12:10:49.169Z</when>
<when >2025-06-26T12:11:04.669Z</when>
<when >2025-06-26T12:11:19.649Z</when>
<when >2025-06-26T12:11:29.639Z</when>
<when >2025-06-26T12:11:39.119Z</when>
<when >2025-06-26T12:11:47.049Z</when>
<when >2025-06-26T12:11:54.559Z</when>
<when >2025-06-26T12:12:01.279Z</when>
<when >2025-06-26T12:12:04.129Z</when>
<when >2025-06-26T12:12:06.049Z</when>
<when >2025-06-26T12:12:07.899Z</when>
<when >2025-06-26T12:12:10.069Z</when>
<when >2025-06-26T12:12:11.718Z</when>
<when >2025-06-26T12:12:14.458Z</when>
<when >2025-06-26T12:12:16.879Z</when>
<when >2025-06-26T12:12:20.359Z</when>
<when >2025-06-26T12:12:27.049Z</when>
<when >2025-06-26T12:12:29.249Z</when>
<when >2025-06-26T12:12:31.369Z</when>
<when >2025-06-26T12:12:33.339Z</when>
<when >2025-06-26T12:12:34.999Z</when>
<when >2025-06-26T12:12:37.369Z</when>
<when >2025-06-26T12:12:40.529Z</when>
<when >2025-06-26T12:12:43.229Z</when>
<when >2025-06-26T12:12:45.019Z</when>
<when >2025-06-26T12:12:45.549Z</when>
<when >2025-06-26T12:12:47.229Z</when>
<when >2025-06-26T12:12:48.289Z</when>
<when >2025-06-26T12:12:49.039Z</when>
<when >2025-06-26T12:12:49.729Z</when>
<when >2025-06-26T12:12:50.609Z</when>
<when >2025-06-26T12:12:51.958Z</when>
<when >2025-06-26T12:12:53.539Z</when>
<when >2025-06-26T12:12:54.939Z</when>
<when >2025-06-26T12:12:55.669Z</when>
<when >2025-06-26T12:12:56.539Z</when>
<when >2025-06-26T12:12:57.289Z</when>
<when >2025-06-26T12:12:58.109Z</when>
<when >2025-06-26T12:12:58.849Z</when>
<when >2025-06-26T12:12:58.849Z</when>
<gx:coord >19.238539 47.437743 0</gx:coord>
<gx:coord >19.239138 47.437382 0</gx:coord>
<gx:coord >19.23967 47.437042 0</gx:coord>
<gx:coord >19.240159 47.436742 0</gx:coord>
<gx:coord >19.240408 47.436584 0</gx:coord>
<gx:coord >19.240854 47.43631 0</gx:coord>
<gx:coord >19.241585 47.435857 0</gx:coord>
<gx:coord >19.242078 47.435555 0</gx:coord>
<gx:coord >19.242691 47.435177 0</gx:coord>
<gx:coord >19.243103 47.434914 0</gx:coord>
<gx:coord >19.243504 47.43467 0</gx:coord>
<gx:coord >19.244156 47.434275 0</gx:coord>
<gx:coord >19.244473 47.434065 0</gx:coord>
<gx:coord >19.244825 47.433844 0</gx:coord>
<gx:coord >19.2453 47.433552 0</gx:coord>
<gx:coord >19.245899 47.433181 0</gx:coord>
<gx:coord >19.246347 47.432911 0</gx:coord>
<gx:coord >19.246759 47.432648 0</gx:coord>
<gx:coord >19.247219 47.432366 0</gx:coord>
<gx:coord >19.247669 47.432087 0</gx:coord>
<gx:coord >19.248116 47.431812 0</gx:coord>
<gx:coord >19.248593 47.431516 0</gx:coord>
<gx:coord >19.248957 47.431297 0</gx:coord>
<gx:coord >19.249111 47.431206 0</gx:coord>
<gx:coord >19.24935 47.431086 0</gx:coord>
<gx:coord >19.249523 47.431034 0</gx:coord>
<gx:coord >19.249678 47.431 0</gx:coord>
<gx:coord >19.249866 47.430977 0</gx:coord>
<gx:coord >19.250021 47.430965 0</gx:coord>
<gx:coord >19.250318 47.430981 0</gx:coord>
<gx:coord >19.250477 47.431016 0</gx:coord>
<gx:coord >19.250708 47.431114 0</gx:coord>
<gx:coord >19.250864 47.431191 0</gx:coord>
<gx:coord >19.250987 47.431272 0</gx:coord>
<gx:coord >19.251188 47.431412 0</gx:coord>
<gx:coord >19.251566 47.431709 0</gx:coord>
<gx:coord >19.252012 47.432041 0</gx:coord>
<gx:coord >19.252413 47.432343 0</gx:coord>
<gx:coord >19.252836 47.432657 0</gx:coord>
<gx:coord >19.253265 47.432968 0</gx:coord>
<gx:coord >19.253716 47.433297 0</gx:coord>
<gx:coord >19.254121 47.433611 0</gx:coord>
<gx:coord >19.254553 47.433929 0</gx:coord>
<gx:coord >19.254982 47.43425 0</gx:coord>
<gx:coord >19.255406 47.434566 0</gx:coord>
<gx:coord >19.255737 47.434811 0</gx:coord>
<gx:coord >19.255995 47.435005 0</gx:coord>
<gx:coord >19.256424 47.435303 0</gx:coord>
<gx:coord >19.256596 47.435394 0</gx:coord>
<gx:coord >19.256733 47.435429 0</gx:coord>
<gx:coord >19.256956 47.43544 0</gx:coord>
<gx:coord >19.257079 47.435415 0</gx:coord>
<gx:coord >19.257317 47.435326 0</gx:coord>
<gx:coord >19.257466 47.435229 0</gx:coord>
<gx:coord >19.25766 47.435108 0</gx:coord>
<gx:coord >19.258012 47.434903 0</gx:coord>
<gx:coord >19.258611 47.434682 0</gx:coord>
<gx:coord >19.258844 47.434536 0</gx:coord>
<gx:coord >19.259244 47.43431 0</gx:coord>
<gx:coord >19.259297 47.43424 0</gx:coord>
<gx:coord >19.259297 47.434193 0</gx:coord>
<gx:coord >19.25928 47.434147 0</gx:coord>
<gx:coord >19.259239 47.434101 0</gx:coord>
<gx:coord >19.259209 47.434077 0</gx:coord>
<gx:coord >19.259139 47.434042 0</gx:coord>
<gx:coord >19.259086 47.434019 0</gx:coord>
<gx:coord >19.25898 47.433972 0</gx:coord>
<gx:coord >19.25869 47.433769 0</gx:coord>
<gx:coord >19.258535 47.433643 0</gx:coord>
<gx:coord >19.258347 47.433518 0</gx:coord>
<gx:coord >19.258329 47.433495 0</gx:coord>
<gx:coord >19.258276 47.433483 0</gx:coord>
<gx:coord >19.258259 47.433472 0</gx:coord>
<gx:coord >19.258329 47.433506 0</gx:coord>
<gx:coord >19.258278 47.433483 0</gx:coord>
<gx:coord >19.258278 47.433483 0</gx:coord>
<gx:coord >19.258278 47.433483 0</gx:coord>
<gx:coord >19.258364 47.433518 0</gx:coord>
<gx:coord >19.258347 47.433518 0</gx:coord>
<gx:coord >19.258347 47.433518 0</gx:coord>
<gx:coord >19.258364 47.433518 0</gx:coord>
<gx:coord >19.258364 47.433529 0</gx:coord>
<gx:coord >19.258347 47.43353 0</gx:coord>
<gx:coord >19.258347 47.433518 0</gx:coord>
<gx:coord >19.258347 47.433518 0</gx:coord>
<gx:coord >19.258364 47.433518 0</gx:coord>
<gx:coord >19.258347 47.433518 0</gx:coord>
<gx:coord >19.258347 47.433518 0</gx:coord>
<gx:coord >19.258417 47.433576 0</gx:coord>
<gx:coord >19.258467 47.43362 0</gx:coord>
<gx:coord >19.258518 47.433666 0</gx:coord>
<gx:coord >19.258558 47.433704 0</gx:coord>
<gx:coord >19.258604 47.433735 0</gx:coord>
<gx:coord >19.258638 47.433758 0</gx:coord>
<gx:coord >19.258716 47.433798 0</gx:coord>
<gx:coord >19.258822 47.433832 0</gx:coord>
<gx:coord >19.25898 47.433879 0</gx:coord>
<gx:coord >19.259085 47.433907 0</gx:coord>
<gx:coord >19.259139 47.433926 0</gx:coord>
<gx:coord >19.259244 47.43396 0</gx:coord>
<gx:coord >19.259359 47.43401 0</gx:coord>
<gx:coord >19.259445 47.434044 0</gx:coord>
<gx:coord >19.259565 47.43409 0</gx:coord>
<gx:coord >19.25972 47.434182 0</gx:coord>
<gx:coord >19.259773 47.434205 0</gx:coord>
<gx:coord >19.25996 47.434353 0</gx:coord>
<gx:coord >19.260037 47.434356 0</gx:coord>
<gx:coord >19.259977 47.434364 0</gx:coord>
<gx:coord >19.259966 47.434356 0</gx:coord>
<gx:coord >19.259977 47.434364 0</gx:coord>
<gx:coord >19.259977 47.434364 0</gx:coord>
<gx:coord >19.259977 47.434364 0</gx:coord>
<gx:coord >19.259977 47.434364 0</gx:coord>
<gx:coord >19.259977 47.434364 0</gx:coord>
<gx:coord >19.259892 47.434307 0</gx:coord>
<gx:coord >19.259773 47.434217 0</gx:coord>
<gx:coord >19.259685 47.43417 0</gx:coord>
<gx:coord >19.259651 47.434158 0</gx:coord>
<gx:coord >19.259597 47.434158 0</gx:coord>
<gx:coord >19.259565 47.434158 0</gx:coord>
<gx:coord >19.259394 47.434193 0</gx:coord>
<gx:coord >19.259222 47.434296 0</gx:coord>
<gx:coord >19.259153 47.43433 0</gx:coord>
<gx:coord >19.259068 47.434399 0</gx:coord>
<gx:coord >19.258945 47.434473 0</gx:coord>
<gx:coord >19.258804 47.434566 0</gx:coord>
<gx:coord >19.258467 47.434753 0</gx:coord>
<gx:coord >19.258192 47.434834 0</gx:coord>
<gx:coord >19.257952 47.434902 0</gx:coord>
<gx:coord >19.257871 47.43495 0</gx:coord>
<gx:coord >19.257713 47.435043 0</gx:coord>
<gx:coord >19.257574 47.435131 0</gx:coord>
<gx:coord >19.257255 47.435334 0</gx:coord>
<gx:coord >19.257093 47.43544 0</gx:coord>
<gx:coord >19.257008 47.435566 0</gx:coord>
<gx:coord >19.257008 47.43566 0</gx:coord>
<gx:coord >19.257025 47.435703 0</gx:coord>
<gx:coord >19.257076 47.435795 0</gx:coord>
<gx:coord >19.257128 47.435852 0</gx:coord>
<gx:coord >19.257179 47.435886 0</gx:coord>
<gx:coord >19.257237 47.435939 0</gx:coord>
<gx:coord >19.257431 47.436067 0</gx:coord>
<gx:coord >19.25773 47.436288 0</gx:coord>
<gx:coord >19.257994 47.436486 0</gx:coord>
<gx:coord >19.258398 47.43679 0</gx:coord>
<gx:coord >19.258844 47.437122 0</gx:coord>
<gx:coord >19.259244 47.437417 0</gx:coord>
<gx:coord >19.259685 47.437743 0</gx:coord>
<gx:coord >19.260063 47.438038 0</gx:coord>
<gx:coord >19.260424 47.438301 0</gx:coord>
<gx:coord >19.260671 47.438476 0</gx:coord>
<gx:coord >19.260759 47.438546 0</gx:coord>
<gx:coord >19.260818 47.438587 0</gx:coord>
<gx:coord >19.260836 47.43861 0</gx:coord>
<gx:coord >19.260836 47.43861 0</gx:coord>
<gx:coord >19.260836 47.43861 0</gx:coord>
<gx:coord >19.260853 47.438622 0</gx:coord>
<gx:coord >19.261076 47.438782 0</gx:coord>
<gx:coord >19.261351 47.438976 0</gx:coord>
<gx:coord >19.26178 47.439308 0</gx:coord>
<gx:coord >19.262209 47.439617 0</gx:coord>
<gx:coord >19.262604 47.439915 0</gx:coord>
<gx:coord >19.263016 47.440224 0</gx:coord>
<gx:coord >19.26317 47.440327 0</gx:coord>
<gx:coord >19.263347 47.44042 0</gx:coord>
<gx:coord >19.263505 47.440489 0</gx:coord>
<gx:coord >19.26372 47.440567 0</gx:coord>
<gx:coord >19.263945 47.440617 0</gx:coord>
<gx:coord >19.264174 47.440652 0</gx:coord>
<gx:coord >19.264389 47.44067 0</gx:coord>
<gx:coord >19.264647 47.440681 0</gx:coord>
<gx:coord >19.265125 47.440722 0</gx:coord>
<gx:coord >19.26523 47.440716 0</gx:coord>
<gx:coord >19.265299 47.440681 0</gx:coord>
<gx:coord >19.265371 47.440652 0</gx:coord>
<gx:coord >19.265436 47.44059 0</gx:coord>
<gx:coord >19.265522 47.440521 0</gx:coord>
<gx:coord >19.265706 47.440408 0</gx:coord>
<gx:coord >19.265951 47.440247 0</gx:coord>
<gx:coord >19.266071 47.440178 0</gx:coord>
<gx:coord >19.266217 47.440082 0</gx:coord>
<gx:coord >19.266463 47.439931 0</gx:coord>
<gx:coord >19.266674 47.439791 0</gx:coord>
<gx:coord >19.266809 47.43972 0</gx:coord>
<gx:coord >19.267044 47.43957 0</gx:coord>
<gx:coord >19.267308 47.439407 0</gx:coord>
<gx:coord >19.267599 47.439228 0</gx:coord>
<gx:coord >19.268114 47.438908 0</gx:coord>
<gx:coord >19.268453 47.438697 0</gx:coord>
<gx:coord >19.268801 47.438473 0</gx:coord>
<gx:coord >19.269247 47.43821 0</gx:coord>
<gx:coord >19.269615 47.437976 0</gx:coord>
<gx:coord >19.270088 47.437683 0</gx:coord>
<gx:coord >19.270346 47.437523 0</gx:coord>
<gx:coord >19.270346 47.437523 0</gx:coord>
</gx:Track>
</Placemark>
<Placemark ><name >HA-LVJ</name>
<Style ><LineStyle ><color >ff1c1ae3</color>
<width >4</width>
</LineStyle>
<IconStyle ><Icon ><href >http://maps.google.com/mapfiles/kml/shapes/airports.png</href>
</Icon>
</IconStyle>
</Style>
<gx:Track ><altitudeMode >absolute</altitudeMode>
<extrude >1</extrude>
<when >2025-06-26T12:13:01.458Z</when>
<when >2025-06-26T12:13:03.529Z</when>
<when >2025-06-26T12:13:10.359Z</when>
<when >2025-06-26T12:13:14.419Z</when>
<when >2025-06-26T12:13:17.999Z</when>
<when >2025-06-26T12:13:19.599Z</when>
<when >2025-06-26T12:13:20.389Z</when>
<when >2025-06-26T12:13:22.499Z</when>
<when >2025-06-26T12:13:23.639Z</when>
<when >2025-06-26T12:13:26.579Z</when>
<when >2025-06-26T12:13:29.109Z</when>
<when >2025-06-26T12:13:32.289Z</when>
<when >2025-06-26T12:13:34.769Z</when>
<when >2025-06-26T12:13:37.729Z</when>
<when >2025-06-26T12:13:40.099Z</when>
<when >2025-06-26T12:13:42.989Z</when>
<when >2025-06-26T12:13:45.939Z</when>
<when >2025-06-26T12:13:49.119Z</when>
<when >2025-06-26T12:13:51.919Z</when>
<when >2025-06-26T12:13:54.689Z</when>
<when >2025-06-26T12:13:57.059Z</when>
<when >2025-06-26T12:13:59.369Z</when>
<when >2025-06-26T12:14:05.029Z</when>
<when >2025-06-26T12:14:08.958Z</when>
<when >2025-06-26T12:14:14.129Z</when>
<when >2025-06-26T12:14:17.718Z</when>
<when >2025-06-26T12:14:21.909Z</when>
<when >2025-06-26T12:14:25.359Z</when>
<when >2025-06-26T12:14:28.979Z</when>
<when >2025-06-26T12:14:34.099Z</when>
<when >2025-06-26T12:14:36.879Z</when>
<when >2025-06-26T12:14:39.789Z</when>
<when >2025-06-26T12:14:42.589Z</when>
<when >2025-06-26T12:14:46.839Z</when>
<when >2025-06-26T12:14:48.549Z</when>
<when >2025-06-26T12:14:50.369Z</when>
<when >2025-06-26T12:14:52.589Z</when>
<when >2025-06-26T12:14:55.379Z</when>
<when >2025-06-26T12:14:59.019Z</when>
<when >2025-06-26T12:15:01.809Z</when>
<when >2025-06-26T12:15:05.239Z</when>
<when >2025-06-26T12:15:08.699Z</when>
<when >2025-06-26T12:15:12.399Z</when>
<when >2025-06-26T12:15:14.599Z</when>
<when >2025-06-26T12:15:15.639Z</when>
<when >2025-06-26T12:15:18.189Z</when>
<when >2025-06-26T12:15:20.349Z</when>
<when >2025-06-26T12:15:22.899Z</when>
<when >2025-06-26T12:15:25.718Z</when>
<when >2025-06-26T12:15:29.069Z</when>
<when >2025-06-26T12:15:31.839Z</when>
<when >2025-06-26T12:15:34.729Z</when>
<when >2025-06-26T12:15:37.029Z</when>
<when >2025-06-26T12:15:40.059Z</when>
<when >2025-06-26T12:15:42.909Z</when>
<when >2025-06-26T12:15:44.809Z</when>
<when >2025-06-26T12:15:47.218Z</when>
<when >2025-06-26T12:15:48.519Z</when>
<when >2025-06-26T12:15:50.349Z</when>
<when >2025-06-26T12:15:52.218Z</when>
<when >2025-06-26T12:15:53.869Z</when>
<when >2025-06-26T12:15:55.218Z</when>
<when >2025-06-26T12:15:56.809Z</when>
<when >2025-06-26T12:15:58.889Z</when>
<when >2025-06-26T12:16:00.399Z</when>
<when >2025-06-26T12:16:02.039Z</when>
<when >2025-06-26T12:16:04.109Z</when>
<when >2025-06-26T12:16:05.769Z</when>
<when >2025-06-26T12:16:06.859Z</when>
<when >2025-06-26T12:16:08.639Z</when>
<when >2025-06-26T12:16:10.989Z</when>
<when >2025-06-26T12:16:13.589Z</when>
<when >2025-06-26T12:16:16.869Z</when>
<when >2025-06-26T12:16:19.269Z</when>
<when >2025-06-26T12:16:22.269Z</when>
<when >2025-06-26T12:16:24.309Z</when>
<when >2025-06-26T12:16:25.699Z</when>
<when >2025-06-26T12:16:26.039Z</when>
<when >2025-06-26T12:16:28.259Z</when>
<when >2025-06-26T12:16:29.729Z</when>
<when >2025-06-26T12:16:31.529Z</when>
<when >2025-06-26T12:16:32.919Z</when>
<when >2025-06-26T12:16:35.039Z</when>
<when >2025-06-26T12:16:36.569Z</when>
<when >2025-06-26T12:16:40.069Z</when>
<when >2025-06-26T12:16:43.089Z</when>
<when >2025-06-26T12:16:47.799Z</when>
<when >2025-06-26T12:16:51.669Z</when>
<when >2025-06-26T12:16:56.169Z</when>
<when >2025-06-26T12:17:02.279Z</when>
<when >2025-06-26T12:17:07.659Z</when>
<when >2025-06-26T12:17:12.189Z</when>
<when >2025-06-26T12:17:16.859Z</when>
<when >2025-06-26T12:17:21.869Z</when>
<when >2025-06-26T12:17:27.468Z</when>
<when >2025-06-26T12:17:31.669Z</when>
<when >2025-06-26T12:17:35.479Z</when>
<when >2025-06-26T12:17:38.449Z</when>
<when >2025-06-26T12:17:42.319Z</when>
<when >2025-06-26T12:17:44.699Z</when>
<when >2025-06-26T12:17:47.149Z</when>
<when >2025-06-26T12:17:49.718Z</when>
<when >2025-06-26T12:17:52.979Z</when>
<when >2025-06-26T12:17:57.039Z</when>
<when >2025-06-26T12:18:00.039Z</when>
<when >2025-06-26T12:18:02.089Z</when>
<when >2025-06-26T12:18:06.369Z</when>
<when >2025-06-26T12:18:13.659Z</when>
<when >2025-06-26T12:18:20.718Z</when>
<when >2025-06-26T12:18:29.059Z</when>
<when >2025-06-26T12:18:38.759Z</when>
<when >2025-06-26T12:18:42.739Z</when>
<when >2025-06-26T12:18:45.059Z</when>
<when >2025-06-26T12:18:46.708Z</when>
<when >2025-06-26T12:18:48.339Z</when>
<when >2025-06-26T12:18:49.399Z</when>
<when >2025-06-26T12:18:51.859Z</when>
<when >2025-06-26T12:18:53.779Z</when>
<when >2025-06-26T12:18:56.989Z</when>
<when >2025-06-26T12:18:59.979Z</when>
<when >2025-06-26T12:19:03.789Z</when>
<when >2025-06-26T12:19:11.139Z</when>
<when >2025-06-26T12:19:18.609Z</when>
<when >2025-06-26T12:19:23.449Z</when>
<when >2025-06-26T12:19:26.949Z</when>
<when >2025-06-26T12:19:34.569Z</when>
<when >2025-06-26T12:19:46.139Z</when>
<when >2025-06-26T12:19:54.489Z</when>
<when >2025-06-26T12:20:04.749Z</when>
<when >2025-06-26T12:20:15.849Z</when>
<when >2025-06-26T12:20:26.759Z</when>
<when >2025-06-26T12:20:38.609Z</when>
<when >2025-06-26T12:20:50.259Z</when>
<when >2025-06-26T12:21:01.789Z</when>
<when >2025-06-26T12:21:14.849Z</when>
<when >2025-06-26T12:21:21.718Z</when>
<when >2025-06-26T12:21:32.869Z</when>
<when >2025-06-26T12:21:42.899Z</when>
<when >2025-06-26T12:21:53.949Z</when>
<when >2025-06-26T12:22:05.589Z</when>
<when >2025-06-26T12:22:15.479Z</when>
<when >2025-06-26T12:22:19.849Z</when>
<when >2025-06-26T12:22:26.339Z</when>
<when >2025-06-26T12:22:28.249Z</when>
<when >2025-06-26T12:22:39.829Z</when>
<when >2025-06-26T12:22:51.589Z</when>
<when >2025-06-26T12:23:04.569Z</when>
<when >2025-06-26T12:23:17.309Z</when>
<when >2025-06-26T12:23:28.679Z</when>
<when >2025-06-26T12:23:34.839Z</when>
<when >2025-06-26T12:23:44.179Z</when>
<when >2025-06-26T12:23:55.809Z</when>
<when >2025-06-26T12:24:08.389Z</when>
<when >2025-06-26T12:24:20.279Z</when>
<when >2025-06-26T12:24:31.939Z</when>
<when >2025-06-26T12:24:35.449Z</when>
<when >2025-06-26T12:24:49.659Z</when>
<when >2025-06-26T12:25:03.179Z</when>
<when >2025-06-26T12:25:15.609Z</when>
<when >2025-06-26T12:25:28.229Z</when>
<when >2025-06-26T12:25:41.089Z</when>
<when >2025-06-26T12:25:54.399Z</when>
<when >2025-06-26T12:26:09.399Z</when>
<when >2025-06-26T12:26:23.369Z</when>
<when >2025-06-26T12:26:38.149Z</when>
<when >2025-06-26T12:26:52.689Z</when>
<when >2025-06-26T12:27:06.359Z</when>
<when >2025-06-26T12:27:19.059Z</when>
<when >2025-06-26T12:27:33.809Z</when>
<when >2025-06-26T12:27:47.859Z</when>
<when >2025-06-26T12:28:03.359Z</when>
<when >2025-06-26T12:28:19.189Z</when>
<when >2025-06-26T12:28:35.569Z</when>
<when >2025-06-26T12:28:50.529Z</when>
<when >2025-06-26T12:29:02.979Z</when>
<when >2025-06-26T12:29:17.889Z</when>
<when >2025-06-26T12:29:29.569Z</when>
<when >2025-06-26T12:29:49.479Z</when>
<when >2025-06-26T12:30:04.049Z</when>
<when >2025-06-26T12:30:17.749Z</when>
<when >2025-06-26T12:30:32.419Z</when>
<when >2025-06-26T12:30:47.519Z</when>
<when >2025-06-26T12:30:57.699Z</when>
<when >2025-06-26T12:31:15.669Z</when>
<when >2025-06-26T12:31:31.609Z</when>
<when >2025-06-26T12:31:46.019Z</when>
<when >2025-06-26T12:31:58.739Z</when>
<when >2025-06-26T12:32:11.889Z</when>
<when >2025-06-26T12:32:22.439Z</when>
<when >2025-06-26T12:32:31.139Z</when>
<when >2025-06-26T12:32:40.399Z</when>
<when >2025-06-26T12:32:48.539Z</when>
<when >2025-06-26T12:32:58.399Z</when>
<when >2025-06-26T12:33:07.499Z</when>
<when >2025-06-26T12:33:16.409Z</when>
<when >2025-06-26T12:33:30.909Z</when>
<when >2025-06-26T12:33:47.279Z</when>
<when >2025-06-26T12:34:03.549Z</when>
<when >2025-06-26T12:34:19.979Z</when>
<when >2025-06-26T12:34:34.169Z</when>
<when >2025-06-26T12:34:42.089Z</when>
<when >2025-06-26T12:35:01.708Z</when>
<when >2025-06-26T12:35:21.269Z</when>
<when >2025-06-26T12:35:40.819Z</when>
<when >2025-06-26T12:36:00.599Z</when>
<when >2025-06-26T12:36:20.429Z</when>
<when >2025-06-26T12:36:40.229Z</when>
<when >2025-06-26T12:37:00.119Z</when>
<when >2025-06-26T12:37:19.829Z</when>
<when >2025-06-26T12:37:39.789Z</when>
<when >2025-06-26T12:37:59.519Z</when>
<when >2025-06-26T12:38:19.049Z</when>
<when >2025-06-26T12:38:38.889Z</when>
<when >2025-06-26T12:38:58.769Z</when>
<when >2025-06-26T12:39:18.319Z</when>
<when >2025-06-26T12:39:37.939Z</when>
<when >2025-06-26T12:39:57.569Z</when>
<when >2025-06-26T12:40:17.549Z</when>
<when >2025-06-26T12:40:37.218Z</when>
<when >2025-06-26T12:40:56.708Z</when>
<when >2025-06-26T12:41:16.529Z</when>
<when >2025-06-26T12:41:36.458Z</when>
<when >2025-06-26T12:41:56.439Z</when>
<when >2025-06-26T12:42:16.159Z</when>
<when >2025-06-26T12:42:35.789Z</when>
<when >2025-06-26T12:42:55.458Z</when>
<when >2025-06-26T12:43:15.208Z</when>
<when >2025-06-26T12:43:35.079Z</when>
<when >2025-06-26T12:43:54.439Z</when>
<when >2025-06-26T12:44:14.269Z</when>
<when >2025-06-26T12:44:33.879Z</when>
<when >2025-06-26T12:44:53.229Z</when>
<when >2025-06-26T12:45:12.929Z</when>
<when >2025-06-26T12:45:32.509Z</when>
<when >2025-06-26T12:45:52.279Z</when>
<when >2025-06-26T12:46:11.879Z</when>
<when >2025-06-26T12:46:31.689Z</when>
<when >2025-06-26T12:46:51.619Z</when>
<when >2025-06-26T12:47:11.509Z</when>
<when >2025-06-26T12:47:30.899Z</when>
<when >2025-06-26T12:47:50.679Z</when>
<when >2025-06-26T12:48:10.319Z</when>
<when >2025-06-26T12:48:29.869Z</when>
<when >2025-06-26T12:48:49.649Z</when>
<when >2025-06-26T12:49:09.529Z</when>
<when >2025-06-26T12:49:29.029Z</when>
<when >2025-06-26T12:49:48.949Z</when>
<when >2025-06-26T12:50:08.939Z</when>
<when >2025-06-26T12:50:28.669Z</when>
<when >2025-06-26T12:50:48.289Z</when>
<when >2025-06-26T12:51:08.089Z</when>
<when >2025-06-26T12:51:27.708Z</when>
<when >2025-06-26T12:51:47.339Z</when>
<when >2025-06-26T12:52:07.329Z</when>
<when >2025-06-26T12:52:27.079Z</when>
<when >2025-06-26T12:52:46.829Z</when>
<when >2025-06-26T12:53:06.609Z</when>
<when >2025-06-26T12:53:26.329Z</when>
<when >2025-06-26T12:53:46.229Z</when>
<when >2025-06-26T12:54:05.919Z</when>
<when >2025-06-26T12:54:25.749Z</when>
<when >2025-06-26T12:54:45.639Z</when>
<when >2025-06-26T12:55:04.949Z</when>
<when >2025-06-26T12:55:24.718Z</when>
<when >2025-06-26T12:55:44.699Z</when>
<when >2025-06-26T12:56:04.129Z</when>
<when >2025-06-26T12:56:23.899Z</when>
<when >2025-06-26T12:56:43.499Z</when>
<when >2025-06-26T12:57:03.479Z</when>
<when >2025-06-26T12:57:23.139Z</when>
<when >2025-06-26T12:57:42.869Z</when>
<when >2025-06-26T12:58:01.809Z</when>
<when >2025-06-26T12:58:21.549Z</when>
<when >2025-06-26T12:58:41.519Z</when>
<when >2025-06-26T12:59:01.039Z</when>
<when >2025-06-26T12:59:20.679Z</when>
<when >2025-06-26T12:59:40.669Z</when>
<when >2025-06-26T13:00:00.389Z</when>
<when >2025-06-26T13:00:20.339Z</when>
<when >2025-06-26T13:00:40.019Z</when>
<when >2025-06-26T13:00:59.769Z</when>
<when >2025-06-26T13:01:19.399Z</when>
<when >2025-06-26T13:01:39.159Z</when>
<when >2025-06-26T13:01:58.929Z</when>
<when >2025-06-26T13:02:18.749Z</when>
<when >2025-06-26T13:02:38.639Z</when>
<when >2025-06-26T13:02:58.499Z</when>
<when >2025-06-26T13:03:18.229Z</when>
<when >2025-06-26T13:03:37.849Z</when>
<when >2025-06-26T13:03:57.389Z</when>
<when >2025-06-26T13:04:16.169Z</when>
<when >2025-06-26T13:04:24.829Z</when>
<when >2025-06-26T13:04:34.309Z</when>
<when >2025-06-26T13:04:42.339Z</when>
<when >2025-06-26T13:04:51.309Z</when>
<when >2025-06-26T13:05:01.519Z</when>
<when >2025-06-26T13:05:10.669Z</when>
<when >2025-06-26T13:05:19.589Z</when>
<when >2025-06-26T13:05:39.489Z</when>
<when >2025-06-26T13:05:59.369Z</when>
<when >2025-06-26T13:06:18.829Z</when>
<when >2025-06-26T13:06:38.639Z</when>
<when >2025-06-26T13:06:58.458Z</when>
<when >2025-06-26T13:07:18.259Z</when>
<when >2025-06-26T13:07:38.059Z</when>
<when >2025-06-26T13:07:57.769Z</when>
<when >2025-06-26T13:08:17.409Z</when>
<when >2025-06-26T13:08:37.119Z</when>
<when >2025-06-26T13:08:56.979Z</when>
<when >2025-06-26T13:09:16.979Z</when>
<when >2025-06-26T13:09:36.549Z</when>
<when >2025-06-26T13:09:56.429Z</when>
<when >2025-06-26T13:10:16.009Z</when>
<when >2025-06-26T13:10:35.949Z</when>
<when >2025-06-26T13:10:55.249Z</when>
<when >2025-06-26T13:11:14.999Z</when>
<when >2025-06-26T13:11:34.609Z</when>
<when >2025-06-26T13:11:54.559Z</when>
<when >2025-06-26T13:12:14.399Z</when>
<when >2025-06-26T13:12:34.218Z</when>
<when >2025-06-26T13:12:54.049Z</when>
<when >2025-06-26T13:13:13.589Z</when>
<when >2025-06-26T13:13:32.869Z</when>
<when >2025-06-26T13:13:52.789Z</when>
<when >2025-06-26T13:14:12.609Z</when>
<when >2025-06-26T13:14:32.299Z</when>
<when >2025-06-26T13:14:51.809Z</when>
<when >2025-06-26T13:15:11.249Z</when>
<when >2025-06-26T13:15:30.869Z</when>
<when >2025-06-26T13:15:50.759Z</when>
<when >2025-06-26T13:16:10.479Z</when>
<when >2025-06-26T13:16:30.468Z</when>
<when >2025-06-26T13:16:50.399Z</when>
<when >2025-06-26T13:17:10.349Z</when>
<when >2025-06-26T13:17:29.958Z</when>
<when >2025-06-26T13:17:49.929Z</when>
<when >2025-06-26T13:18:08.329Z</when>
<when >2025-06-26T13:18:27.929Z</when>
<when >2025-06-26T13:18:47.499Z</when>
<when >2025-06-26T13:19:07.419Z</when>
<when >2025-06-26T13:19:27.109Z</when>
<when >2025-06-26T13:19:46.979Z</when>
<when >2025-06-26T13:20:06.569Z</when>
<when >2025-06-26T13:20:26.189Z</when>
<when >2025-06-26T13:20:33.949Z</when>
<when >2025-06-26T13:20:39.929Z</when>
<when >2025-06-26T13:20:46.979Z</when>
<when >2025-06-26T13:20:57.419Z</when>
<when >2025-06-26T13:21:17.139Z</when>
<when >2025-06-26T13:21:36.958Z</when>
<when >2025-06-26T13:21:51.079Z</when>
<when >2025-06-26T13:22:10.968Z</when>
<when >2025-06-26T13:22:30.799Z</when>
<when >2025-06-26T13:22:50.519Z</when>
<when >2025-06-26T13:23:10.089Z</when>
<when >2025-06-26T13:23:29.979Z</when>
<when >2025-06-26T13:23:49.569Z</when>
<when >2025-06-26T13:24:06.249Z</when>
<when >2025-06-26T13:24:25.729Z</when>
<when >2025-06-26T13:24:45.669Z</when>
<when >2025-06-26T13:25:05.089Z</when>
<when >2025-06-26T13:25:25.019Z</when>
<when >2025-06-26T13:25:44.479Z</when>
<when >2025-06-26T13:26:04.129Z</when>
<when >2025-06-26T13:26:23.539Z</when>
<when >2025-06-26T13:26:43.199Z</when>
<when >2025-06-26T13:27:02.809Z</when>
<when >2025-06-26T13:27:22.549Z</when>
<when >2025-06-26T13:27:42.079Z</when>
<when >2025-06-26T13:28:01.809Z</when>
<when >2025-06-26T13:28:21.619Z</when>
<when >2025-06-26T13:28:41.189Z</when>
<when >2025-06-26T13:29:01.129Z</when>
<when >2025-06-26T13:29:20.669Z</when>
<when >2025-06-26T13:29:32.829Z</when>
<when >2025-06-26T13:29:37.829Z</when>
<when >2025-06-26T13:29:41.619Z</when>
<when >2025-06-26T13:29:46.199Z</when>
<when >2025-06-26T13:29:50.958Z</when>
<when >2025-06-26T13:29:55.419Z</when>
<when >2025-06-26T13:30:00.839Z</when>
<when >2025-06-26T13:30:04.699Z</when>
<when >2025-06-26T13:30:10.109Z</when>
<when >2025-06-26T13:30:30.029Z</when>
<when >2025-06-26T13:30:43.919Z</when>
<when >2025-06-26T13:31:03.529Z</when>
<when >2025-06-26T13:31:23.309Z</when>
<when >2025-06-26T13:31:43.109Z</when>
<when >2025-06-26T13:32:02.269Z</when>
<when >2025-06-26T13:32:21.759Z</when>
<when >2025-06-26T13:32:41.369Z</when>
<when >2025-06-26T13:33:01.259Z</when>
<when >2025-06-26T13:33:21.218Z</when>
<when >2025-06-26T13:33:40.819Z</when>
<when >2025-06-26T13:34:00.359Z</when>
<when >2025-06-26T13:34:20.239Z</when>
<when >2025-06-26T13:34:39.949Z</when>
<when >2025-06-26T13:34:59.458Z</when>
<when >2025-06-26T13:35:19.389Z</when>
<when >2025-06-26T13:35:39.229Z</when>
<when >2025-06-26T13:35:58.879Z</when>
<when >2025-06-26T13:36:18.589Z</when>
<when >2025-06-26T13:36:38.439Z</when>
<when >2025-06-26T13:36:58.059Z</when>
<when >2025-06-26T13:37:18.039Z</when>
<when >2025-06-26T13:37:37.879Z</when>
<when >2025-06-26T13:37:57.819Z</when>
<when >2025-06-26T13:38:17.659Z</when>
<when >2025-06-26T13:38:36.949Z</when>
<when >2025-06-26T13:38:56.889Z</when>
<when >2025-06-26T13:39:16.869Z</when>
<when >2025-06-26T13:39:36.609Z</when>
<when >2025-06-26T13:39:56.559Z</when>
<when >2025-06-26T13:40:15.989Z</when>
<when >2025-06-26T13:40:35.779Z</when>
<when >2025-06-26T13:40:55.199Z</when>
<when >2025-06-26T13:41:15.039Z</when>
<when >2025-06-26T13:41:35.039Z</when>
<when >2025-06-26T13:41:54.829Z</when>
<when >2025-06-26T13:42:14.519Z</when>
<when >2025-06-26T13:42:34.419Z</when>
<when >2025-06-26T13:42:54.299Z</when>
<when >2025-06-26T13:43:13.929Z</when>
<when >2025-06-26T13:43:33.499Z</when>
<when >2025-06-26T13:43:53.419Z</when>
<when >2025-06-26T13:44:13.329Z</when>
<when >2025-06-26T13:44:33.319Z</when>
<when >2025-06-26T13:44:52.968Z</when>
<when >2025-06-26T13:45:12.489Z</when>
<when >2025-06-26T13:45:32.419Z</when>
<when >2025-06-26T13:45:52.399Z</when>
<when >2025-06-26T13:46:12.399Z</when>
<when >2025-06-26T13:46:32.259Z</when>
<when >2025-06-26T13:46:51.699Z</when>
<when >2025-06-26T13:47:11.689Z</when>
<when >2025-06-26T13:47:31.499Z</when>
<when >2025-06-26T13:47:51.029Z</when>
<when >2025-06-26T13:48:10.879Z</when>
<when >2025-06-26T13:48:30.669Z</when>
<when >2025-06-26T13:48:50.119Z</when>
<when >2025-06-26T13:49:09.718Z</when>
<when >2025-06-26T13:49:29.329Z</when>
<when >2025-06-26T13:49:49.019Z</when>
<when >2025-06-26T13:50:08.919Z</when>
<when >2025-06-26T13:50:28.789Z</when>
<when >2025-06-26T13:50:48.749Z</when>
<when >2025-06-26T13:51:08.369Z</when>
<when >2025-06-26T13:51:28.249Z</when>
<when >2025-06-26T13:51:42.239Z</when>
<when >2025-06-26T13:51:46.179Z</when>
<when >2025-06-26T13:51:51.949Z</when>
<when >2025-06-26T13:52:04.699Z</when>
<when >2025-06-26T13:52:17.468Z</when>
<when >2025-06-26T13:52:32.708Z</when>
<when >2025-06-26T13:52:48.629Z</when>
<when >2025-06-26T13:53:03.879Z</when>
<when >2025-06-26T13:53:18.749Z</when>
<when >2025-06-26T13:53:34.129Z</when>
<when >2025-06-26T13:53:50.629Z</when>
<when >2025-06-26T13:54:06.759Z</when>
<when >2025-06-26T13:54:21.468Z</when>
<when >2025-06-26T13:54:36.299Z</when>
<when >2025-06-26T13:54:51.409Z</when>
<when >2025-06-26T13:55:06.019Z</when>
<when >2025-06-26T13:55:17.079Z</when>
<when >2025-06-26T13:55:32.619Z</when>
<when >2025-06-26T13:55:47.899Z</when>
<when >2025-06-26T13:56:02.659Z</when>
<when >2025-06-26T13:56:19.939Z</when>
<when >2025-06-26T13:56:36.619Z</when>
<when >2025-06-26T13:56:47.609Z</when>
<when >2025-06-26T13:56:52.299Z</when>
<when >2025-06-26T13:56:56.109Z</when>
<when >2025-06-26T13:57:00.559Z</when>
<when >2025-06-26T13:57:04.649Z</when>
<when >2025-06-26T13:57:07.379Z</when>
<when >2025-06-26T13:57:11.839Z</when>
<when >2025-06-26T13:57:26.689Z</when>
<when >2025-06-26T13:57:41.069Z</when>
<when >2025-06-26T13:57:55.079Z</when>
<when >2025-06-26T13:58:08.509Z</when>
<when >2025-06-26T13:58:22.339Z</when>
<when >2025-06-26T13:58:38.889Z</when>
<when >2025-06-26T13:58:54.029Z</when>
<when >2025-06-26T13:59:08.049Z</when>
<when >2025-06-26T13:59:22.999Z</when>
<when >2025-06-26T13:59:37.679Z</when>
<when >2025-06-26T13:59:52.569Z</when>
<when >2025-06-26T14:00:07.529Z</when>
<when >2025-06-26T14:00:22.539Z</when>
<when >2025-06-26T14:00:37.349Z</when>
<when >2025-06-26T14:00:53.279Z</when>
<when >2025-06-26T14:01:07.849Z</when>
<when >2025-06-26T14:01:22.679Z</when>
<when >2025-06-26T14:01:37.859Z</when>
<when >2025-06-26T14:01:53.649Z</when>
<when >2025-06-26T14:02:08.569Z</when>
<when >2025-06-26T14:02:24.809Z</when>
<when >2025-06-26T14:02:42.609Z</when>
<when >2025-06-26T14:02:59.349Z</when>
<when >2025-06-26T14:03:14.099Z</when>
<when >2025-06-26T14:03:27.769Z</when>
<when >2025-06-26T14:03:40.049Z</when>
<when >2025-06-26T14:03:52.589Z</when>
<when >2025-06-26T14:04:05.649Z</when>
<when >2025-06-26T14:04:17.708Z</when>
<when >2025-06-26T14:04:30.649Z</when>
<when >2025-06-26T14:04:45.189Z</when>
<when >2025-06-26T14:05:01.389Z</when>
<when >2025-06-26T14:05:12.229Z</when>
<when >2025-06-26T14:05:16.579Z</when>
<when >2025-06-26T14:05:20.369Z</when>
<when >2025-06-26T14:05:24.149Z</when>
<when >2025-06-26T14:05:27.049Z</when>
<when >2025-06-26T14:05:31.899Z</when>
<when >2025-06-26T14:05:37.789Z</when>
<when >2025-06-26T14:05:53.929Z</when>
<when >2025-06-26T14:06:10.659Z</when>
<when >2025-06-26T14:06:30.179Z</when>
<when >2025-06-26T14:06:49.759Z</when>
<when >2025-06-26T14:07:09.468Z</when>
<when >2025-06-26T14:07:28.859Z</when>
<when >2025-06-26T14:07:48.739Z</when>
<when >2025-06-26T14:08:08.239Z</when>
<when >2025-06-26T14:08:27.799Z</when>
<when >2025-06-26T14:08:47.789Z</when>
<when >2025-06-26T14:09:07.629Z</when>
<when >2025-06-26T14:09:27.509Z</when>
<when >2025-06-26T14:09:47.468Z</when>
<when >2025-06-26T14:10:07.239Z</when>
<when >2025-06-26T14:10:12.859Z</when>
<when >2025-06-26T14:10:27.949Z</when>
<when >2025-06-26T14:10:43.829Z</when>
<when >2025-06-26T14:11:01.009Z</when>
<when >2025-06-26T14:11:19.149Z</when>
<when >2025-06-26T14:11:35.389Z</when>
<when >2025-06-26T14:11:51.599Z</when>
<when >2025-06-26T14:12:09.409Z</when>
<when >2025-06-26T14:12:26.979Z</when>
<when >2025-06-26T14:12:44.539Z</when>
<when >2025-06-26T14:13:02.669Z</when>
<when >2025-06-26T14:13:21.749Z</when>
<when >2025-06-26T14:13:39.889Z</when>
<when >2025-06-26T14:13:59.609Z</when>
<when >2025-06-26T14:14:17.779Z</when>
<when >2025-06-26T14:14:34.329Z</when>
<when >2025-06-26T14:14:50.379Z</when>
<when >2025-06-26T14:14:57.889Z</when>
<when >2025-06-26T14:15:09.989Z</when>
<when >2025-06-26T14:15:13.029Z</when>
<when >2025-06-26T14:15:16.989Z</when>
<when >2025-06-26T14:15:22.169Z</when>
<when >2025-06-26T14:15:35.019Z</when>
<when >2025-06-26T14:15:53.329Z</when>
<when >2025-06-26T14:16:13.259Z</when>
<when >2025-06-26T14:16:33.249Z</when>
<when >2025-06-26T14:16:52.899Z</when>
<when >2025-06-26T14:17:12.749Z</when>
<when >2025-06-26T14:17:18.109Z</when>
<when >2025-06-26T14:17:25.799Z</when>
<when >2025-06-26T14:17:41.319Z</when>
<when >2025-06-26T14:17:57.759Z</when>
<when >2025-06-26T14:18:14.149Z</when>
<when >2025-06-26T14:18:29.659Z</when>
<when >2025-06-26T14:18:45.769Z</when>
<when >2025-06-26T14:19:02.149Z</when>
<when >2025-06-26T14:19:17.889Z</when>
<when >2025-06-26T14:19:26.379Z</when>
<when >2025-06-26T14:19:34.759Z</when>
<when >2025-06-26T14:19:43.589Z</when>
<when >2025-06-26T14:19:52.439Z</when>
<when >2025-06-26T14:19:56.929Z</when>
<when >2025-06-26T14:19:59.949Z</when>
<when >2025-06-26T14:20:02.599Z</when>
<when >2025-06-26T14:20:04.919Z</when>
<when >2025-06-26T14:20:07.689Z</when>
<when >2025-06-26T14:20:10.468Z</when>
<when >2025-06-26T14:20:13.139Z</when>
<when >2025-06-26T14:20:15.199Z</when>
<when >2025-06-26T14:20:18.059Z</when>
<when >2025-06-26T14:20:20.669Z</when>
<when >2025-06-26T14:20:23.949Z</when>
<when >2025-06-26T14:20:28.319Z</when>
<when >2025-06-26T14:20:34.259Z</when>
<when >2025-06-26T14:20:41.339Z</when>
<when >2025-06-26T14:20:48.669Z</when>
<when >2025-06-26T14:20:58.189Z</when>
<when >2025-06-26T14:21:06.689Z</when>
<when >2025-06-26T14:21:10.769Z</when>
<when >2025-06-26T14:21:13.509Z</when>
<when >2025-06-26T14:21:16.718Z</when>
<when >2025-06-26T14:21:19.649Z</when>
<when >2025-06-26T14:21:24.129Z</when>
<when >2025-06-26T14:21:28.789Z</when>
<when >2025-06-26T14:21:34.759Z</when>
<when >2025-06-26T14:21:35.218Z</when>
<when >2025-06-26T14:21:44.659Z</when>
<when >2025-06-26T14:21:45.079Z</when>
<when >2025-06-26T14:21:47.039Z</when>
<when >2025-06-26T14:21:47.619Z</when>
<when >2025-06-26T14:21:50.869Z</when>
<when >2025-06-26T14:21:54.968Z</when>
<when >2025-06-26T14:21:59.339Z</when>
<when >2025-06-26T14:22:04.149Z</when>
<when >2025-06-26T14:22:09.399Z</when>
<when >2025-06-26T14:22:09.949Z</when>
<when >2025-06-26T14:22:12.589Z</when>
<when >2025-06-26T14:22:21.779Z</when>
<when >2025-06-26T14:22:29.169Z</when>
<when >2025-06-26T14:22:36.468Z</when>
<when >2025-06-26T14:22:41.429Z</when>
<when >2025-06-26T14:22:50.829Z</when>
<when >2025-06-26T14:22:59.499Z</when>
<when >2025-06-26T14:23:03.009Z</when>
<when >2025-06-26T14:23:06.889Z</when>
<when >2025-06-26T14:23:09.699Z</when>
<when >2025-06-26T14:23:14.489Z</when>
<when >2025-06-26T14:23:20.279Z</when>
<when >2025-06-26T14:23:26.708Z</when>
<when >2025-06-26T14:23:32.309Z</when>
<when >2025-06-26T14:23:38.089Z</when>
<when >2025-06-26T14:23:41.629Z</when>
<when >2025-06-26T14:23:43.419Z</when>
<when >2025-06-26T14:23:46.589Z</when>
<when >2025-06-26T14:23:48.708Z</when>
<when >2025-06-26T14:23:51.749Z</when>
<when >2025-06-26T14:23:54.889Z</when>
<when >2025-06-26T14:23:57.769Z</when>
<when >2025-06-26T14:24:00.199Z</when>
<when >2025-06-26T14:24:03.849Z</when>
<when >2025-06-26T14:24:06.019Z</when>
<when >2025-06-26T14:24:09.629Z</when>
<when >2025-06-26T14:24:11.199Z</when>
<when >2025-06-26T14:24:16.039Z</when>
<when >2025-06-26T14:24:20.309Z</when>
<when >2025-06-26T14:24:25.889Z</when>
<when >2025-06-26T14:24:31.339Z</when>
<when >2025-06-26T14:24:37.179Z</when>
<when >2025-06-26T14:24:42.539Z</when>
<when >2025-06-26T14:24:48.249Z</when>
<when >2025-06-26T14:24:51.179Z</when>
<when >2025-06-26T14:24:54.769Z</when>
<when >2025-06-26T14:24:58.208Z</when>
<when >2025-06-26T14:25:01.549Z</when>
<when >2025-06-26T14:25:04.179Z</when>
<when >2025-06-26T14:25:07.249Z</when>
<when >2025-06-26T14:25:09.059Z</when>
<when >2025-06-26T14:25:11.559Z</when>
<when >2025-06-26T14:25:14.799Z</when>
<when >2025-06-26T14:25:17.769Z</when>
<when >2025-06-26T14:25:21.019Z</when>
<when >2025-06-26T14:25:24.458Z</when>
<when >2025-06-26T14:25:29.669Z</when>
<when >2025-06-26T14:25:38.239Z</when>
<when >2025-06-26T14:25:43.129Z</when>
<when >2025-06-26T14:25:46.979Z</when>
<when >2025-06-26T14:25:51.999Z</when>
<when >2025-06-26T14:25:55.579Z</when>
<when >2025-06-26T14:25:57.589Z</when>
<when >2025-06-26T14:26:02.129Z</when>
<when >2025-06-26T14:26:05.559Z</when>
<when >2025-06-26T14:26:09.958Z</when>
<when >2025-06-26T14:26:11.519Z</when>
<when >2025-06-26T14:26:13.979Z</when>
<when >2025-06-26T14:26:28.029Z</when>
<when >2025-06-26T14:26:34.239Z</when>
<when >2025-06-26T14:26:36.149Z</when>
<when >2025-06-26T14:26:39.759Z</when>
<when >2025-06-26T14:26:42.409Z</when>
<when >2025-06-26T14:26:44.689Z</when>
<when >2025-06-26T14:26:47.799Z</when>
<when >2025-06-26T14:26:50.549Z</when>
<when >2025-06-26T14:26:53.289Z</when>
<when >2025-06-26T14:26:56.109Z</when>
<when >2025-06-26T14:26:59.059Z</when>
<when >2025-06-26T14:27:02.708Z</when>
<when >2025-06-26T14:27:07.639Z</when>
<when >2025-06-26T14:27:13.649Z</when>
<when >2025-06-26T14:27:22.529Z</when>
<when >2025-06-26T14:27:28.659Z</when>
<when >2025-06-26T14:27:36.189Z</when>
<when >2025-06-26T14:27:46.039Z</when>
<when >2025-06-26T14:27:49.619Z</when>
<when >2025-06-26T14:27:52.119Z</when>
<when >2025-06-26T14:27:54.599Z</when>
<when >2025-06-26T14:27:57.679Z</when>
<when >2025-06-26T14:27:59.879Z</when>
<when >2025-06-26T14:28:02.639Z</when>
<when >2025-06-26T14:28:05.379Z</when>
<when >2025-06-26T14:28:07.089Z</when>
<when >2025-06-26T14:28:08.499Z</when>
<when >2025-06-26T14:28:09.739Z</when>
<when >2025-06-26T14:28:11.239Z</when>
<when >2025-06-26T14:28:12.609Z</when>
<when >2025-06-26T14:28:14.849Z</when>
<when >2025-06-26T14:28:16.029Z</when>
<when >2025-06-26T14:28:18.479Z</when>
<when >2025-06-26T14:28:28.329Z</when>
<when >2025-06-26T14:28:36.729Z</when>
<when >2025-06-26T14:28:45.299Z</when>
<when >2025-06-26T14:28:54.099Z</when>
<when >2025-06-26T14:29:03.369Z</when>
<when >2025-06-26T14:29:12.259Z</when>
<when >2025-06-26T14:29:20.689Z</when>
<when >2025-06-26T14:29:28.289Z</when>
<when >2025-06-26T14:29:35.849Z</when>
<when >2025-06-26T14:29:42.749Z</when>
<when >2025-06-26T14:29:49.829Z</when>
<when >2025-06-26T14:29:56.819Z</when>
<when >2025-06-26T14:30:03.779Z</when>
<when >2025-06-26T14:30:11.509Z</when>
<when >2025-06-26T14:30:18.718Z</when>
<when >2025-06-26T14:30:25.829Z</when>
<when >2025-06-26T14:30:34.399Z</when>
<when >2025-06-26T14:30:39.989Z</when>
<when >2025-06-26T14:30:44.029Z</when>
<when >2025-06-26T14:30:48.999Z</when>
<when >2025-06-26T14:30:53.559Z</when>
<when >2025-06-26T14:30:55.999Z</when>
<when >2025-06-26T14:30:58.559Z</when>
<when >2025-06-26T14:31:04.389Z</when>
<when >2025-06-26T14:31:12.919Z</when>
<when >2025-06-26T14:31:19.299Z</when>
<when >2025-06-26T14:31:27.708Z</when>
<when >2025-06-26T14:31:36.109Z</when>
<when >2025-06-26T14:31:43.989Z</when>
<when >2025-06-26T14:31:52.789Z</when>
<when >2025-06-26T14:32:01.259Z</when>
<when >2025-06-26T14:32:10.319Z</when>
<when >2025-06-26T14:32:18.339Z</when>
<when >2025-06-26T14:32:26.829Z</when>
<when >2025-06-26T14:32:35.679Z</when>
<when >2025-06-26T14:32:43.909Z</when>
<when >2025-06-26T14:32:48.679Z</when>
<when >2025-06-26T14:32:55.968Z</when>
<when >2025-06-26T14:33:05.059Z</when>
<when >2025-06-26T14:33:13.679Z</when>
<when >2025-06-26T14:33:23.129Z</when>
<when >2025-06-26T14:33:32.649Z</when>
<when >2025-06-26T14:33:36.159Z</when>
<when >2025-06-26T14:33:38.718Z</when>
<when >2025-06-26T14:33:38.718Z</when>
<gx:coord >19.271498 47.436823 147</gx:coord>
<gx:coord >19.272696 47.436079 147</gx:coord>
<gx:coord >19.277273 47.433239 148</gx:coord>
<gx:coord >19.280457 47.431274 132</gx:coord>
<gx:coord >19.282997 47.429672 140</gx:coord>
<gx:coord >19.284668 47.42863 148</gx:coord>
<gx:coord >19.285513 47.428118 155</gx:coord>
<gx:coord >19.287203 47.427047 163</gx:coord>
<gx:coord >19.288119 47.426442 178</gx:coord>
<gx:coord >19.290725 47.42486 216</gx:coord>
<gx:coord >19.292885 47.423492 247</gx:coord>
<gx:coord >19.295288 47.422028 285</gx:coord>
<gx:coord >19.297556 47.420623 308</gx:coord>
<gx:coord >19.299957 47.419144 338</gx:coord>
<gx:coord >19.302429 47.417725 376</gx:coord>
<gx:coord >19.305176 47.41626 399</gx:coord>
<gx:coord >19.307979 47.414897 445</gx:coord>
<gx:coord >19.310944 47.413559 475</gx:coord>
<gx:coord >19.313965 47.41229 506</gx:coord>
<gx:coord >19.316986 47.411087 529</gx:coord>
<gx:coord >19.319176 47.410289 551</gx:coord>
<gx:coord >19.321793 47.409302 567</gx:coord>
<gx:coord >19.327909 47.407077 597</gx:coord>
<gx:coord >19.332416 47.405494 628</gx:coord>
<gx:coord >19.338543 47.403492 658</gx:coord>
<gx:coord >19.343216 47.402023 681</gx:coord>
<gx:coord >19.348544 47.400326 696</gx:coord>
<gx:coord >19.35284 47.39893 704</gx:coord>
<gx:coord >19.356995 47.39758 719</gx:coord>
<gx:coord >19.364037 47.395299 749</gx:coord>
<gx:coord >19.367523 47.39415 757</gx:coord>
<gx:coord >19.371925 47.392645 772</gx:coord>
<gx:coord >19.375626 47.391403 788</gx:coord>
<gx:coord >19.381855 47.389247 810</gx:coord>
<gx:coord >19.384249 47.388409 826</gx:coord>
<gx:coord >19.387137 47.387338 833</gx:coord>
<gx:coord >19.390182 47.38623 849</gx:coord>
<gx:coord >19.394461 47.384592 871</gx:coord>
<gx:coord >19.399727 47.382202 902</gx:coord>
<gx:coord >19.403229 47.380371 932</gx:coord>
<gx:coord >19.407982 47.377469 970</gx:coord>
<gx:coord >19.412361 47.37442 1001</gx:coord>
<gx:coord >19.416363 47.371185 1031</gx:coord>
<gx:coord >19.418678 47.369019 1062</gx:coord>
<gx:coord >19.41964 47.368011 1070</gx:coord>
<gx:coord >19.422043 47.365082 1100</gx:coord>
<gx:coord >19.423617 47.362898 1138</gx:coord>
<gx:coord >19.425377 47.360105 1169</gx:coord>
<gx:coord >19.427193 47.356522 1199</gx:coord>
<gx:coord >19.428566 47.352814 1237</gx:coord>
<gx:coord >19.429527 47.34906 1268</gx:coord>
<gx:coord >19.429955 47.345488 1283</gx:coord>
<gx:coord >19.429885 47.342555 1329</gx:coord>
<gx:coord >19.42939 47.338898 1351</gx:coord>
<gx:coord >19.428406 47.334921 1390</gx:coord>
<gx:coord >19.427536 47.332626 1412</gx:coord>
<gx:coord >19.426293 47.330126 1435</gx:coord>
<gx:coord >19.425237 47.328264 1481</gx:coord>
<gx:coord >19.423969 47.326402 1511</gx:coord>
<gx:coord >19.422249 47.324158 1542</gx:coord>
<gx:coord >19.420738 47.322464 1565</gx:coord>
<gx:coord >19.419321 47.320955 1595</gx:coord>
<gx:coord >19.417631 47.319372 1618</gx:coord>
<gx:coord >19.415377 47.317464 1664</gx:coord>
<gx:coord >19.41346 47.315918 1687</gx:coord>
<gx:coord >19.411469 47.314545 1732</gx:coord>
<gx:coord >19.408722 47.312805 1763</gx:coord>
<gx:coord >19.406574 47.311551 1786</gx:coord>
<gx:coord >19.40522 47.310791 1801</gx:coord>
<gx:coord >19.402267 47.309326 1824</gx:coord>
<gx:coord >19.398491 47.307632 1854</gx:coord>
<gx:coord >19.394508 47.30603 1885</gx:coord>
<gx:coord >19.389109 47.304196 1923</gx:coord>
<gx:coord >19.384953 47.302893 1953</gx:coord>
<gx:coord >19.38002 47.301361 1992</gx:coord>
<gx:coord >19.376587 47.300262 2014</gx:coord>
<gx:coord >19.374249 47.299541 2045</gx:coord>
<gx:coord >19.373497 47.299301 2053</gx:coord>
<gx:coord >19.369953 47.298237 2075</gx:coord>
<gx:coord >19.367136 47.297399 2113</gx:coord>
<gx:coord >19.36446 47.296562 2129</gx:coord>
<gx:coord >19.361961 47.295822 2167</gx:coord>
<gx:coord >19.358685 47.294839 2197</gx:coord>
<gx:coord >19.355868 47.294001 2235</gx:coord>
<gx:coord >19.350151 47.292297 2296</gx:coord>
<gx:coord >19.344933 47.290695 2350</gx:coord>
<gx:coord >19.337557 47.288461 2411</gx:coord>
<gx:coord >19.330513 47.286301 2479</gx:coord>
<gx:coord >19.322823 47.284012 2533</gx:coord>
<gx:coord >19.313401 47.281153 2601</gx:coord>
<gx:coord >19.304387 47.278406 2662</gx:coord>
<gx:coord >19.295425 47.275726 2723</gx:coord>
<gx:coord >19.287767 47.273425 2799</gx:coord>
<gx:coord >19.278809 47.270737 2853</gx:coord>
<gx:coord >19.269402 47.267899 2929</gx:coord>
<gx:coord >19.261642 47.265839 2967</gx:coord>
<gx:coord >19.254707 47.264511 3005</gx:coord>
<gx:coord >19.249385 47.263789 3043</gx:coord>
<gx:coord >19.242061 47.26337 3081</gx:coord>
<gx:coord >19.237404 47.263458 3112</gx:coord>
<gx:coord >19.232765 47.263742 3135</gx:coord>
<gx:coord >19.227976 47.264301 3173</gx:coord>
<gx:coord >19.222023 47.265381 3211</gx:coord>
<gx:coord >19.215157 47.266983 3264</gx:coord>
<gx:coord >19.209663 47.268448 3295</gx:coord>
<gx:coord >19.206144 47.269375 3325</gx:coord>
<gx:coord >19.19902 47.271286 3355</gx:coord>
<gx:coord >19.185699 47.274673 3415</gx:coord>
<gx:coord >19.172481 47.277894 3446</gx:coord>
<gx:coord >19.156036 47.281723 3484</gx:coord>
<gx:coord >19.136353 47.286134 3522</gx:coord>
<gx:coord >19.128394 47.287903 3537</gx:coord>
<gx:coord >19.123324 47.28902 3560</gx:coord>
<gx:coord >19.120014 47.289765 3576</gx:coord>
<gx:coord >19.117035 47.290421 3591</gx:coord>
<gx:coord >19.114591 47.290975 3606</gx:coord>
<gx:coord >19.109413 47.292114 3644</gx:coord>
<gx:coord >19.105718 47.29293 3675</gx:coord>
<gx:coord >19.099251 47.294357 3728</gx:coord>
<gx:coord >19.09283 47.29577 3789</gx:coord>
<gx:coord >19.085646 47.297399 3857</gx:coord>
<gx:coord >19.06966 47.300891 3979</gx:coord>
<gx:coord >19.054871 47.304243 4117</gx:coord>
<gx:coord >19.045143 47.306442 4177</gx:coord>
<gx:coord >19.03825 47.308013 4231</gx:coord>
<gx:coord >19.023102 47.311432 4307</gx:coord>
<gx:coord >18.999164 47.316858 4429</gx:coord>
<gx:coord >18.981981 47.320769 4520</gx:coord>
<gx:coord >18.961064 47.325517 4627</gx:coord>
<gx:coord >18.937824 47.330871 4772</gx:coord>
<gx:coord >18.914818 47.336243 4901</gx:coord>
<gx:coord >18.890357 47.341857 5016</gx:coord>
<gx:coord >18.865379 47.347504 5145</gx:coord>
<gx:coord >18.840248 47.35318 5252</gx:coord>
<gx:coord >18.811692 47.359686 5359</gx:coord>
<gx:coord >18.796551 47.363131 5412</gx:coord>
<gx:coord >18.772395 47.368671 5534</gx:coord>
<gx:coord >18.749817 47.373825 5663</gx:coord>
<gx:coord >18.725578 47.379318 5785</gx:coord>
<gx:coord >18.699417 47.385223 5907</gx:coord>
<gx:coord >18.677101 47.390259 6022</gx:coord>
<gx:coord >18.66718 47.392459 6082</gx:coord>
<gx:coord >18.652884 47.395671 6174</gx:coord>
<gx:coord >18.648331 47.396713 6204</gx:coord>
<gx:coord >18.623094 47.402375 6311</gx:coord>
<gx:coord >18.596403 47.40838 6433</gx:coord>
<gx:coord >18.566754 47.415037 6540</gx:coord>
<gx:coord >18.537668 47.421647 6646</gx:coord>
<gx:coord >18.512033 47.427699 6715</gx:coord>
<gx:coord >18.497385 47.431796 6768</gx:coord>
<gx:coord >18.476669 47.438141 6844</gx:coord>
<gx:coord >18.450508 47.446106 6944</gx:coord>
<gx:coord >18.422171 47.454606 7050</gx:coord>
<gx:coord >18.39555 47.462567 7148</gx:coord>
<gx:coord >18.369209 47.470322 7270</gx:coord>
<gx:coord >18.361464 47.472622 7293</gx:coord>
<gx:coord >18.328011 47.482452 7392</gx:coord>
<gx:coord >18.297659 47.491383 7484</gx:coord>
<gx:coord >18.26808 47.500088 7575</gx:coord>
<gx:coord >18.238953 47.508636 7689</gx:coord>
<gx:coord >18.208571 47.517452 7788</gx:coord>
<gx:coord >18.177302 47.526576 7895</gx:coord>
<gx:coord >18.142204 47.53688 7986</gx:coord>
<gx:coord >18.108779 47.54664 8079</gx:coord>
<gx:coord >18.073402 47.556976 8170</gx:coord>
<gx:coord >18.038565 47.567123 8269</gx:coord>
<gx:coord >18.006028 47.576573 8353</gx:coord>
<gx:coord >17.975041 47.585558 8460</gx:coord>
<gx:coord >17.939477 47.595892 8559</gx:coord>
<gx:coord >17.905449 47.605728 8658</gx:coord>
<gx:coord >17.868851 47.616348 8742</gx:coord>
<gx:coord >17.828698 47.62792 8826</gx:coord>
<gx:coord >17.788239 47.639603 8902</gx:coord>
<gx:coord >17.75116 47.650265 8993</gx:coord>
<gx:coord >17.719299 47.659424 9039</gx:coord>
<gx:coord >17.68158 47.670283 9130</gx:coord>
<gx:coord >17.652212 47.678709 9199</gx:coord>
<gx:coord >17.60045 47.693512 9260</gx:coord>
<gx:coord >17.562469 47.70433 9336</gx:coord>
<gx:coord >17.527382 47.71431 9435</gx:coord>
<gx:coord >17.488861 47.725296 9527</gx:coord>
<gx:coord >17.449997 47.736282 9611</gx:coord>
<gx:coord >17.422531 47.743973 9672</gx:coord>
<gx:coord >17.3753 47.757382 9748</gx:coord>
<gx:coord >17.333186 47.769439 9839</gx:coord>
<gx:coord >17.295157 47.780286 9931</gx:coord>
<gx:coord >17.261993 47.789658 10037</gx:coord>
<gx:coord >17.227043 47.799545 10136</gx:coord>
<gx:coord >17.199942 47.807752 10190</gx:coord>
<gx:coord >17.177673 47.815247 10228</gx:coord>
<gx:coord >17.154602 47.823669 10258</gx:coord>
<gx:coord >17.133953 47.831819 10289</gx:coord>
<gx:coord >17.109938 47.842107 10319</gx:coord>
<gx:coord >17.088177 47.852209 10380</gx:coord>
<gx:coord >17.067331 47.862497 10434</gx:coord>
<gx:coord >17.034231 47.879675 10525</gx:coord>
<gx:coord >16.995987 47.899475 10609</gx:coord>
<gx:coord >16.958427 47.918747 10693</gx:coord>
<gx:coord >16.919975 47.938431 10769</gx:coord>
<gx:coord >16.887113 47.955276 10830</gx:coord>
<gx:coord >16.868614 47.964752 10837</gx:coord>
<gx:coord >16.822322 47.988374 10837</gx:coord>
<gx:coord >16.776672 48.011673 10837</gx:coord>
<gx:coord >16.730873 48.034973 10837</gx:coord>
<gx:coord >16.685623 48.057907 10837</gx:coord>
<gx:coord >16.639069 48.08139 10837</gx:coord>
<gx:coord >16.593158 48.104569 10836</gx:coord>
<gx:coord >16.546748 48.128078 10836</gx:coord>
<gx:coord >16.500549 48.151447 10836</gx:coord>
<gx:coord >16.454339 48.17463 10836</gx:coord>
<gx:coord >16.408442 48.197627 10829</gx:coord>
<gx:coord >16.363079 48.220322 10821</gx:coord>
<gx:coord >16.317092 48.243439 10821</gx:coord>
<gx:coord >16.270824 48.266664 10821</gx:coord>
<gx:coord >16.224764 48.289627 10814</gx:coord>
<gx:coord >16.179058 48.312515 10814</gx:coord>
<gx:coord >16.132366 48.335724 10821</gx:coord>
<gx:coord >16.084852 48.359349 10829</gx:coord>
<gx:coord >16.038232 48.382392 10829</gx:coord>
<gx:coord >15.991612 48.405389 10835</gx:coord>
<gx:coord >15.944613 48.428558 10835</gx:coord>
<gx:coord >15.896794 48.452316 10835</gx:coord>
<gx:coord >15.848935 48.475916 10835</gx:coord>
<gx:coord >15.801303 48.499518 10843</gx:coord>
<gx:coord >15.754178 48.522608 10843</gx:coord>
<gx:coord >15.706646 48.545837 10843</gx:coord>
<gx:coord >15.658757 48.569092 10835</gx:coord>
<gx:coord >15.610727 48.592529 10835</gx:coord>
<gx:coord >15.563824 48.615417 10835</gx:coord>
<gx:coord >15.515935 48.638763 10834</gx:coord>
<gx:coord >15.468398 48.661835 10827</gx:coord>
<gx:coord >15.42148 48.68461 10827</gx:coord>
<gx:coord >15.374028 48.707474 10827</gx:coord>
<gx:coord >15.326795 48.730277 10812</gx:coord>
<gx:coord >15.278802 48.75346 10812</gx:coord>
<gx:coord >15.231604 48.776131 10812</gx:coord>
<gx:coord >15.183756 48.798942 10812</gx:coord>
<gx:coord >15.135216 48.822327 10812</gx:coord>
<gx:coord >15.086903 48.845634 10812</gx:coord>
<gx:coord >15.039633 48.868305 10812</gx:coord>
<gx:coord >14.990628 48.891534 10819</gx:coord>
<gx:coord >14.942815 48.914154 10820</gx:coord>
<gx:coord >14.894064 48.937202 10820</gx:coord>
<gx:coord >14.845348 48.960292 10820</gx:coord>
<gx:coord >14.79656 48.983475 10828</gx:coord>
<gx:coord >14.747948 49.006622 10828</gx:coord>
<gx:coord >14.698651 49.029877 10828</gx:coord>
<gx:coord >14.64886 49.053268 10828</gx:coord>
<gx:coord >14.59989 49.0763 10828</gx:coord>
<gx:coord >14.551039 49.099274 10820</gx:coord>
<gx:coord >14.501742 49.122528 10813</gx:coord>
<gx:coord >14.452731 49.145477 10820</gx:coord>
<gx:coord >14.403582 49.168427 10820</gx:coord>
<gx:coord >14.353919 49.191559 10820</gx:coord>
<gx:coord >14.304058 49.214676 10813</gx:coord>
<gx:coord >14.254327 49.237697 10813</gx:coord>
<gx:coord >14.204759 49.260681 10820</gx:coord>
<gx:coord >14.15525 49.283524 10820</gx:coord>
<gx:coord >14.104855 49.306734 10805</gx:coord>
<gx:coord >14.055317 49.329575 10797</gx:coord>
<gx:coord >14.005808 49.352371 10796</gx:coord>
<gx:coord >13.955311 49.375584 10789</gx:coord>
<gx:coord >13.906378 49.397976 10796</gx:coord>
<gx:coord >13.856217 49.42088 10796</gx:coord>
<gx:coord >13.804683 49.444336 10796</gx:coord>
<gx:coord >13.755172 49.466904 10796</gx:coord>
<gx:coord >13.704182 49.49001 10796</gx:coord>
<gx:coord >13.653927 49.512727 10804</gx:coord>
<gx:coord >13.602375 49.536118 10804</gx:coord>
<gx:coord >13.551265 49.559187 10804</gx:coord>
<gx:coord >13.500193 49.582276 10804</gx:coord>
<gx:coord >13.4512 49.604389 10804</gx:coord>
<gx:coord >13.400212 49.627304 10804</gx:coord>
<gx:coord >13.348537 49.650522 10796</gx:coord>
<gx:coord >13.29754 49.673379 10796</gx:coord>
<gx:coord >13.246542 49.69619 10789</gx:coord>
<gx:coord >13.195231 49.719086 10789</gx:coord>
<gx:coord >13.14336 49.74209 10781</gx:coord>
<gx:coord >13.091656 49.765045 10781</gx:coord>
<gx:coord >13.040482 49.787842 10781</gx:coord>
<gx:coord >12.989255 49.810522 10781</gx:coord>
<gx:coord >12.937919 49.833115 10781</gx:coord>
<gx:coord >12.887408 49.855445 10781</gx:coord>
<gx:coord >12.83552 49.878256 10773</gx:coord>
<gx:coord >12.784077 49.900833 10766</gx:coord>
<gx:coord >12.732412 49.923411 10766</gx:coord>
<gx:coord >12.680969 49.945862 10766</gx:coord>
<gx:coord >12.629941 49.968155 10766</gx:coord>
<gx:coord >12.579197 49.99026 10766</gx:coord>
<gx:coord >12.528274 50.012466 10766</gx:coord>
<gx:coord >12.47924 50.033661 10773</gx:coord>
<gx:coord >12.4564 50.04277 10766</gx:coord>
<gx:coord >12.43038 50.052292 10766</gx:coord>
<gx:coord >12.40839 50.05967 10758</gx:coord>
<gx:coord >12.383076 50.067444 10766</gx:coord>
<gx:coord >12.354126 50.07559 10766</gx:coord>
<gx:coord >12.327848 50.082201 10773</gx:coord>
<gx:coord >12.302015 50.088113 10766</gx:coord>
<gx:coord >12.243966 50.100449 10773</gx:coord>
<gx:coord >12.186139 50.113112 10773</gx:coord>
<gx:coord >12.129123 50.125626 10781</gx:coord>
<gx:coord >12.071673 50.13811 10773</gx:coord>
<gx:coord >12.013698 50.150586 10766</gx:coord>
<gx:coord >11.955944 50.163071 10766</gx:coord>
<gx:coord >11.898639 50.175445 10766</gx:coord>
<gx:coord >11.840804 50.18779 10758</gx:coord>
<gx:coord >11.783728 50.199885 10758</gx:coord>
<gx:coord >11.726495 50.212035 10743</gx:coord>
<gx:coord >11.66777 50.224503 10743</gx:coord>
<gx:coord >11.609134 50.236941 10751</gx:coord>
<gx:coord >11.552052 50.248947 10751</gx:coord>
<gx:coord >11.49394 50.261124 10743</gx:coord>
<gx:coord >11.436471 50.273112 10743</gx:coord>
<gx:coord >11.377933 50.285294 10743</gx:coord>
<gx:coord >11.321411 50.297058 10743</gx:coord>
<gx:coord >11.263227 50.309143 10735</gx:coord>
<gx:coord >11.205693 50.321045 10728</gx:coord>
<gx:coord >11.146818 50.333257 10728</gx:coord>
<gx:coord >11.088385 50.345306 10720</gx:coord>
<gx:coord >11.029902 50.357232 10720</gx:coord>
<gx:coord >10.971222 50.369156 10728</gx:coord>
<gx:coord >10.913471 50.38092 10735</gx:coord>
<gx:coord >10.855977 50.392658 10735</gx:coord>
<gx:coord >10.796814 50.404678 10735</gx:coord>
<gx:coord >10.738096 50.416586 10735</gx:coord>
<gx:coord >10.679578 50.428299 10735</gx:coord>
<gx:coord >10.620888 50.440109 10728</gx:coord>
<gx:coord >10.562849 50.451691 10728</gx:coord>
<gx:coord >10.504192 50.46351 10720</gx:coord>
<gx:coord >10.444312 50.475494 10728</gx:coord>
<gx:coord >10.385333 50.487305 10720</gx:coord>
<gx:coord >10.325631 50.499344 10720</gx:coord>
<gx:coord >10.266145 50.511246 10719</gx:coord>
<gx:coord >10.206805 50.523056 10711</gx:coord>
<gx:coord >10.148837 50.534637 10711</gx:coord>
<gx:coord >10.089532 50.54642 10704</gx:coord>
<gx:coord >10.035937 50.556987 10689</gx:coord>
<gx:coord >9.976309 50.568741 10696</gx:coord>
<gx:coord >9.917833 50.580124 10704</gx:coord>
<gx:coord >9.858151 50.591715 10711</gx:coord>
<gx:coord >9.799285 50.603167 10719</gx:coord>
<gx:coord >9.739524 50.614975 10711</gx:coord>
<gx:coord >9.681557 50.626419 10704</gx:coord>
<gx:coord >9.622836 50.637709 10696</gx:coord>
<gx:coord >9.59975 50.641386 10689</gx:coord>
<gx:coord >9.581307 50.643768 10689</gx:coord>
<gx:coord >9.560202 50.645828 10689</gx:coord>
<gx:coord >9.52876 50.648071 10689</gx:coord>
<gx:coord >9.46942 50.651825 10681</gx:coord>
<gx:coord >9.410013 50.655399 10673</gx:coord>
<gx:coord >9.366857 50.657364 10673</gx:coord>
<gx:coord >9.306682 50.659588 10673</gx:coord>
<gx:coord >9.247091 50.661667 10681</gx:coord>
<gx:coord >9.187243 50.663266 10673</gx:coord>
<gx:coord >9.128121 50.664688 10666</gx:coord>
<gx:coord >9.067358 50.665733 10666</gx:coord>
<gx:coord >9.00756 50.666748 10666</gx:coord>
<gx:coord >8.956827 50.667269 10681</gx:coord>
<gx:coord >8.897119 50.667618 10681</gx:coord>
<gx:coord >8.835971 50.668533 10689</gx:coord>
<gx:coord >8.776703 50.669357 10689</gx:coord>
<gx:coord >8.715127 50.669969 10689</gx:coord>
<gx:coord >8.655564 50.670319 10673</gx:coord>
<gx:coord >8.595466 50.670807 10673</gx:coord>
<gx:coord >8.536232 50.671051 10672</gx:coord>
<gx:coord >8.476386 50.671188 10672</gx:coord>
<gx:coord >8.416864 50.67104 10665</gx:coord>
<gx:coord >8.356439 50.670621 10665</gx:coord>
<gx:coord >8.296412 50.670456 10649</gx:coord>
<gx:coord >8.236132 50.670181 10642</gx:coord>
<gx:coord >8.174645 50.669644 10649</gx:coord>
<gx:coord >8.114849 50.668854 10657</gx:coord>
<gx:coord >8.053424 50.667828 10665</gx:coord>
<gx:coord >7.993222 50.666618 10666</gx:coord>
<gx:coord >7.955883 50.666199 10666</gx:coord>
<gx:coord >7.94022 50.66685 10666</gx:coord>
<gx:coord >7.929093 50.667709 10666</gx:coord>
<gx:coord >7.914204 50.669495 10658</gx:coord>
<gx:coord >7.900209 50.671829 10666</gx:coord>
<gx:coord >7.886699 50.674713 10666</gx:coord>
<gx:coord >7.870789 50.678907 10666</gx:coord>
<gx:coord >7.860184 50.68212 10666</gx:coord>
<gx:coord >7.844684 50.687347 10673</gx:coord>
<gx:coord >7.788239 50.706466 10666</gx:coord>
<gx:coord >7.749073 50.718887 10673</gx:coord>
<gx:coord >7.693696 50.735687 10658</gx:coord>
<gx:coord >7.636908 50.752625 10658</gx:coord>
<gx:coord >7.581177 50.769452 10643</gx:coord>
<gx:coord >7.526627 50.786164 10635</gx:coord>
<gx:coord >7.471313 50.803202 10635</gx:coord>
<gx:coord >7.416306 50.820054 10635</gx:coord>
<gx:coord >7.360153 50.837092 10635</gx:coord>
<gx:coord >7.30331 50.854156 10636</gx:coord>
<gx:coord >7.248007 50.870956 10636</gx:coord>
<gx:coord >7.192779 50.887802 10636</gx:coord>
<gx:coord >7.136659 50.904785 10636</gx:coord>
<gx:coord >7.08107 50.921258 10644</gx:coord>
<gx:coord >7.025909 50.937691 10644</gx:coord>
<gx:coord >6.969415 50.954773 10644</gx:coord>
<gx:coord >6.913964 50.971436 10644</gx:coord>
<gx:coord >6.857834 50.988107 10644</gx:coord>
<gx:coord >6.801873 51.004715 10636</gx:coord>
<gx:coord >6.746292 51.021113 10645</gx:coord>
<gx:coord >6.690216 51.037918 10637</gx:coord>
<gx:coord >6.633682 51.054863 10637</gx:coord>
<gx:coord >6.576876 51.071548 10645</gx:coord>
<gx:coord >6.52098 51.087936 10645</gx:coord>
<gx:coord >6.463004 51.10437 10637</gx:coord>
<gx:coord >6.40733 51.119797 10645</gx:coord>
<gx:coord >6.350543 51.13559 10652</gx:coord>
<gx:coord >6.292114 51.151785 10652</gx:coord>
<gx:coord >6.23558 51.167473 10646</gx:coord>
<gx:coord >6.17775 51.183534 10653</gx:coord>
<gx:coord >6.121674 51.199082 10653</gx:coord>
<gx:coord >6.064824 51.214737 10653</gx:coord>
<gx:coord >6.009373 51.230026 10646</gx:coord>
<gx:coord >5.952586 51.245728 10646</gx:coord>
<gx:coord >5.895538 51.261416 10638</gx:coord>
<gx:coord >5.839691 51.276731 10638</gx:coord>
<gx:coord >5.783708 51.292145 10631</gx:coord>
<gx:coord >5.727005 51.307689 10631</gx:coord>
<gx:coord >5.671395 51.322952 10623</gx:coord>
<gx:coord >5.614979 51.33815 10624</gx:coord>
<gx:coord >5.559998 51.352891 10632</gx:coord>
<gx:coord >5.501938 51.368439 10639</gx:coord>
<gx:coord >5.444412 51.383848 10639</gx:coord>
<gx:coord >5.386887 51.399396 10639</gx:coord>
<gx:coord >5.3302 51.414666 10639</gx:coord>
<gx:coord >5.274658 51.429562 10639</gx:coord>
<gx:coord >5.218201 51.444738 10647</gx:coord>
<gx:coord >5.161285 51.459961 10639</gx:coord>
<gx:coord >5.104675 51.474951 10639</gx:coord>
<gx:coord >5.048737 51.48967 10632</gx:coord>
<gx:coord >4.993896 51.504092 10632</gx:coord>
<gx:coord >4.937897 51.51885 10624</gx:coord>
<gx:coord >4.882507 51.53342 10624</gx:coord>
<gx:coord >4.827972 51.547714 10632</gx:coord>
<gx:coord >4.772372 51.562271 10632</gx:coord>
<gx:coord >4.716921 51.576736 10639</gx:coord>
<gx:coord >4.662509 51.590927 10639</gx:coord>
<gx:coord >4.607697 51.60525 10632</gx:coord>
<gx:coord >4.552841 51.619449 10632</gx:coord>
<gx:coord >4.497375 51.633694 10632</gx:coord>
<gx:coord >4.442114 51.647781 10632</gx:coord>
<gx:coord >4.385549 51.662247 10639</gx:coord>
<gx:coord >4.328688 51.676804 10639</gx:coord>
<gx:coord >4.27331 51.69104 10647</gx:coord>
<gx:coord >4.217224 51.705431 10654</gx:coord>
<gx:coord >4.17717 51.715626 10647</gx:coord>
<gx:coord >4.165823 51.718506 10639</gx:coord>
<gx:coord >4.149551 51.722609 10609</gx:coord>
<gx:coord >4.11386 51.731735 10502</gx:coord>
<gx:coord >4.077682 51.740904 10411</gx:coord>
<gx:coord >4.035645 51.751518 10319</gx:coord>
<gx:coord >3.988705 51.763275 10235</gx:coord>
<gx:coord >3.944626 51.774328 10152</gx:coord>
<gx:coord >3.900909 51.785268 10060</gx:coord>
<gx:coord >3.856943 51.796234 9969</gx:coord>
<gx:coord >3.808693 51.808365 9885</gx:coord>
<gx:coord >3.762054 51.820136 9809</gx:coord>
<gx:coord >3.719025 51.830936 9725</gx:coord>
<gx:coord >3.675919 51.841736 9641</gx:coord>
<gx:coord >3.631821 51.852769 9557</gx:coord>
<gx:coord >3.59024 51.863057 9473</gx:coord>
<gx:coord >3.55896 51.870738 9405</gx:coord>
<gx:coord >3.515922 51.881378 9313</gx:coord>
<gx:coord >3.473663 51.891873 9230</gx:coord>
<gx:coord >3.434372 51.901566 9146</gx:coord>
<gx:coord >3.387909 51.912964 9062</gx:coord>
<gx:coord >3.343887 51.923676 8986</gx:coord>
<gx:coord >3.314743 51.930588 8932</gx:coord>
<gx:coord >3.302078 51.932877 8910</gx:coord>
<gx:coord >3.291739 51.934282 8887</gx:coord>
<gx:coord >3.27919 51.935349 8856</gx:coord>
<gx:coord >3.267975 51.93576 8826</gx:coord>
<gx:coord >3.260036 51.935771 8810</gx:coord>
<gx:coord >3.247452 51.935394 8780</gx:coord>
<gx:coord >3.206046 51.93363 8696</gx:coord>
<gx:coord >3.165946 51.932326 8605</gx:coord>
<gx:coord >3.127594 51.931412 8506</gx:coord>
<gx:coord >3.091239 51.930651 8414</gx:coord>
<gx:coord >3.05397 51.92981 8315</gx:coord>
<gx:coord >3.009949 51.928802 8224</gx:coord>
<gx:coord >2.968898 51.927764 8140</gx:coord>
<gx:coord >2.931466 51.926787 8048</gx:coord>
<gx:coord >2.890268 51.925623 7965</gx:coord>
<gx:coord >2.850874 51.924506 7881</gx:coord>
<gx:coord >2.810745 51.923309 7797</gx:coord>
<gx:coord >2.770909 51.922085 7706</gx:coord>
<gx:coord >2.731018 51.920929 7614</gx:coord>
<gx:coord >2.69104 51.919739 7523</gx:coord>
<gx:coord >2.648926 51.918457 7439</gx:coord>
<gx:coord >2.610509 51.917197 7355</gx:coord>
<gx:coord >2.571106 51.916031 7264</gx:coord>
<gx:coord >2.531509 51.914886 7180</gx:coord>
<gx:coord >2.490287 51.913659 7096</gx:coord>
<gx:coord >2.451172 51.91246 7012</gx:coord>
<gx:coord >2.409145 51.911052 6928</gx:coord>
<gx:coord >2.363815 51.909576 6852</gx:coord>
<gx:coord >2.321804 51.908259 6776</gx:coord>
<gx:coord >2.284685 51.907142 6692</gx:coord>
<gx:coord >2.251587 51.906326 6593</gx:coord>
<gx:coord >2.220494 51.905652 6479</gx:coord>
<gx:coord >2.189407 51.904999 6364</gx:coord>
<gx:coord >2.157479 51.904302 6265</gx:coord>
<gx:coord >2.127457 51.903625 6159</gx:coord>
<gx:coord >2.095407 51.902905 6052</gx:coord>
<gx:coord >2.059309 51.902021 5961</gx:coord>
<gx:coord >2.019758 51.900997 5884</gx:coord>
<gx:coord >1.993077 51.900392 5816</gx:coord>
<gx:coord >1.982718 51.900578 5800</gx:coord>
<gx:coord >1.973343 51.901199 5777</gx:coord>
<gx:coord >1.964035 51.90239 5754</gx:coord>
<gx:coord >1.957474 51.903625 5739</gx:coord>
<gx:coord >1.946487 51.906235 5723</gx:coord>
<gx:coord >1.933823 51.909622 5716</gx:coord>
<gx:coord >1.897354 51.919189 5685</gx:coord>
<gx:coord >1.860123 51.928299 5662</gx:coord>
<gx:coord >1.816254 51.938736 5655</gx:coord>
<gx:coord >1.772252 51.949411 5655</gx:coord>
<gx:coord >1.728592 51.960159 5655</gx:coord>
<gx:coord >1.68457 51.971008 5655</gx:coord>
<gx:coord >1.640023 51.981998 5655</gx:coord>
<gx:coord >1.596863 51.992565 5655</gx:coord>
<gx:coord >1.552887 52.003372 5655</gx:coord>
<gx:coord >1.507797 52.014359 5655</gx:coord>
<gx:coord >1.462936 52.025208 5655</gx:coord>
<gx:coord >1.417864 52.036091 5655</gx:coord>
<gx:coord >1.372428 52.047171 5647</gx:coord>
<gx:coord >1.327462 52.058157 5632</gx:coord>
<gx:coord >1.314697 52.061279 5601</gx:coord>
<gx:coord >1.280064 52.069609 5525</gx:coord>
<gx:coord >1.244202 52.078268 5426</gx:coord>
<gx:coord >1.205215 52.087601 5350</gx:coord>
<gx:coord >1.163635 52.097534 5281</gx:coord>
<gx:coord >1.127668 52.106246 5198</gx:coord>
<gx:coord >1.090236 52.11523 5121</gx:coord>
<gx:coord >1.04943 52.125006 5053</gx:coord>
<gx:coord >1.009293 52.134521 4977</gx:coord>
<gx:coord >0.969086 52.144043 4893</gx:coord>
<gx:coord >0.92865 52.153656 4816</gx:coord>
<gx:coord >0.886126 52.163645 4747</gx:coord>
<gx:coord >0.846176 52.173019 4671</gx:coord>
<gx:coord >0.803807 52.183057 4610</gx:coord>
<gx:coord >0.765198 52.192181 4534</gx:coord>
<gx:coord >0.731376 52.200235 4457</gx:coord>
<gx:coord >0.699081 52.207809 4396</gx:coord>
<gx:coord >0.683977 52.211314 4381</gx:coord>
<gx:coord >0.660782 52.21637 4374</gx:coord>
<gx:coord >0.65455 52.217366 4374</gx:coord>
<gx:coord >0.646744 52.218292 4374</gx:coord>
<gx:coord >0.636444 52.219116 4374</gx:coord>
<gx:coord >0.610291 52.220764 4374</gx:coord>
<gx:coord >0.572466 52.223371 4374</gx:coord>
<gx:coord >0.531998 52.226349 4374</gx:coord>
<gx:coord >0.491867 52.229324 4374</gx:coord>
<gx:coord >0.451736 52.232346 4374</gx:coord>
<gx:coord >0.411453 52.235229 4374</gx:coord>
<gx:coord >0.40062 52.236008 4366</gx:coord>
<gx:coord >0.385056 52.237106 4336</gx:coord>
<gx:coord >0.353622 52.239258 4252</gx:coord>
<gx:coord >0.320053 52.241638 4168</gx:coord>
<gx:coord >0.287371 52.243947 4092</gx:coord>
<gx:coord >0.256845 52.246089 4000</gx:coord>
<gx:coord >0.22467 52.248323 3916</gx:coord>
<gx:coord >0.193024 52.250565 3825</gx:coord>
<gx:coord >0.161819 52.252762 3749</gx:coord>
<gx:coord >0.145493 52.253906 3703</gx:coord>
<gx:coord >0.129166 52.255051 3650</gx:coord>
<gx:coord >0.112061 52.25633 3604</gx:coord>
<gx:coord >0.095749 52.257477 3551</gx:coord>
<gx:coord >0.087357 52.257843 3535</gx:coord>
<gx:coord >0.081691 52.257773 3513</gx:coord>
<gx:coord >0.076981 52.257431 3490</gx:coord>
<gx:coord >0.072667 52.256935 3474</gx:coord>
<gx:coord >0.067644 52.256051 3459</gx:coord>
<gx:coord >0.062943 52.254868 3444</gx:coord>
<gx:coord >0.058463 52.253444 3429</gx:coord>
<gx:coord >0.055389 52.252213 3413</gx:coord>
<gx:coord >0.051086 52.250139 3406</gx:coord>
<gx:coord >0.047712 52.248137 3398</gx:coord>
<gx:coord >0.04371 52.245297 3383</gx:coord>
<gx:coord >0.03891 52.241364 3368</gx:coord>
<gx:coord >0.032959 52.23594 3353</gx:coord>
<gx:coord >0.02594 52.229324 3314</gx:coord>
<gx:coord >0.018616 52.222549 3261</gx:coord>
<gx:coord >0.009338 52.213874 3215</gx:coord>
<gx:coord >0.001413 52.206473 3170</gx:coord>
<gx:coord >-0.003433 52.202774 3124</gx:coord>
<gx:coord >-0.006714 52.200714 3101</gx:coord>
<gx:coord >-0.011065 52.198512 3071</gx:coord>
<gx:coord >-0.015067 52.196743 3040</gx:coord>
<gx:coord >-0.021591 52.194214 3002</gx:coord>
<gx:coord >-0.028305 52.191879 2949</gx:coord>
<gx:coord >-0.037746 52.188643 2911</gx:coord>
<gx:coord >-0.0383 52.188446 2895</gx:coord>
<gx:coord >-0.052795 52.183411 2850</gx:coord>
<gx:coord >-0.053482 52.183182 2850</gx:coord>
<gx:coord >-0.056458 52.182129 2827</gx:coord>
<gx:coord >-0.057286 52.181893 2819</gx:coord>
<gx:coord >-0.062308 52.180171 2781</gx:coord>
<gx:coord >-0.068508 52.178029 2720</gx:coord>
<gx:coord >-0.075413 52.175748 2658</gx:coord>
<gx:coord >-0.083104 52.173234 2597</gx:coord>
<gx:coord >-0.091736 52.170441 2544</gx:coord>
<gx:coord >-0.092621 52.170135 2544</gx:coord>
<gx:coord >-0.096817 52.168762 2529</gx:coord>
<gx:coord >-0.111465 52.163956 2483</gx:coord>
<gx:coord >-0.12289 52.160153 2422</gx:coord>
<gx:coord >-0.134583 52.156265 2353</gx:coord>
<gx:coord >-0.142441 52.15361 2330</gx:coord>
<gx:coord >-0.157242 52.148621 2285</gx:coord>
<gx:coord >-0.170364 52.144135 2231</gx:coord>
<gx:coord >-0.175552 52.142395 2216</gx:coord>
<gx:coord >-0.181667 52.140322 2178</gx:coord>
<gx:coord >-0.185852 52.138916 2155</gx:coord>
<gx:coord >-0.193359 52.136458 2125</gx:coord>
<gx:coord >-0.202103 52.133606 2094</gx:coord>
<gx:coord >-0.211722 52.130499 2064</gx:coord>
<gx:coord >-0.219805 52.127939 2041</gx:coord>
<gx:coord >-0.228271 52.125229 1995</gx:coord>
<gx:coord >-0.233154 52.123306 1980</gx:coord>
<gx:coord >-0.235825 52.122025 1965</gx:coord>
<gx:coord >-0.239737 52.119839 1949</gx:coord>
<gx:coord >-0.241928 52.118271 1934</gx:coord>
<gx:coord >-0.245074 52.115649 1911</gx:coord>
<gx:coord >-0.247506 52.113042 1904</gx:coord>
<gx:coord >-0.249468 52.110203 1888</gx:coord>
<gx:coord >-0.250645 52.107735 1881</gx:coord>
<gx:coord >-0.251665 52.104011 1873</gx:coord>
<gx:coord >-0.251901 52.10187 1873</gx:coord>
<gx:coord >-0.25177 52.098038 1873</gx:coord>
<gx:coord >-0.251665 52.096377 1873</gx:coord>
<gx:coord >-0.250802 52.091116 1873</gx:coord>
<gx:coord >-0.249939 52.086601 1858</gx:coord>
<gx:coord >-0.248762 52.080735 1835</gx:coord>
<gx:coord >-0.247742 52.074963 1812</gx:coord>
<gx:coord >-0.246643 52.068911 1774</gx:coord>
<gx:coord >-0.24578 52.062859 1736</gx:coord>
<gx:coord >-0.244751 52.056702 1706</gx:coord>
<gx:coord >-0.243835 52.053543 1698</gx:coord>
<gx:coord >-0.24217 52.049871 1675</gx:coord>
<gx:coord >-0.239944 52.046356 1668</gx:coord>
<gx:coord >-0.237069 52.043028 1668</gx:coord>
<gx:coord >-0.234323 52.040514 1652</gx:coord>
<gx:coord >-0.230948 52.037907 1645</gx:coord>
<gx:coord >-0.228437 52.036278 1637</gx:coord>
<gx:coord >-0.224991 52.034409 1637</gx:coord>
<gx:coord >-0.219803 52.032028 1622</gx:coord>
<gx:coord >-0.214783 52.030179 1614</gx:coord>
<gx:coord >-0.209503 52.028595 1607</gx:coord>
<gx:coord >-0.202866 52.026993 1599</gx:coord>
<gx:coord >-0.193281 52.025012 1591</gx:coord>
<gx:coord >-0.17688 52.0218 1568</gx:coord>
<gx:coord >-0.167777 52.020031 1561</gx:coord>
<gx:coord >-0.160904 52.018661 1561</gx:coord>
<gx:coord >-0.151925 52.016912 1554</gx:coord>
<gx:coord >-0.14549 52.015655 1554</gx:coord>
<gx:coord >-0.141959 52.014957 1554</gx:coord>
<gx:coord >-0.13419 52.01342 1554</gx:coord>
<gx:coord >-0.128932 52.012396 1554</gx:coord>
<gx:coord >-0.12146 52.010925 1554</gx:coord>
<gx:coord >-0.11879 52.010422 1562</gx:coord>
<gx:coord >-0.114975 52.009689 1562</gx:coord>
<gx:coord >-0.09285 52.005341 1562</gx:coord>
<gx:coord >-0.083389 52.003418 1554</gx:coord>
<gx:coord >-0.080566 52.002777 1547</gx:coord>
<gx:coord >-0.075073 52.001266 1531</gx:coord>
<gx:coord >-0.071254 51.99992 1516</gx:coord>
<gx:coord >-0.068588 51.998749 1508</gx:coord>
<gx:coord >-0.064774 51.996735 1501</gx:coord>
<gx:coord >-0.062256 51.995087 1493</gx:coord>
<gx:coord >-0.059326 51.992705 1478</gx:coord>
<gx:coord >-0.057286 51.99047 1470</gx:coord>
<gx:coord >-0.055389 51.988037 1463</gx:coord>
<gx:coord >-0.053441 51.985024 1448</gx:coord>
<gx:coord >-0.051086 51.980648 1440</gx:coord>
<gx:coord >-0.048447 51.975357 1409</gx:coord>
<gx:coord >-0.044887 51.967753 1387</gx:coord>
<gx:coord >-0.042496 51.962448 1364</gx:coord>
<gx:coord >-0.039551 51.955975 1333</gx:coord>
<gx:coord >-0.035627 51.94727 1310</gx:coord>
<gx:coord >-0.034485 51.944092 1295</gx:coord>
<gx:coord >-0.034027 51.941757 1288</gx:coord>
<gx:coord >-0.034027 51.939697 1280</gx:coord>
<gx:coord >-0.034714 51.936996 1280</gx:coord>
<gx:coord >-0.035627 51.935213 1272</gx:coord>
<gx:coord >-0.037197 51.933258 1265</gx:coord>
<gx:coord >-0.03908 51.931489 1249</gx:coord>
<gx:coord >-0.040741 51.930405 1249</gx:coord>
<gx:coord >-0.042191 51.929626 1242</gx:coord>
<gx:coord >-0.043318 51.929114 1242</gx:coord>
<gx:coord >-0.044965 51.928463 1242</gx:coord>
<gx:coord >-0.046535 51.928044 1227</gx:coord>
<gx:coord >-0.048968 51.927485 1227</gx:coord>
<gx:coord >-0.050537 51.927252 1227</gx:coord>
<gx:coord >-0.053441 51.926926 1219</gx:coord>
<gx:coord >-0.064774 51.925827 1204</gx:coord>
<gx:coord >-0.074234 51.924637 1173</gx:coord>
<gx:coord >-0.083542 51.923355 1143</gx:coord>
<gx:coord >-0.093384 51.921899 1120</gx:coord>
<gx:coord >-0.103193 51.920223 1097</gx:coord>
<gx:coord >-0.113081 51.918547 1074</gx:coord>
<gx:coord >-0.122147 51.916992 1059</gx:coord>
<gx:coord >-0.130386 51.915573 1021</gx:coord>
<gx:coord >-0.13882 51.914078 990</gx:coord>
<gx:coord >-0.146484 51.912781 960</gx:coord>
<gx:coord >-0.154495 51.911407 929</gx:coord>
<gx:coord >-0.162582 51.910034 899</gx:coord>
<gx:coord >-0.169983 51.908752 868</gx:coord>
<gx:coord >-0.17868 51.907288 838</gx:coord>
<gx:coord >-0.186532 51.905978 807</gx:coord>
<gx:coord >-0.194223 51.904674 777</gx:coord>
<gx:coord >-0.203171 51.903122 746</gx:coord>
<gx:coord >-0.208969 51.902115 716</gx:coord>
<gx:coord >-0.212899 51.901416 708</gx:coord>
<gx:coord >-0.217972 51.900604 693</gx:coord>
<gx:coord >-0.222159 51.89988 670</gx:coord>
<gx:coord >-0.224457 51.899506 663</gx:coord>
<gx:coord >-0.226669 51.899094 655</gx:coord>
<gx:coord >-0.231628 51.898224 632</gx:coord>
<gx:coord >-0.238953 51.896993 608</gx:coord>
<gx:coord >-0.24476 51.895969 585</gx:coord>
<gx:coord >-0.252304 51.894653 563</gx:coord>
<gx:coord >-0.259886 51.893372 525</gx:coord>
<gx:coord >-0.267235 51.892136 494</gx:coord>
<gx:coord >-0.275252 51.890717 464</gx:coord>
<gx:coord >-0.282304 51.889435 441</gx:coord>
<gx:coord >-0.290024 51.888153 410</gx:coord>
<gx:coord >-0.297299 51.886963 380</gx:coord>
<gx:coord >-0.304351 51.885727 357</gx:coord>
<gx:coord >-0.311626 51.884445 334</gx:coord>
<gx:coord >-0.318529 51.883255 311</gx:coord>
<gx:coord >-0.322983 51.882523 296</gx:coord>
<gx:coord >-0.328827 51.881491 265</gx:coord>
<gx:coord >-0.335541 51.880328 243</gx:coord>
<gx:coord >-0.343694 51.878906 212</gx:coord>
<gx:coord >-0.350969 51.87767 182</gx:coord>
<gx:coord >-0.357971 51.876464 166</gx:coord>
<gx:coord >-0.360565 51.875998 166</gx:coord>
<gx:coord >-0.362846 51.87561 166</gx:coord>
<gx:coord >-0.362846 51.87561 166</gx:coord>
</gx:Track>
</Placemark>
<Placemark ><name >HA-LVJ</name>
<Style ><LineStyle ><color >ff1c1ae3</color>
<width >4</width>
</LineStyle>
<IconStyle ><Icon ><href >http://maps.google.com/mapfiles/kml/shapes/airports.png</href>
</Icon>
</IconStyle>
</Style>
<gx:Track ><extrude >0</extrude>
<when >2025-06-26T14:33:47.079Z</when>
<when >2025-06-26T14:33:51.039Z</when>
<when >2025-06-26T14:33:52.239Z</when>
<when >2025-06-26T14:33:53.749Z</when>
<when >2025-06-26T14:33:57.659Z</when>
<when >2025-06-26T14:34:02.689Z</when>
<when >2025-06-26T14:34:04.829Z</when>
<when >2025-06-26T14:34:06.089Z</when>
<when >2025-06-26T14:34:07.449Z</when>
<when >2025-06-26T14:34:09.349Z</when>
<when >2025-06-26T14:34:25.519Z</when>
<when >2025-06-26T14:34:28.659Z</when>
<when >2025-06-26T14:34:30.909Z</when>
<when >2025-06-26T14:34:34.559Z</when>
<when >2025-06-26T14:34:38.458Z</when>
<when >2025-06-26T14:34:40.439Z</when>
<when >2025-06-26T14:34:47.899Z</when>
<when >2025-06-26T14:34:55.968Z</when>
<when >2025-06-26T14:35:02.119Z</when>
<when >2025-06-26T14:35:04.539Z</when>
<when >2025-06-26T14:35:08.609Z</when>
<when >2025-06-26T14:35:10.519Z</when>
<when >2025-06-26T14:35:15.339Z</when>
<when >2025-06-26T14:35:20.458Z</when>
<when >2025-06-26T14:35:22.819Z</when>
<when >2025-06-26T14:35:26.159Z</when>
<when >2025-06-26T14:35:30.208Z</when>
<when >2025-06-26T14:35:33.619Z</when>
<when >2025-06-26T14:35:39.089Z</when>
<when >2025-06-26T14:35:44.629Z</when>
<when >2025-06-26T14:35:49.859Z</when>
<when >2025-06-26T14:35:55.479Z</when>
<when >2025-06-26T14:36:05.559Z</when>
<when >2025-06-26T14:36:08.199Z</when>
<when >2025-06-26T14:36:52.009Z</when>
<when >2025-06-26T14:36:54.269Z</when>
<when >2025-06-26T14:37:14.589Z</when>
<when >2025-06-26T14:37:41.129Z</when>
<when >2025-06-26T14:37:44.419Z</when>
<when >2025-06-26T14:38:08.269Z</when>
<when >2025-06-26T14:38:34.149Z</when>
<when >2025-06-26T14:38:53.319Z</when>
<when >2025-06-26T14:38:58.479Z</when>
<when >2025-06-26T15:09:07.799Z</when>
<when >2025-06-26T16:03:21.549Z</when>
<when >2025-06-26T16:03:24.379Z</when>
<when >2025-06-26T16:03:26.109Z</when>
<when >2025-06-26T16:04:00.379Z</when>
<when >2025-06-26T16:04:03.779Z</when>
<when >2025-06-26T16:09:24.669Z</when>
<when >2025-06-26T16:09:30.789Z</when>
<when >2025-06-26T16:09:37.359Z</when>
<when >2025-06-26T16:09:47.999Z</when>
<when >2025-06-26T16:09:51.669Z</when>
<when >2025-06-26T16:09:54.539Z</when>
<when >2025-06-26T16:09:58.149Z</when>
<when >2025-06-26T16:10:03.609Z</when>
<when >2025-06-26T16:10:21.889Z</when>
<when >2025-06-26T16:10:29.329Z</when>
<when >2025-06-26T16:10:35.919Z</when>
<when >2025-06-26T16:10:42.259Z</when>
<when >2025-06-26T16:10:47.539Z</when>
<when >2025-06-26T16:10:54.049Z</when>
<when >2025-06-26T16:11:00.689Z</when>
<when >2025-06-26T16:11:04.489Z</when>
<when >2025-06-26T16:11:11.079Z</when>
<when >2025-06-26T16:11:15.929Z</when>
<when >2025-06-26T16:11:21.699Z</when>
<when >2025-06-26T16:11:27.259Z</when>
<when >2025-06-26T16:11:46.949Z</when>
<when >2025-06-26T16:12:06.149Z</when>
<when >2025-06-26T16:12:25.889Z</when>
<when >2025-06-26T16:12:30.569Z</when>
<when >2025-06-26T16:12:39.399Z</when>
<when >2025-06-26T16:12:44.609Z</when>
<when >2025-06-26T16:12:51.589Z</when>
<when >2025-06-26T16:12:57.759Z</when>
<when >2025-06-26T16:13:05.819Z</when>
<when >2025-06-26T16:13:12.319Z</when>
<when >2025-06-26T16:13:16.708Z</when>
<when >2025-06-26T16:13:18.169Z</when>
<when >2025-06-26T16:13:20.218Z</when>
<when >2025-06-26T16:13:21.569Z</when>
<when >2025-06-26T16:13:26.249Z</when>
<when >2025-06-26T16:13:28.119Z</when>
<when >2025-06-26T16:13:29.449Z</when>
<when >2025-06-26T16:13:33.999Z</when>
<when >2025-06-26T16:13:38.869Z</when>
<when >2025-06-26T16:13:45.859Z</when>
<when >2025-06-26T16:13:49.939Z</when>
<when >2025-06-26T16:14:00.749Z</when>
<when >2025-06-26T16:14:07.159Z</when>
<when >2025-06-26T16:14:12.239Z</when>
<when >2025-06-26T16:14:15.859Z</when>
<when >2025-06-26T16:14:19.819Z</when>
<when >2025-06-26T16:14:26.789Z</when>
<when >2025-06-26T16:14:35.489Z</when>
<when >2025-06-26T16:14:41.609Z</when>
<when >2025-06-26T16:14:47.218Z</when>
<when >2025-06-26T16:14:53.949Z</when>
<when >2025-06-26T16:14:59.249Z</when>
<when >2025-06-26T16:15:12.389Z</when>
<when >2025-06-26T16:15:23.099Z</when>
<when >2025-06-26T16:15:30.979Z</when>
<when >2025-06-26T16:15:37.659Z</when>
<when >2025-06-26T16:15:43.229Z</when>
<when >2025-06-26T16:15:45.899Z</when>
<when >2025-06-26T16:15:48.909Z</when>
<when >2025-06-26T16:15:51.169Z</when>
<when >2025-06-26T16:15:57.119Z</when>
<when >2025-06-26T16:16:01.629Z</when>
<when >2025-06-26T16:16:05.559Z</when>
<when >2025-06-26T16:16:08.319Z</when>
<when >2025-06-26T16:16:10.319Z</when>
<when >2025-06-26T16:16:11.909Z</when>
<when >2025-06-26T16:16:15.529Z</when>
<when >2025-06-26T16:16:22.479Z</when>
<when >2025-06-26T16:17:09.649Z</when>
<when >2025-06-26T16:17:25.208Z</when>
<when >2025-06-26T16:17:30.189Z</when>
<when >2025-06-26T16:17:45.229Z</when>
<when >2025-06-26T16:18:59.579Z</when>
<when >2025-06-26T16:19:54.569Z</when>
<when >2025-06-26T16:20:15.829Z</when>
<when >2025-06-26T16:20:20.479Z</when>
<when >2025-06-26T16:20:24.769Z</when>
<when >2025-06-26T16:20:30.419Z</when>
<when >2025-06-26T16:20:37.119Z</when>
<when >2025-06-26T16:20:43.899Z</when>
<when >2025-06-26T16:20:45.529Z</when>
<when >2025-06-26T16:20:47.149Z</when>
<when >2025-06-26T16:20:48.229Z</when>
<when >2025-06-26T16:20:51.079Z</when>
<when >2025-06-26T16:20:54.059Z</when>
<when >2025-06-26T16:20:54.979Z</when>
<when >2025-06-26T16:20:57.309Z</when>
<when >2025-06-26T16:20:59.079Z</when>
<when >2025-06-26T16:21:05.109Z</when>
<when >2025-06-26T16:21:10.859Z</when>
<when >2025-06-26T16:21:14.718Z</when>
<when >2025-06-26T16:21:19.109Z</when>
<when >2025-06-26T16:21:23.059Z</when>
<when >2025-06-26T16:21:29.319Z</when>
<when >2025-06-26T16:21:31.339Z</when>
<when >2025-06-26T16:21:34.819Z</when>
<when >2025-06-26T16:21:38.069Z</when>
<when >2025-06-26T16:21:40.659Z</when>
<when >2025-06-26T16:21:42.599Z</when>
<when >2025-06-26T16:21:44.239Z</when>
<when >2025-06-26T16:21:45.659Z</when>
<when >2025-06-26T16:21:46.929Z</when>
<when >2025-06-26T16:21:47.958Z</when>
<when >2025-06-26T16:21:48.909Z</when>
<when >2025-06-26T16:21:52.669Z</when>
<when >2025-06-26T16:21:54.579Z</when>
<when >2025-06-26T16:21:56.079Z</when>
<when >2025-06-26T16:21:57.639Z</when>
<when >2025-06-26T16:21:58.639Z</when>
<when >2025-06-26T16:22:00.399Z</when>
<when >2025-06-26T16:22:05.429Z</when>
<when >2025-06-26T16:22:12.458Z</when>
<when >2025-06-26T16:22:16.679Z</when>
<when >2025-06-26T16:22:17.699Z</when>
<when >2025-06-26T16:22:18.659Z</when>
<when >2025-06-26T16:22:19.749Z</when>
<when >2025-06-26T16:22:21.059Z</when>
<when >2025-06-26T16:22:22.389Z</when>
<when >2025-06-26T16:22:23.189Z</when>
<when >2025-06-26T16:22:23.979Z</when>
<when >2025-06-26T16:22:25.769Z</when>
<when >2025-06-26T16:22:27.659Z</when>
<when >2025-06-26T16:22:27.659Z</when>
<when >2025-06-26T16:22:32.599Z</when>
<when >2025-06-26T16:22:32.599Z</when>
<gx:coord >-0.369081 51.874523 0</gx:coord>
<gx:coord >-0.370751 51.874237 0</gx:coord>
<gx:coord >-0.371437 51.874113 0</gx:coord>
<gx:coord >-0.372086 51.874008 0</gx:coord>
<gx:coord >-0.373611 51.873741 0</gx:coord>
<gx:coord >-0.374574 51.873573 0</gx:coord>
<gx:coord >-0.374851 51.873519 0</gx:coord>
<gx:coord >-0.375576 51.873391 0</gx:coord>
<gx:coord >-0.3759 51.873345 0</gx:coord>
<gx:coord >-0.376115 51.873299 0</gx:coord>
<gx:coord >-0.377005 51.873699 0</gx:coord>
<gx:coord >-0.376987 51.873814 0</gx:coord>
<gx:coord >-0.37693 51.87388 0</gx:coord>
<gx:coord >-0.376653 51.874088 0</gx:coord>
<gx:coord >-0.376549 51.874148 0</gx:coord>
<gx:coord >-0.376377 51.874241 0</gx:coord>
<gx:coord >-0.375929 51.874523 0</gx:coord>
<gx:coord >-0.375502 51.874763 0</gx:coord>
<gx:coord >-0.375038 51.87505 0</gx:coord>
<gx:coord >-0.374908 51.875137 0</gx:coord>
<gx:coord >-0.37468 51.87537 0</gx:coord>
<gx:coord >-0.374612 51.875473 0</gx:coord>
<gx:coord >-0.374527 51.875719 0</gx:coord>
<gx:coord >-0.374546 51.876091 0</gx:coord>
<gx:coord >-0.374556 51.876183 0</gx:coord>
<gx:coord >-0.37466 51.876382 0</gx:coord>
<gx:coord >-0.374775 51.876545 0</gx:coord>
<gx:coord >-0.374853 51.876617 0</gx:coord>
<gx:coord >-0.375317 51.876904 0</gx:coord>
<gx:coord >-0.376034 51.877127 0</gx:coord>
<gx:coord >-0.376663 51.877302 0</gx:coord>
<gx:coord >-0.377274 51.877476 0</gx:coord>
<gx:coord >-0.378305 51.877785 0</gx:coord>
<gx:coord >-0.378917 51.877956 0</gx:coord>
<gx:coord >-0.378917 51.877956 0</gx:coord>
<gx:coord >-0.379925 51.879641 0</gx:coord>
<gx:coord >-0.379181 51.880281 0</gx:coord>
<gx:coord >-0.377808 51.881305 0</gx:coord>
<gx:coord >-0.377502 51.881468 0</gx:coord>
<gx:coord >-0.375671 51.882143 0</gx:coord>
<gx:coord >-0.374374 51.88198 0</gx:coord>
<gx:coord >-0.374203 51.88155 0</gx:coord>
<gx:coord >-0.374165 51.881491 0</gx:coord>
<gx:coord >-0.37411 51.881435 0</gx:coord>
<gx:coord >-0.374352 51.881905 0</gx:coord>
<gx:coord >-0.374393 51.881934 0</gx:coord>
<gx:coord >-0.374444 51.881962 0</gx:coord>
<gx:coord >-0.37502 51.882099 0</gx:coord>
<gx:coord >-0.375023 51.882097 0</gx:coord>
<gx:coord >-0.373517 51.882271 0</gx:coord>
<gx:coord >-0.373268 51.882329 0</gx:coord>
<gx:coord >-0.372941 51.882397 0</gx:coord>
<gx:coord >-0.372366 51.882236 0</gx:coord>
<gx:coord >-0.372314 51.882178 0</gx:coord>
<gx:coord >-0.372257 51.882108 0</gx:coord>
<gx:coord >-0.372236 51.88203 0</gx:coord>
<gx:coord >-0.3722 51.881934 0</gx:coord>
<gx:coord >-0.372086 51.881713 0</gx:coord>
<gx:coord >-0.371976 51.881516 0</gx:coord>
<gx:coord >-0.371895 51.881375 0</gx:coord>
<gx:coord >-0.371679 51.880932 0</gx:coord>
<gx:coord >-0.371532 51.880654 0</gx:coord>
<gx:coord >-0.371345 51.880302 0</gx:coord>
<gx:coord >-0.371132 51.879932 0</gx:coord>
<gx:coord >-0.370998 51.879641 0</gx:coord>
<gx:coord >-0.370827 51.879327 0</gx:coord>
<gx:coord >-0.370677 51.879066 0</gx:coord>
<gx:coord >-0.370547 51.878826 0</gx:coord>
<gx:coord >-0.370473 51.878689 0</gx:coord>
<gx:coord >-0.370288 51.878345 0</gx:coord>
<gx:coord >-0.370235 51.878244 0</gx:coord>
<gx:coord >-0.370158 51.878094 0</gx:coord>
<gx:coord >-0.37012 51.878025 0</gx:coord>
<gx:coord >-0.370046 51.877876 0</gx:coord>
<gx:coord >-0.369968 51.877732 0</gx:coord>
<gx:coord >-0.369842 51.87751 0</gx:coord>
<gx:coord >-0.369759 51.877337 0</gx:coord>
<gx:coord >-0.369625 51.877092 0</gx:coord>
<gx:coord >-0.369415 51.876685 0</gx:coord>
<gx:coord >-0.369248 51.876549 0</gx:coord>
<gx:coord >-0.369174 51.876514 0</gx:coord>
<gx:coord >-0.3691 51.876492 0</gx:coord>
<gx:coord >-0.369044 51.876492 0</gx:coord>
<gx:coord >-0.368748 51.876475 0</gx:coord>
<gx:coord >-0.36871 51.87648 0</gx:coord>
<gx:coord >-0.368562 51.876503 0</gx:coord>
<gx:coord >-0.368347 51.876545 0</gx:coord>
<gx:coord >-0.367912 51.876617 0</gx:coord>
<gx:coord >-0.367318 51.87672 0</gx:coord>
<gx:coord >-0.366993 51.876778 0</gx:coord>
<gx:coord >-0.366383 51.876883 0</gx:coord>
<gx:coord >-0.365753 51.876988 0</gx:coord>
<gx:coord >-0.365277 51.877075 0</gx:coord>
<gx:coord >-0.364943 51.877132 0</gx:coord>
<gx:coord >-0.364312 51.877235 0</gx:coord>
<gx:coord >-0.363811 51.877327 0</gx:coord>
<gx:coord >-0.363369 51.877406 0</gx:coord>
<gx:coord >-0.362854 51.877488 0</gx:coord>
<gx:coord >-0.362587 51.877535 0</gx:coord>
<gx:coord >-0.362301 51.877581 0</gx:coord>
<gx:coord >-0.36211 51.877616 0</gx:coord>
<gx:coord >-0.361729 51.877686 0</gx:coord>
<gx:coord >-0.361305 51.877762 0</gx:coord>
<gx:coord >-0.361027 51.877808 0</gx:coord>
<gx:coord >-0.360813 51.877849 0</gx:coord>
<gx:coord >-0.360565 51.877872 0</gx:coord>
<gx:coord >-0.360378 51.877865 0</gx:coord>
<gx:coord >-0.36026 51.87786 0</gx:coord>
<gx:coord >-0.360146 51.877849 0</gx:coord>
<gx:coord >-0.359936 51.877791 0</gx:coord>
<gx:coord >-0.359784 51.877739 0</gx:coord>
<gx:coord >-0.359688 51.877674 0</gx:coord>
<gx:coord >-0.359554 51.877558 0</gx:coord>
<gx:coord >-0.359516 51.877511 0</gx:coord>
<gx:coord >-0.359497 51.877453 0</gx:coord>
<gx:coord >-0.359468 51.877407 0</gx:coord>
<gx:coord >-0.359478 51.877406 0</gx:coord>
<gx:coord >-0.359468 51.877407 0</gx:coord>
<gx:coord >-0.359478 51.877406 0</gx:coord>
<gx:coord >-0.359468 51.877407 0</gx:coord>
<gx:coord >-0.359478 51.877406 0</gx:coord>
<gx:coord >-0.359478 51.877406 0</gx:coord>
<gx:coord >-0.359468 51.877407 0</gx:coord>
<gx:coord >-0.359478 51.877395 0</gx:coord>
<gx:coord >-0.35945 51.877361 0</gx:coord>
<gx:coord >-0.359421 51.877302 0</gx:coord>
<gx:coord >-0.359364 51.877185 0</gx:coord>
<gx:coord >-0.359264 51.876972 0</gx:coord>
<gx:coord >-0.359116 51.87664 0</gx:coord>
<gx:coord >-0.359041 51.876537 0</gx:coord>
<gx:coord >-0.358963 51.876475 0</gx:coord>
<gx:coord >-0.358944 51.876452 0</gx:coord>
<gx:coord >-0.358689 51.876366 0</gx:coord>
<gx:coord >-0.358429 51.876366 0</gx:coord>
<gx:coord >-0.358318 51.876377 0</gx:coord>
<gx:coord >-0.358206 51.8764 0</gx:coord>
<gx:coord >-0.357971 51.876452 0</gx:coord>
<gx:coord >-0.357668 51.876503 0</gx:coord>
<gx:coord >-0.357056 51.876615 0</gx:coord>
<gx:coord >-0.356617 51.876697 0</gx:coord>
<gx:coord >-0.355979 51.876812 0</gx:coord>
<gx:coord >-0.355434 51.876906 0</gx:coord>
<gx:coord >-0.354786 51.877011 0</gx:coord>
<gx:coord >-0.354633 51.877034 0</gx:coord>
<gx:coord >-0.354424 51.877022 0</gx:coord>
<gx:coord >-0.354049 51.876972 0</gx:coord>
<gx:coord >-0.353832 51.876941 0</gx:coord>
<gx:coord >-0.353699 51.876941 0</gx:coord>
<gx:coord >-0.353603 51.876964 0</gx:coord>
<gx:coord >-0.35353 51.877018 0</gx:coord>
<gx:coord >-0.353493 51.877052 0</gx:coord>
<gx:coord >-0.35347 51.877069 0</gx:coord>
<gx:coord >-0.353455 51.877132 0</gx:coord>
<gx:coord >-0.353548 51.877258 0</gx:coord>
<gx:coord >-0.353661 51.87729 0</gx:coord>
<gx:coord >-0.353813 51.877278 0</gx:coord>
<gx:coord >-0.353928 51.877244 0</gx:coord>
<gx:coord >-0.353956 51.877224 0</gx:coord>
<gx:coord >-0.354023 51.877185 0</gx:coord>
<gx:coord >-0.354068 51.877144 0</gx:coord>
<gx:coord >-0.354272 51.877098 0</gx:coord>
<gx:coord >-0.354476 51.877064 0</gx:coord>
<gx:coord >-0.354557 51.877046 0</gx:coord>
<gx:coord >-0.354699 51.877029 0</gx:coord>
<gx:coord >-0.354847 51.876995 0</gx:coord>
<gx:coord >-0.355014 51.876972 0</gx:coord>
<gx:coord >-0.355282 51.876918 0</gx:coord>
<gx:coord >-0.355625 51.87686 0</gx:coord>
<gx:coord >-0.355775 51.876835 0</gx:coord>
<gx:coord >-0.356236 51.876755 0</gx:coord>
<gx:coord >-0.356731 51.876673 0</gx:coord>
<gx:coord >-0.356963 51.876629 0</gx:coord>
<gx:coord >-0.358677 51.876336 0</gx:coord>
<gx:coord >-0.358677 51.876336 0</gx:coord>
</gx:Track>
</Placemark>
<Placemark ><name >HA-LVJ</name>
<Style ><LineStyle ><color >ff1c1ae3</color>
<width >4</width>
</LineStyle>
<IconStyle ><Icon ><href >http://maps.google.com/mapfiles/kml/shapes/airports.png</href>
</Icon>
</IconStyle>
</Style>
<gx:Track ><altitudeMode >absolute</altitudeMode>
<extrude >1</extrude>
<when >2025-06-26T16:22:39.769Z</when>
<when >2025-06-26T16:22:45.069Z</when>
<when >2025-06-26T16:22:48.189Z</when>
<when >2025-06-26T16:22:50.149Z</when>
<when >2025-06-26T16:22:53.729Z</when>
<when >2025-06-26T16:22:53.729Z</when>
<when >2025-06-26T16:22:55.629Z</when>
<when >2025-06-26T16:22:59.339Z</when>
<when >2025-06-26T16:23:02.389Z</when>
<when >2025-06-26T16:23:04.239Z</when>
<when >2025-06-26T16:23:07.309Z</when>
<when >2025-06-26T16:23:09.049Z</when>
<when >2025-06-26T16:23:11.759Z</when>
<when >2025-06-26T16:23:14.049Z</when>
<when >2025-06-26T16:23:15.919Z</when>
<when >2025-06-26T16:23:18.399Z</when>
<when >2025-06-26T16:23:20.319Z</when>
<when >2025-06-26T16:23:22.509Z</when>
<when >2025-06-26T16:23:23.939Z</when>
<when >2025-06-26T16:23:27.829Z</when>
<when >2025-06-26T16:23:31.329Z</when>
<when >2025-06-26T16:23:36.249Z</when>
<when >2025-06-26T16:23:38.019Z</when>
<when >2025-06-26T16:23:39.339Z</when>
<when >2025-06-26T16:23:43.249Z</when>
<when >2025-06-26T16:23:46.059Z</when>
<when >2025-06-26T16:23:48.759Z</when>
<when >2025-06-26T16:23:53.889Z</when>
<when >2025-06-26T16:23:59.309Z</when>
<when >2025-06-26T16:24:04.468Z</when>
<when >2025-06-26T16:24:08.299Z</when>
<when >2025-06-26T16:24:12.229Z</when>
<when >2025-06-26T16:24:16.639Z</when>
<when >2025-06-26T16:24:20.089Z</when>
<when >2025-06-26T16:24:23.829Z</when>
<when >2025-06-26T16:24:26.489Z</when>
<when >2025-06-26T16:24:28.809Z</when>
<when >2025-06-26T16:24:33.049Z</when>
<when >2025-06-26T16:24:34.549Z</when>
<when >2025-06-26T16:24:37.869Z</when>
<when >2025-06-26T16:24:40.249Z</when>
<when >2025-06-26T16:24:42.879Z</when>
<when >2025-06-26T16:24:45.389Z</when>
<when >2025-06-26T16:24:48.218Z</when>
<when >2025-06-26T16:24:49.299Z</when>
<when >2025-06-26T16:24:52.649Z</when>
<when >2025-06-26T16:24:55.689Z</when>
<when >2025-06-26T16:24:59.109Z</when>
<when >2025-06-26T16:25:02.779Z</when>
<when >2025-06-26T16:25:04.789Z</when>
<when >2025-06-26T16:25:07.549Z</when>
<when >2025-06-26T16:25:10.809Z</when>
<when >2025-06-26T16:25:12.899Z</when>
<when >2025-06-26T16:25:15.429Z</when>
<when >2025-06-26T16:25:18.708Z</when>
<when >2025-06-26T16:25:22.299Z</when>
<when >2025-06-26T16:25:25.809Z</when>
<when >2025-06-26T16:25:30.549Z</when>
<when >2025-06-26T16:25:33.679Z</when>
<when >2025-06-26T16:25:36.299Z</when>
<when >2025-06-26T16:25:38.419Z</when>
<when >2025-06-26T16:25:41.069Z</when>
<when >2025-06-26T16:25:43.958Z</when>
<when >2025-06-26T16:25:46.269Z</when>
<when >2025-06-26T16:25:51.069Z</when>
<when >2025-06-26T16:25:55.079Z</when>
<when >2025-06-26T16:25:59.329Z</when>
<when >2025-06-26T16:26:03.129Z</when>
<when >2025-06-26T16:26:05.579Z</when>
<when >2025-06-26T16:26:08.749Z</when>
<when >2025-06-26T16:26:10.769Z</when>
<when >2025-06-26T16:26:13.799Z</when>
<when >2025-06-26T16:26:17.029Z</when>
<when >2025-06-26T16:26:20.099Z</when>
<when >2025-06-26T16:26:24.289Z</when>
<when >2025-06-26T16:26:26.239Z</when>
<when >2025-06-26T16:26:29.649Z</when>
<when >2025-06-26T16:26:30.639Z</when>
<when >2025-06-26T16:26:34.269Z</when>
<when >2025-06-26T16:26:35.159Z</when>
<when >2025-06-26T16:26:35.729Z</when>
<when >2025-06-26T16:26:38.359Z</when>
<when >2025-06-26T16:26:40.329Z</when>
<when >2025-06-26T16:26:42.359Z</when>
<when >2025-06-26T16:26:44.539Z</when>
<when >2025-06-26T16:26:46.829Z</when>
<when >2025-06-26T16:26:49.629Z</when>
<when >2025-06-26T16:26:52.049Z</when>
<when >2025-06-26T16:26:56.589Z</when>
<when >2025-06-26T16:27:00.689Z</when>
<when >2025-06-26T16:27:05.339Z</when>
<when >2025-06-26T16:27:09.789Z</when>
<when >2025-06-26T16:27:11.599Z</when>
<when >2025-06-26T16:27:15.249Z</when>
<when >2025-06-26T16:27:21.119Z</when>
<when >2025-06-26T16:27:28.639Z</when>
<when >2025-06-26T16:27:36.509Z</when>
<when >2025-06-26T16:27:44.929Z</when>
<when >2025-06-26T16:27:54.029Z</when>
<when >2025-06-26T16:27:58.689Z</when>
<when >2025-06-26T16:28:02.189Z</when>
<when >2025-06-26T16:28:06.409Z</when>
<when >2025-06-26T16:28:11.299Z</when>
<when >2025-06-26T16:28:16.419Z</when>
<when >2025-06-26T16:28:21.379Z</when>
<when >2025-06-26T16:28:25.609Z</when>
<when >2025-06-26T16:28:29.958Z</when>
<when >2025-06-26T16:28:34.339Z</when>
<when >2025-06-26T16:28:39.919Z</when>
<when >2025-06-26T16:28:44.839Z</when>
<when >2025-06-26T16:28:47.249Z</when>
<when >2025-06-26T16:28:55.759Z</when>
<when >2025-06-26T16:29:04.789Z</when>
<when >2025-06-26T16:29:12.439Z</when>
<when >2025-06-26T16:29:22.509Z</when>
<when >2025-06-26T16:29:26.708Z</when>
<when >2025-06-26T16:29:32.649Z</when>
<when >2025-06-26T16:29:37.649Z</when>
<when >2025-06-26T16:29:42.718Z</when>
<when >2025-06-26T16:29:47.259Z</when>
<when >2025-06-26T16:29:52.109Z</when>
<when >2025-06-26T16:29:58.749Z</when>
<when >2025-06-26T16:30:07.718Z</when>
<when >2025-06-26T16:30:17.859Z</when>
<when >2025-06-26T16:30:28.499Z</when>
<when >2025-06-26T16:30:37.879Z</when>
<when >2025-06-26T16:30:47.829Z</when>
<when >2025-06-26T16:30:58.089Z</when>
<when >2025-06-26T16:31:07.999Z</when>
<when >2025-06-26T16:31:17.599Z</when>
<when >2025-06-26T16:31:28.609Z</when>
<when >2025-06-26T16:31:39.299Z</when>
<when >2025-06-26T16:31:49.399Z</when>
<when >2025-06-26T16:31:57.989Z</when>
<when >2025-06-26T16:32:09.799Z</when>
<when >2025-06-26T16:32:21.569Z</when>
<when >2025-06-26T16:32:33.319Z</when>
<when >2025-06-26T16:32:44.919Z</when>
<when >2025-06-26T16:32:53.869Z</when>
<when >2025-06-26T16:33:03.239Z</when>
<when >2025-06-26T16:33:15.148Z</when>
<when >2025-06-26T16:33:26.648Z</when>
<when >2025-06-26T16:33:38.348Z</when>
<when >2025-06-26T16:33:50.128Z</when>
<when >2025-06-26T16:34:02.498Z</when>
<when >2025-06-26T16:34:15.648Z</when>
<when >2025-06-26T16:34:28.988Z</when>
<when >2025-06-26T16:34:41.438Z</when>
<when >2025-06-26T16:34:57.558Z</when>
<when >2025-06-26T16:35:13.168Z</when>
<when >2025-06-26T16:35:27.958Z</when>
<when >2025-06-26T16:35:43.888Z</when>
<when >2025-06-26T16:35:53.958Z</when>
<when >2025-06-26T16:36:06.488Z</when>
<when >2025-06-26T16:36:20.718Z</when>
<when >2025-06-26T16:36:34.758Z</when>
<when >2025-06-26T16:36:49.378Z</when>
<when >2025-06-26T16:37:04.858Z</when>
<when >2025-06-26T16:37:19.238Z</when>
<when >2025-06-26T16:37:33.898Z</when>
<when >2025-06-26T16:37:46.338Z</when>
<when >2025-06-26T16:37:56.828Z</when>
<when >2025-06-26T16:38:11.418Z</when>
<when >2025-06-26T16:38:25.688Z</when>
<when >2025-06-26T16:38:39.458Z</when>
<when >2025-06-26T16:38:55.938Z</when>
<when >2025-06-26T16:39:11.728Z</when>
<when >2025-06-26T16:39:30.868Z</when>
<when >2025-06-26T16:39:47.568Z</when>
<when >2025-06-26T16:40:01.728Z</when>
<when >2025-06-26T16:40:13.158Z</when>
<when >2025-06-26T16:40:30.388Z</when>
<when >2025-06-26T16:40:46.368Z</when>
<when >2025-06-26T16:41:02.688Z</when>
<when >2025-06-26T16:41:16.698Z</when>
<when >2025-06-26T16:41:27.428Z</when>
<when >2025-06-26T16:41:45.308Z</when>
<when >2025-06-26T16:42:04.998Z</when>
<when >2025-06-26T16:42:11.668Z</when>
<when >2025-06-26T16:42:23.528Z</when>
<when >2025-06-26T16:42:30.838Z</when>
<when >2025-06-26T16:42:37.478Z</when>
<when >2025-06-26T16:42:44.538Z</when>
<when >2025-06-26T16:42:46.998Z</when>
<when >2025-06-26T16:43:00.138Z</when>
<when >2025-06-26T16:43:13.668Z</when>
<when >2025-06-26T16:43:27.398Z</when>
<when >2025-06-26T16:43:42.038Z</when>
<when >2025-06-26T16:43:57.098Z</when>
<when >2025-06-26T16:44:13.448Z</when>
<when >2025-06-26T16:44:29.138Z</when>
<when >2025-06-26T16:44:45.438Z</when>
<when >2025-06-26T16:45:01.118Z</when>
<when >2025-06-26T16:45:17.158Z</when>
<when >2025-06-26T16:45:30.408Z</when>
<when >2025-06-26T16:45:38.648Z</when>
<when >2025-06-26T16:45:58.268Z</when>
<when >2025-06-26T16:46:18.258Z</when>
<when >2025-06-26T16:46:37.578Z</when>
<when >2025-06-26T16:46:44.458Z</when>
<when >2025-06-26T16:46:59.548Z</when>
<when >2025-06-26T16:47:15.798Z</when>
<when >2025-06-26T16:47:32.748Z</when>
<when >2025-06-26T16:47:49.108Z</when>
<when >2025-06-26T16:48:03.728Z</when>
<when >2025-06-26T16:48:18.678Z</when>
<when >2025-06-26T16:48:37.598Z</when>
<when >2025-06-26T16:48:47.568Z</when>
<when >2025-06-26T16:49:06.948Z</when>
<when >2025-06-26T16:49:26.828Z</when>
<when >2025-06-26T16:49:46.438Z</when>
<when >2025-06-26T16:49:46.438Z</when>
<gx:coord >-0.364479 51.875336 166</gx:coord>
<gx:coord >-0.368933 51.874557 166</gx:coord>
<gx:coord >-0.373001 51.873857 159</gx:coord>
<gx:coord >-0.37468 51.873578 166</gx:coord>
<gx:coord >-0.377395 51.873093 197</gx:coord>
<gx:coord >-0.37796 51.873019 197</gx:coord>
<gx:coord >-0.380783 51.872507 204</gx:coord>
<gx:coord >-0.384002 51.871948 243</gx:coord>
<gx:coord >-0.386887 51.87139 281</gx:coord>
<gx:coord >-0.389709 51.870878 319</gx:coord>
<gx:coord >-0.393132 51.8703 342</gx:coord>
<gx:coord >-0.395432 51.8699 380</gx:coord>
<gx:coord >-0.398254 51.869295 418</gx:coord>
<gx:coord >-0.40062 51.868643 441</gx:coord>
<gx:coord >-0.402411 51.868011 464</gx:coord>
<gx:coord >-0.404816 51.867014 494</gx:coord>
<gx:coord >-0.406568 51.866089 525</gx:coord>
<gx:coord >-0.408325 51.865059 540</gx:coord>
<gx:coord >-0.409241 51.864441 563</gx:coord>
<gx:coord >-0.412655 51.862152 585</gx:coord>
<gx:coord >-0.415476 51.860092 624</gx:coord>
<gx:coord >-0.419262 51.857346 654</gx:coord>
<gx:coord >-0.420761 51.856074 662</gx:coord>
<gx:coord >-0.421637 51.855377 662</gx:coord>
<gx:coord >-0.424607 51.852631 700</gx:coord>
<gx:coord >-0.426834 51.850525 707</gx:coord>
<gx:coord >-0.428848 51.848439 723</gx:coord>
<gx:coord >-0.432434 51.844762 761</gx:coord>
<gx:coord >-0.436335 51.840683 791</gx:coord>
<gx:coord >-0.44014 51.836708 822</gx:coord>
<gx:coord >-0.442734 51.834008 852</gx:coord>
<gx:coord >-0.445633 51.830982 875</gx:coord>
<gx:coord >-0.448584 51.827682 913</gx:coord>
<gx:coord >-0.450588 51.82489 936</gx:coord>
<gx:coord >-0.452271 51.821532 966</gx:coord>
<gx:coord >-0.453112 51.819168 982</gx:coord>
<gx:coord >-0.453631 51.817017 1005</gx:coord>
<gx:coord >-0.453873 51.813292 1035</gx:coord>
<gx:coord >-0.453796 51.811756 1043</gx:coord>
<gx:coord >-0.453186 51.808594 1073</gx:coord>
<gx:coord >-0.452295 51.806122 1088</gx:coord>
<gx:coord >-0.451108 51.80365 1111</gx:coord>
<gx:coord >-0.449697 51.801407 1126</gx:coord>
<gx:coord >-0.447619 51.798843 1149</gx:coord>
<gx:coord >-0.446728 51.797882 1157</gx:coord>
<gx:coord >-0.443573 51.794997 1187</gx:coord>
<gx:coord >-0.440195 51.792526 1210</gx:coord>
<gx:coord >-0.436096 51.790109 1226</gx:coord>
<gx:coord >-0.431213 51.787857 1256</gx:coord>
<gx:coord >-0.428162 51.786758 1271</gx:coord>
<gx:coord >-0.423431 51.785315 1302</gx:coord>
<gx:coord >-0.418015 51.784104 1325</gx:coord>
<gx:coord >-0.414585 51.783554 1340</gx:coord>
<gx:coord >-0.410057 51.783005 1355</gx:coord>
<gx:coord >-0.404205 51.782708 1386</gx:coord>
<gx:coord >-0.397661 51.782593 1416</gx:coord>
<gx:coord >-0.391351 51.782593 1439</gx:coord>
<gx:coord >-0.382538 51.782661 1477</gx:coord>
<gx:coord >-0.376892 51.782708 1507</gx:coord>
<gx:coord >-0.371933 51.782754 1530</gx:coord>
<gx:coord >-0.36819 51.782776 1561</gx:coord>
<gx:coord >-0.363365 51.782822 1591</gx:coord>
<gx:coord >-0.358047 51.782847 1622</gx:coord>
<gx:coord >-0.353775 51.782847 1652</gx:coord>
<gx:coord >-0.344436 51.782822 1675</gx:coord>
<gx:coord >-0.337013 51.78273 1706</gx:coord>
<gx:coord >-0.328903 51.782428 1728</gx:coord>
<gx:coord >-0.320979 51.781815 1751</gx:coord>
<gx:coord >-0.316822 51.781357 1759</gx:coord>
<gx:coord >-0.309547 51.780441 1790</gx:coord>
<gx:coord >-0.305481 51.779868 1806</gx:coord>
<gx:coord >-0.299225 51.778937 1829</gx:coord>
<gx:coord >-0.292664 51.777913 1844</gx:coord>
<gx:coord >-0.286331 51.776935 1859</gx:coord>
<gx:coord >-0.277481 51.775585 1882</gx:coord>
<gx:coord >-0.273174 51.774902 1889</gx:coord>
<gx:coord >-0.265579 51.773723 1905</gx:coord>
<gx:coord >-0.263375 51.773346 1912</gx:coord>
<gx:coord >-0.255432 51.772094 1943</gx:coord>
<gx:coord >-0.253143 51.771721 1950</gx:coord>
<gx:coord >-0.252166 51.771561 1958</gx:coord>
<gx:coord >-0.245895 51.770604 1989</gx:coord>
<gx:coord >-0.24147 51.769906 2019</gx:coord>
<gx:coord >-0.2368 51.76918 2050</gx:coord>
<gx:coord >-0.232049 51.768448 2080</gx:coord>
<gx:coord >-0.226669 51.767625 2110</gx:coord>
<gx:coord >-0.22032 51.766663 2141</gx:coord>
<gx:coord >-0.214679 51.765884 2164</gx:coord>
<gx:coord >-0.204212 51.764648 2194</gx:coord>
<gx:coord >-0.194473 51.763947 2225</gx:coord>
<gx:coord >-0.183258 51.763854 2255</gx:coord>
<gx:coord >-0.172501 51.764552 2286</gx:coord>
<gx:coord >-0.168152 51.765064 2301</gx:coord>
<gx:coord >-0.159607 51.766321 2331</gx:coord>
<gx:coord >-0.146088 51.768723 2392</gx:coord>
<gx:coord >-0.129089 51.772001 2453</gx:coord>
<gx:coord >-0.111847 51.775306 2507</gx:coord>
<gx:coord >-0.091528 51.779205 2560</gx:coord>
<gx:coord >-0.070724 51.78322 2606</gx:coord>
<gx:coord >-0.059979 51.785339 2636</gx:coord>
<gx:coord >-0.052338 51.786804 2667</gx:coord>
<gx:coord >-0.042312 51.788818 2712</gx:coord>
<gx:coord >-0.030823 51.79104 2781</gx:coord>
<gx:coord >-0.019003 51.793442 2842</gx:coord>
<gx:coord >-0.007646 51.795731 2911</gx:coord>
<gx:coord >0.002153 51.797745 2956</gx:coord>
<gx:coord >0.012283 51.799839 3032</gx:coord>
<gx:coord >0.022121 51.801819 3078</gx:coord>
<gx:coord >0.035334 51.804474 3147</gx:coord>
<gx:coord >0.047212 51.806854 3200</gx:coord>
<gx:coord >0.052853 51.807953 3223</gx:coord>
<gx:coord >0.073624 51.812129 3269</gx:coord>
<gx:coord >0.096279 51.816696 3314</gx:coord>
<gx:coord >0.115876 51.820633 3353</gx:coord>
<gx:coord >0.142006 51.825943 3391</gx:coord>
<gx:coord >0.153437 51.828323 3429</gx:coord>
<gx:coord >0.16922 51.831681 3482</gx:coord>
<gx:coord >0.183029 51.834613 3543</gx:coord>
<gx:coord >0.196609 51.837453 3619</gx:coord>
<gx:coord >0.209045 51.839874 3665</gx:coord>
<gx:coord >0.222473 51.842102 3741</gx:coord>
<gx:coord >0.241013 51.844715 3825</gx:coord>
<gx:coord >0.266344 51.847549 3932</gx:coord>
<gx:coord >0.295715 51.850581 4054</gx:coord>
<gx:coord >0.325878 51.853729 4191</gx:coord>
<gx:coord >0.353165 51.856586 4313</gx:coord>
<gx:coord >0.382385 51.859565 4442</gx:coord>
<gx:coord >0.412284 51.862564 4572</gx:coord>
<gx:coord >0.440715 51.865402 4686</gx:coord>
<gx:coord >0.469666 51.868469 4808</gx:coord>
<gx:coord >0.501585 51.87204 4945</gx:coord>
<gx:coord >0.533524 51.875393 5052</gx:coord>
<gx:coord >0.562752 51.878311 5181</gx:coord>
<gx:coord >0.588455 51.880793 5280</gx:coord>
<gx:coord >0.623548 51.884125 5395</gx:coord>
<gx:coord >0.659328 51.887466 5509</gx:coord>
<gx:coord >0.694885 51.890709 5623</gx:coord>
<gx:coord >0.730355 51.894107 5753</gx:coord>
<gx:coord >0.757599 51.897308 5838</gx:coord>
<gx:coord >0.785209 51.901136 5929</gx:coord>
<gx:coord >0.821609 51.906509 6043</gx:coord>
<gx:coord >0.856857 51.911728 6150</gx:coord>
<gx:coord >0.892868 51.916946 6272</gx:coord>
<gx:coord >0.928955 51.922119 6394</gx:coord>
<gx:coord >0.96664 51.927485 6501</gx:coord>
<gx:coord >1.007839 51.933304 6607</gx:coord>
<gx:coord >1.047625 51.938937 6699</gx:coord>
<gx:coord >1.08749 51.94457 6813</gx:coord>
<gx:coord >1.138576 51.951739 6897</gx:coord>
<gx:coord >1.187779 51.958535 6981</gx:coord>
<gx:coord >1.234283 51.965195 7064</gx:coord>
<gx:coord >1.284943 51.97261 7156</gx:coord>
<gx:coord >1.317902 51.977463 7224</gx:coord>
<gx:coord >1.358146 51.983301 7324</gx:coord>
<gx:coord >1.404648 51.989914 7423</gx:coord>
<gx:coord >1.447449 51.995911 7506</gx:coord>
<gx:coord >1.499163 52.003039 7605</gx:coord>
<gx:coord >1.55014 52.010056 7689</gx:coord>
<gx:coord >1.598969 52.016785 7781</gx:coord>
<gx:coord >1.647186 52.023468 7865</gx:coord>
<gx:coord >1.690325 52.029481 7979</gx:coord>
<gx:coord >1.725235 52.034317 8047</gx:coord>
<gx:coord >1.775055 52.041229 8131</gx:coord>
<gx:coord >1.823495 52.047916 8223</gx:coord>
<gx:coord >1.869507 52.054184 8307</gx:coord>
<gx:coord >1.927872 52.062012 8390</gx:coord>
<gx:coord >1.982651 52.06929 8474</gx:coord>
<gx:coord >2.049735 52.078221 8544</gx:coord>
<gx:coord >2.108669 52.086228 8620</gx:coord>
<gx:coord >2.157745 52.092957 8704</gx:coord>
<gx:coord >2.199554 52.098633 8780</gx:coord>
<gx:coord >2.260829 52.106804 8856</gx:coord>
<gx:coord >2.318821 52.114579 8940</gx:coord>
<gx:coord >2.377701 52.122391 9016</gx:coord>
<gx:coord >2.428894 52.129166 9054</gx:coord>
<gx:coord >2.468796 52.134293 9077</gx:coord>
<gx:coord >2.535174 52.142743 9146</gx:coord>
<gx:coord >2.608566 52.152191 9214</gx:coord>
<gx:coord >2.63382 52.155396 9252</gx:coord>
<gx:coord >2.678624 52.160758 9329</gx:coord>
<gx:coord >2.706482 52.163179 9359</gx:coord>
<gx:coord >2.729946 52.164529 9374</gx:coord>
<gx:coord >2.759018 52.165329 9405</gx:coord>
<gx:coord >2.769241 52.165466 9428</gx:coord>
<gx:coord >2.820033 52.165972 9527</gx:coord>
<gx:coord >2.87262 52.166611 9618</gx:coord>
<gx:coord >2.925502 52.167415 9717</gx:coord>
<gx:coord >2.982239 52.168393 9809</gx:coord>
<gx:coord >3.039995 52.169324 9892</gx:coord>
<gx:coord >3.102798 52.170364 9969</gx:coord>
<gx:coord >3.162994 52.171371 10053</gx:coord>
<gx:coord >3.225272 52.172303 10129</gx:coord>
<gx:coord >3.285383 52.173188 10220</gx:coord>
<gx:coord >3.346329 52.174072 10296</gx:coord>
<gx:coord >3.39592 52.174759 10350</gx:coord>
<gx:coord >3.427124 52.175217 10365</gx:coord>
<gx:coord >3.499603 52.176178 10365</gx:coord>
<gx:coord >3.573225 52.177098 10365</gx:coord>
<gx:coord >3.645499 52.178029 10373</gx:coord>
<gx:coord >3.671036 52.178375 10388</gx:coord>
<gx:coord >3.727036 52.179199 10472</gx:coord>
<gx:coord >3.78746 52.179977 10556</gx:coord>
<gx:coord >3.849531 52.180683 10633</gx:coord>
<gx:coord >3.909378 52.181213 10716</gx:coord>
<gx:coord >3.96065 52.181707 10800</gx:coord>
<gx:coord >4.016266 52.182175 10884</gx:coord>
<gx:coord >4.084473 52.182678 10953</gx:coord>
<gx:coord >4.120579 52.182964 10968</gx:coord>
<gx:coord >4.187988 52.183476 10976</gx:coord>
<gx:coord >4.263245 52.183988 10976</gx:coord>
<gx:coord >4.335632 52.184464 10976</gx:coord>
<gx:coord >4.335632 52.184464 10976</gx:coord>
</gx:Track>
</Placemark>
</Folder>
</Folder>
</kml>
